{
	"ID": 1,
	"name": "Alnico5",
	"conductivity": 2128000.0,
	"relPermeability": 1.0,
	"remanence": 0.0,
	"linear": false,
	"BHCurve": {
		"default": [
			[
				-8.042477193189871,
				0.0
			],
			[
				-7.916813487046279,
				25000000.0
			],
			[
				-7.791149780902687,
				48000000.0
			],
			[
				-7.665486074759095,
				62000000.0
			],
			[
				-7.5398223686155035,
				72500000.0
			],
			[
				-7.4141586624719125,
				81000000.0
			],
			[
				-7.28849495632832,
				89000000.0
			],
			[
				-7.162831250184729,
				93000000.0
			],
			[
				-7.037167544041137,
				97000000.0
			],
			[
				-6.911503837897545,
				99500000.0
			],
			[
				-6.785840131753953,
				102000000.0
			],
			[
				-6.660176425610362,
				103500000.0
			],
			[
				-6.534512719466769,
				105000000.0
			],
			[
				-6.408849013323178,
				106000000.0
			],
			[
				-6.283185307179586,
				107000000.0
			],
			[
				-6.157521601035994,
				108000000.0
			],
			[
				-6.031857894892402,
				109000000.0
			],
			[
				-5.654866776461628,
				111000000.0
			],
			[
				-5.026548245743669,
				114000000.0
			],
			[
				-4.39822971502571,
				116000000.0
			],
			[
				-3.7699111843077517,
				118000000.0
			],
			[
				-3.141592653589793,
				120000000.0
			],
			[
				-2.5132741228718345,
				121500000.0
			],
			[
				-1.8849555921538759,
				123000000.0
			],
			[
				-1.2566370614359172,
				124500000.0
			],
			[
				0.0,
				126000000.0
			]
		]
	}
}
