{
	"ID": 6,
	"name": "M250_35A_0060Hz",
	"conductivity": 0.0,
	"relPermeability": 1.0,
	"remanence": 0.0,
	"linear": false,
	"BHCurve": {
		"default": [
			[
				0.0,
				0.0
			],
			[
				16.0,
				0.152945
			],
			[
				31.0,
				0.321545
			],
			[
				46.0,
				0.493962
			],
			[
				61.0,
				0.658359
			],
			[
				76.0,
				0.802899
			],
			[
				81.0,
				0.844621
			],
			[
				86.0,
				0.882383
			],
			[
				91.0,
				0.915746
			],
			[
				96.0,
				0.944272
			],
			[
				101.0,
				0.967523
			],
			[
				106.0,
				0.985061
			],
			[
				121.0,
				1.0059
			],
			[
				136.0,
				1.01808
			],
			[
				151.0,
				1.03003
			],
			[
				326.0,
				1.15406
			],
			[
				501.0,
				1.25202
			],
			[
				676.0,
				1.32744
			],
			[
				851.0,
				1.3838
			],
			[
				1026.0,
				1.42461
			],
			[
				1201.0,
				1.45338
			],
			[
				1376.0,
				1.47362
			],
			[
				1551.0,
				1.48882
			],
			[
				1726.0,
				1.50248
			],
			[
				2426.0,
				1.55454
			],
			[
				3126.0,
				1.59869
			],
			[
				3826.0,
				1.63514
			],
			[
				4526.0,
				1.66407
			],
			[
				5226.0,
				1.68567
			],
			[
				5926.0,
				1.70012
			],
			[
				6626.0,
				1.70762
			],
			[
				6959.0,
				1.7088
			]
		]
	}
}
