{
	"ID": 5,
	"name": "M250_35A_0050Hz",
	"conductivity": 0.0,
	"relPermeability": 1.0,
	"remanence": 0.0,
	"linear": false,
	"BHCurve": {
		"default": [
			[
				0.0,
				0.0
			],
			[
				4.0,
				0.0219274
			],
			[
				7.0,
				0.0449743
			],
			[
				10.0,
				0.0690876
			],
			[
				13.0,
				0.094214
			],
			[
				16.0,
				0.1203
			],
			[
				19.0,
				0.147293
			],
			[
				22.0,
				0.17514
			],
			[
				25.0,
				0.203787
			],
			[
				28.0,
				0.233181
			],
			[
				31.0,
				0.26327
			],
			[
				34.0,
				0.293999
			],
			[
				37.0,
				0.325315
			],
			[
				40.0,
				0.357166
			],
			[
				43.0,
				0.389498
			],
			[
				46.0,
				0.422259
			],
			[
				49.0,
				0.455394
			],
			[
				52.0,
				0.488851
			],
			[
				55.0,
				0.523907
			],
			[
				58.0,
				0.562523
			],
			[
				61.0,
				0.600075
			],
			[
				64.0,
				0.635021
			],
			[
				67.0,
				0.668631
			],
			[
				70.0,
				0.700087
			],
			[
				73.0,
				0.729485
			],
			[
				76.0,
				0.757374
			],
			[
				79.0,
				0.783605
			],
			[
				82.0,
				0.808086
			],
			[
				85.0,
				0.83135
			],
			[
				88.0,
				0.853489
			],
			[
				91.0,
				0.874386
			],
			[
				94.0,
				0.893926
			],
			[
				97.0,
				0.912179
			],
			[
				100.0,
				0.929658
			],
			[
				103.0,
				0.94636
			],
			[
				106.0,
				0.962234
			],
			[
				118.0,
				1.017
			],
			[
				130.0,
				1.06266
			],
			[
				142.0,
				1.10018
			],
			[
				154.0,
				1.13187
			],
			[
				166.0,
				1.16015
			],
			[
				178.0,
				1.18415
			],
			[
				190.0,
				1.20304
			],
			[
				202.0,
				1.21921
			],
			[
				214.0,
				1.23418
			],
			[
				238.0,
				1.26045
			],
			[
				262.0,
				1.28169
			],
			[
				286.0,
				1.2977
			],
			[
				310.0,
				1.30975
			],
			[
				825.0,
				1.42893
			],
			[
				1340.0,
				1.47676
			],
			[
				1855.0,
				1.51054
			],
			[
				2370.0,
				1.53994
			],
			[
				4430.0,
				1.6267
			],
			[
				6490.0,
				1.69312
			],
			[
				8550.0,
				1.74705
			],
			[
				10610.0,
				1.79291
			],
			[
				12670.0,
				1.82894
			],
			[
				14730.0,
				1.86093
			],
			[
				16790.0,
				1.8891
			],
			[
				18850.0,
				1.91188
			],
			[
				20610.0,
				1.92589
			]
		]
	}
}
