{
	"ID": 9,
	"name": "M270_50A_0100Hz",
	"conductivity": 0.0,
	"relPermeability": 0.0,
	"remanence": "no information",
	"linear": false,
	"BHCurve": {
		"default": [
			[
				0.0,
				0.0
			],
			[
				19.0,
				0.132021
			],
			[
				37.0,
				0.299345
			],
			[
				61.0,
				0.562336
			],
			[
				70.0,
				0.668635
			],
			[
				79.0,
				0.75691
			],
			[
				97.0,
				0.900121
			],
			[
				115.0,
				1.00014
			],
			[
				139.0,
				1.09143
			],
			[
				163.0,
				1.15361
			],
			[
				187.0,
				1.19878
			],
			[
				277.0,
				1.29393
			],
			[
				367.0,
				1.33708
			],
			[
				457.0,
				1.3681
			],
			[
				547.0,
				1.39012
			],
			[
				637.0,
				1.40593
			],
			[
				727.0,
				1.41941
			],
			[
				817.0,
				1.43147
			],
			[
				907.0,
				1.44225
			],
			[
				997.0,
				1.45191
			],
			[
				1087.0,
				1.46061
			],
			[
				1177.0,
				1.46848
			],
			[
				1267.0,
				1.4757
			],
			[
				1357.0,
				1.4824
			],
			[
				1447.0,
				1.48875
			],
			[
				1537.0,
				1.49489
			],
			[
				1627.0,
				1.50098
			],
			[
				1717.0,
				1.50709
			],
			[
				1807.0,
				1.51316
			],
			[
				1897.0,
				1.51916
			],
			[
				1987.0,
				1.52508
			],
			[
				2077.0,
				1.5309
			],
			[
				2167.0,
				1.53662
			],
			[
				2257.0,
				1.54222
			],
			[
				2347.0,
				1.54769
			],
			[
				2437.0,
				1.55301
			],
			[
				2527.0,
				1.55816
			],
			[
				2617.0,
				1.56314
			],
			[
				2707.0,
				1.56794
			],
			[
				2797.0,
				1.57253
			],
			[
				2887.0,
				1.5769
			],
			[
				2977.0,
				1.58105
			],
			[
				3067.0,
				1.58495
			],
			[
				3157.0,
				1.5886
			],
			[
				3247.0,
				1.59197
			],
			[
				3337.0,
				1.59506
			],
			[
				3427.0,
				1.59786
			],
			[
				3517.0,
				1.60034
			],
			[
				3607.0,
				1.60249
			],
			[
				3697.0,
				1.60431
			],
			[
				3715.0,
				1.60463
			]
		]
	}
}
