{
	"ID": 12,
	"name": "M270_50A_0500Hz",
	"conductivity": 0.0,
	"relPermeability": 0.0,
	"remanence": "no information",
	"linear": false,
	"BHCurve": {
		"default": [
			[
				0.0,
				0.0
			],
			[
				16.0,
				0.0402884
			],
			[
				31.0,
				0.0973159
			],
			[
				46.0,
				0.165739
			],
			[
				61.0,
				0.247109
			],
			[
				76.0,
				0.346708
			],
			[
				91.0,
				0.444936
			],
			[
				106.0,
				0.534911
			],
			[
				121.0,
				0.615266
			],
			[
				136.0,
				0.686022
			],
			[
				151.0,
				0.757958
			],
			[
				166.0,
				0.827254
			],
			[
				181.0,
				0.891998
			],
			[
				196.0,
				0.951484
			],
			[
				211.0,
				1.00767
			],
			[
				226.0,
				1.06229
			],
			[
				241.0,
				1.1137
			],
			[
				256.0,
				1.16294
			],
			[
				271.0,
				1.20551
			],
			[
				286.0,
				1.2451
			],
			[
				301.0,
				1.27974
			],
			[
				316.0,
				1.3004
			],
			[
				331.0,
				1.31076
			],
			[
				346.0,
				1.32052
			],
			[
				361.0,
				1.32968
			],
			[
				376.0,
				1.33824
			],
			[
				391.0,
				1.34623
			],
			[
				406.0,
				1.35363
			],
			[
				421.0,
				1.36047
			],
			[
				436.0,
				1.36674
			],
			[
				451.0,
				1.37246
			],
			[
				466.0,
				1.37763
			],
			[
				481.0,
				1.38226
			],
			[
				496.0,
				1.38636
			],
			[
				511.0,
				1.38992
			],
			[
				526.0,
				1.39297
			],
			[
				541.0,
				1.3955
			],
			[
				556.0,
				1.39753
			],
			[
				571.0,
				1.39907
			],
			[
				586.0,
				1.40011
			],
			[
				601.0,
				1.40066
			],
			[
				609.0,
				1.40076
			]
		]
	}
}
