{
	"ID": 11,
	"name": "M270_50A_0400Hz",
	"conductivity": 0.0,
	"relPermeability": 0.0,
	"remanence": "no information",
	"linear": false,
	"BHCurve": {
		"default": [
			[
				0.0,
				0.0
			],
			[
				6.0,
				0.0134402
			],
			[
				11.0,
				0.02932
			],
			[
				16.0,
				0.0474073
			],
			[
				21.0,
				0.0674702
			],
			[
				26.0,
				0.0892766
			],
			[
				31.0,
				0.112595
			],
			[
				36.0,
				0.137192
			],
			[
				41.0,
				0.162838
			],
			[
				46.0,
				0.189298
			],
			[
				51.0,
				0.217519
			],
			[
				56.0,
				0.250732
			],
			[
				61.0,
				0.2861
			],
			[
				66.0,
				0.321059
			],
			[
				71.0,
				0.356873
			],
			[
				76.0,
				0.392935
			],
			[
				81.0,
				0.428672
			],
			[
				86.0,
				0.464393
			],
			[
				91.0,
				0.500113
			],
			[
				96.0,
				0.536604
			],
			[
				101.0,
				0.572924
			],
			[
				106.0,
				0.606554
			],
			[
				111.0,
				0.637353
			],
			[
				116.0,
				0.666465
			],
			[
				121.0,
				0.694585
			],
			[
				126.0,
				0.721953
			],
			[
				131.0,
				0.748275
			],
			[
				136.0,
				0.774143
			],
			[
				141.0,
				0.800176
			],
			[
				146.0,
				0.826863
			],
			[
				151.0,
				0.853758
			],
			[
				156.0,
				0.88008
			],
			[
				161.0,
				0.905066
			],
			[
				166.0,
				0.928795
			],
			[
				171.0,
				0.951688
			],
			[
				176.0,
				0.973972
			],
			[
				181.0,
				0.995873
			],
			[
				186.0,
				1.01752
			],
			[
				191.0,
				1.0388
			],
			[
				196.0,
				1.0597
			],
			[
				201.0,
				1.08019
			],
			[
				204.0,
				1.09228
			]
		]
	}
}
