{
	"ID": 7,
	"name": "M270_50A_0050Hz",
	"conductivity": 0.0,
	"relPermeability": 0.0,
	"remanence": "no information",
	"linear": false,
	"BHCurve": {
		"default": [
			[
				0.0,
				0.0
			],
			[
				4.0,
				0.0196473
			],
			[
				7.0,
				0.0410756
			],
			[
				10.0,
				0.0641909
			],
			[
				13.0,
				0.0888995
			],
			[
				16.0,
				0.115107
			],
			[
				19.0,
				0.142721
			],
			[
				22.0,
				0.171646
			],
			[
				25.0,
				0.201789
			],
			[
				28.0,
				0.233056
			],
			[
				31.0,
				0.265353
			],
			[
				34.0,
				0.298586
			],
			[
				37.0,
				0.332662
			],
			[
				40.0,
				0.367486
			],
			[
				43.0,
				0.402965
			],
			[
				46.0,
				0.439005
			],
			[
				49.0,
				0.475512
			],
			[
				52.0,
				0.51311
			],
			[
				55.0,
				0.557445
			],
			[
				58.0,
				0.600072
			],
			[
				61.0,
				0.636363
			],
			[
				64.0,
				0.669745
			],
			[
				67.0,
				0.700083
			],
			[
				70.0,
				0.727558
			],
			[
				73.0,
				0.752913
			],
			[
				76.0,
				0.776857
			],
			[
				79.0,
				0.800098
			],
			[
				82.0,
				0.823099
			],
			[
				85.0,
				0.845591
			],
			[
				88.0,
				0.867183
			],
			[
				91.0,
				0.887487
			],
			[
				94.0,
				0.906185
			],
			[
				97.0,
				0.923913
			],
			[
				100.0,
				0.940879
			],
			[
				112.0,
				1.00014
			],
			[
				124.0,
				1.04829
			],
			[
				136.0,
				1.08864
			],
			[
				148.0,
				1.12161
			],
			[
				160.0,
				1.15103
			],
			[
				172.0,
				1.17651
			],
			[
				184.0,
				1.19728
			],
			[
				196.0,
				1.2142
			],
			[
				220.0,
				1.24432
			],
			[
				244.0,
				1.26942
			],
			[
				268.0,
				1.2892
			],
			[
				292.0,
				1.30351
			],
			[
				777.0,
				1.4268
			],
			[
				1262.0,
				1.47585
			],
			[
				1747.0,
				1.5097
			],
			[
				2232.0,
				1.53878
			],
			[
				4172.0,
				1.62332
			],
			[
				6112.0,
				1.68742
			],
			[
				8052.0,
				1.7389
			],
			[
				9992.0,
				1.78285
			],
			[
				11932.0,
				1.81955
			],
			[
				13872.0,
				1.85212
			],
			[
				15812.0,
				1.88156
			],
			[
				17752.0,
				1.90677
			],
			[
				19446.0,
				1.92442
			]
		]
	}
}
