{
	"ID": 10,
	"name": "M270_50A_0200Hz",
	"conductivity": 0.0,
	"relPermeability": 1.0,
	"remanence": 0.0,
	"linear": false,
	"BHCurve": {
		"default": [
			[
				0.0,
				0.0
			],
			[
				25.0,
				0.149573
			],
			[
				49.0,
				0.336073
			],
			[
				89.0,
				0.700111
			],
			[
				113.0,
				0.900141
			],
			[
				137.0,
				1.04694
			],
			[
				161.0,
				1.13278
			],
			[
				201.0,
				1.21191
			],
			[
				241.0,
				1.26114
			],
			[
				281.0,
				1.29457
			],
			[
				321.0,
				1.31539
			],
			[
				361.0,
				1.33312
			],
			[
				401.0,
				1.34848
			],
			[
				441.0,
				1.36171
			],
			[
				481.0,
				1.37308
			],
			[
				521.0,
				1.38284
			],
			[
				561.0,
				1.39125
			],
			[
				601.0,
				1.39858
			],
			[
				641.0,
				1.40521
			],
			[
				681.0,
				1.4117
			],
			[
				721.0,
				1.41806
			],
			[
				761.0,
				1.42429
			],
			[
				801.0,
				1.43037
			],
			[
				841.0,
				1.43628
			],
			[
				881.0,
				1.44203
			],
			[
				921.0,
				1.44759
			],
			[
				961.0,
				1.45296
			],
			[
				1001.0,
				1.45812
			],
			[
				1041.0,
				1.46305
			],
			[
				1081.0,
				1.46775
			],
			[
				1121.0,
				1.4722
			],
			[
				1161.0,
				1.4764
			],
			[
				1201.0,
				1.48032
			],
			[
				1241.0,
				1.48396
			],
			[
				1281.0,
				1.48731
			],
			[
				1321.0,
				1.49034
			],
			[
				1361.0,
				1.49306
			],
			[
				1401.0,
				1.49544
			],
			[
				1441.0,
				1.49747
			],
			[
				1481.0,
				1.49915
			],
			[
				1521.0,
				1.50046
			],
			[
				1561.0,
				1.50139
			],
			[
				1601.0,
				1.50192
			],
			[
				1627.0,
				1.50205
			]
		]
	}
}
