{
	"ID": 8,
	"name": "M270_50A_0060Hz",
	"conductivity": 0.0,
	"relPermeability": 1.0,
	"remanence": 0.0,
	"linear": false,
	"BHCurve": {
		"default": [
			[
				0.0,
				0.0
			],
			[
				16.0,
				0.156071
			],
			[
				31.0,
				0.327925
			],
			[
				46.0,
				0.503163
			],
			[
				61.0,
				0.669383
			],
			[
				76.0,
				0.814188
			],
			[
				81.0,
				0.855554
			],
			[
				86.0,
				0.892703
			],
			[
				91.0,
				0.925176
			],
			[
				96.0,
				0.952514
			],
			[
				101.0,
				0.974258
			],
			[
				113.0,
				1.00101
			],
			[
				125.0,
				1.01139
			],
			[
				137.0,
				1.02162
			],
			[
				302.0,
				1.14696
			],
			[
				467.0,
				1.24626
			],
			[
				632.0,
				1.32296
			],
			[
				797.0,
				1.38051
			],
			[
				962.0,
				1.42236
			],
			[
				1127.0,
				1.45195
			],
			[
				1292.0,
				1.47275
			],
			[
				1457.0,
				1.48818
			],
			[
				1622.0,
				1.50171
			],
			[
				1787.0,
				1.51524
			],
			[
				2447.0,
				1.56449
			],
			[
				3107.0,
				1.60612
			],
			[
				3767.0,
				1.64036
			],
			[
				4427.0,
				1.6674
			],
			[
				5087.0,
				1.68747
			],
			[
				5747.0,
				1.70077
			],
			[
				6407.0,
				1.70752
			],
			[
				6690.0,
				1.70846
			]
		]
	}
}
