{
	"ID": 31,
	"name": "M330_50AP_0100Hz",
	"conductivity": 0.0,
	"relPermeability": 1.0,
	"remanence": 0.0,
	"linear": false,
	"BHCurve": {
		"default": [
			[
				0.0,
				0.0
			],
			[
				16.0,
				0.0504496
			],
			[
				31.0,
				0.137492
			],
			[
				49.0,
				0.277707
			],
			[
				73.0,
				0.50009
			],
			[
				82.0,
				0.61174
			],
			[
				91.0,
				0.711375
			],
			[
				100.0,
				0.809561
			],
			[
				115.0,
				0.930846
			],
			[
				130.0,
				1.02895
			],
			[
				148.0,
				1.11132
			],
			[
				172.0,
				1.18428
			],
			[
				196.0,
				1.23382
			],
			[
				311.0,
				1.35538
			],
			[
				426.0,
				1.4076
			],
			[
				541.0,
				1.4382
			],
			[
				656.0,
				1.46179
			],
			[
				771.0,
				1.47998
			],
			[
				886.0,
				1.49436
			],
			[
				1001.0,
				1.50652
			],
			[
				1116.0,
				1.51752
			],
			[
				1231.0,
				1.52753
			],
			[
				1346.0,
				1.53666
			],
			[
				1461.0,
				1.54502
			],
			[
				1576.0,
				1.5527
			],
			[
				1691.0,
				1.55982
			],
			[
				1806.0,
				1.56648
			],
			[
				1921.0,
				1.57278
			],
			[
				2036.0,
				1.57882
			],
			[
				2151.0,
				1.58473
			],
			[
				2266.0,
				1.59059
			],
			[
				2381.0,
				1.59651
			],
			[
				2496.0,
				1.60261
			],
			[
				2611.0,
				1.60881
			],
			[
				3071.0,
				1.63287
			],
			[
				3531.0,
				1.65542
			],
			[
				3991.0,
				1.67612
			],
			[
				4451.0,
				1.69461
			],
			[
				4769.0,
				1.70593
			]
		]
	}
}
