{
	"ID": 37,
	"name": "M330_50A_0060Hz",
	"conductivity": 0.0,
	"relPermeability": 0.0,
	"remanence": "no information",
	"linear": false,
	"BHCurve": {
		"default": [
			[
				0.0,
				0.0
			],
			[
				6.0,
				0.0323916
			],
			[
				11.0,
				0.0682231
			],
			[
				16.0,
				0.107219
			],
			[
				21.0,
				0.149104
			],
			[
				26.0,
				0.193603
			],
			[
				31.0,
				0.240441
			],
			[
				36.0,
				0.289342
			],
			[
				41.0,
				0.34003
			],
			[
				46.0,
				0.392231
			],
			[
				51.0,
				0.445669
			],
			[
				56.0,
				0.500069
			],
			[
				61.0,
				0.562336
			],
			[
				66.0,
				0.623484
			],
			[
				71.0,
				0.6794
			],
			[
				77.0,
				0.73896
			],
			[
				83.0,
				0.79196
			],
			[
				89.0,
				0.838864
			],
			[
				95.0,
				0.88106
			],
			[
				101.0,
				0.918124
			],
			[
				107.0,
				0.951929
			],
			[
				113.0,
				0.98223
			],
			[
				119.0,
				1.00852
			],
			[
				125.0,
				1.03251
			],
			[
				131.0,
				1.05464
			],
			[
				137.0,
				1.07465
			],
			[
				155.0,
				1.122
			],
			[
				173.0,
				1.16031
			],
			[
				191.0,
				1.19014
			],
			[
				209.0,
				1.21127
			],
			[
				539.0,
				1.35627
			],
			[
				869.0,
				1.40538
			],
			[
				1199.0,
				1.44127
			],
			[
				1529.0,
				1.46943
			],
			[
				1859.0,
				1.49171
			],
			[
				2189.0,
				1.50997
			],
			[
				3509.0,
				1.56417
			],
			[
				4829.0,
				1.60616
			],
			[
				6149.0,
				1.64782
			],
			[
				7469.0,
				1.6858
			],
			[
				8789.0,
				1.7198
			],
			[
				10109.0,
				1.75122
			],
			[
				11429.0,
				1.78022
			],
			[
				12749.0,
				1.80625
			],
			[
				13336.0,
				1.81673
			]
		]
	}
}
