{
	"ID": 39,
	"name": "M330_50A_0200Hz",
	"conductivity": 0.0,
	"relPermeability": 1.0,
	"remanence": 0.0,
	"linear": false,
	"BHCurve": {
		"default": [
			[
				0.0,
				0.0
			],
			[
				25.0,
				0.142605
			],
			[
				70.0,
				0.461971
			],
			[
				115.0,
				0.829262
			],
			[
				160.0,
				1.10359
			],
			[
				178.0,
				1.15697
			],
			[
				202.0,
				1.20296
			],
			[
				247.0,
				1.25363
			],
			[
				292.0,
				1.28722
			],
			[
				337.0,
				1.3084
			],
			[
				382.0,
				1.32571
			],
			[
				427.0,
				1.34085
			],
			[
				472.0,
				1.35405
			],
			[
				517.0,
				1.36552
			],
			[
				562.0,
				1.37549
			],
			[
				607.0,
				1.38416
			],
			[
				652.0,
				1.39177
			],
			[
				697.0,
				1.39852
			],
			[
				742.0,
				1.40472
			],
			[
				787.0,
				1.4108
			],
			[
				832.0,
				1.41677
			],
			[
				877.0,
				1.42264
			],
			[
				922.0,
				1.42839
			],
			[
				967.0,
				1.434
			],
			[
				1012.0,
				1.43947
			],
			[
				1057.0,
				1.44479
			],
			[
				1102.0,
				1.44995
			],
			[
				1147.0,
				1.45493
			],
			[
				1192.0,
				1.45972
			],
			[
				1237.0,
				1.46432
			],
			[
				1282.0,
				1.46871
			],
			[
				1327.0,
				1.47289
			],
			[
				1372.0,
				1.47683
			],
			[
				1417.0,
				1.48054
			],
			[
				1462.0,
				1.48399
			],
			[
				1507.0,
				1.48718
			],
			[
				1552.0,
				1.4901
			],
			[
				1597.0,
				1.49274
			],
			[
				1642.0,
				1.49509
			],
			[
				1687.0,
				1.49713
			],
			[
				1732.0,
				1.49885
			],
			[
				1777.0,
				1.50025
			],
			[
				1822.0,
				1.50132
			],
			[
				1867.0,
				1.50203
			],
			[
				1912.0,
				1.50239
			],
			[
				1925.0,
				1.50242
			]
		]
	}
}
