{
	"ID": 36,
	"name": "M330_50A_0050Hz",
	"conductivity": 0.0,
	"relPermeability": 0.0,
	"remanence": "no information",
	"linear": false,
	"BHCurve": {
		"default": [
			[
				0.0,
				0.0
			],
			[
				4.0,
				0.0164533
			],
			[
				7.0,
				0.0348497
			],
			[
				10.0,
				0.0550894
			],
			[
				13.0,
				0.0770727
			],
			[
				16.0,
				0.1007
			],
			[
				19.0,
				0.125871
			],
			[
				22.0,
				0.152487
			],
			[
				25.0,
				0.180448
			],
			[
				28.0,
				0.209653
			],
			[
				31.0,
				0.240004
			],
			[
				34.0,
				0.271401
			],
			[
				37.0,
				0.303743
			],
			[
				40.0,
				0.336931
			],
			[
				43.0,
				0.370866
			],
			[
				46.0,
				0.405447
			],
			[
				49.0,
				0.440575
			],
			[
				52.0,
				0.476151
			],
			[
				55.0,
				0.512878
			],
			[
				58.0,
				0.557213
			],
			[
				61.0,
				0.600075
			],
			[
				64.0,
				0.635735
			],
			[
				67.0,
				0.668486
			],
			[
				70.0,
				0.700087
			],
			[
				73.0,
				0.731879
			],
			[
				76.0,
				0.762897
			],
			[
				79.0,
				0.791433
			],
			[
				82.0,
				0.816505
			],
			[
				85.0,
				0.839629
			],
			[
				88.0,
				0.861145
			],
			[
				91.0,
				0.881243
			],
			[
				94.0,
				0.900117
			],
			[
				97.0,
				0.918119
			],
			[
				100.0,
				0.935417
			],
			[
				112.0,
				0.995848
			],
			[
				124.0,
				1.04368
			],
			[
				136.0,
				1.08358
			],
			[
				148.0,
				1.11523
			],
			[
				160.0,
				1.14305
			],
			[
				172.0,
				1.16741
			],
			[
				184.0,
				1.18783
			],
			[
				196.0,
				1.20391
			],
			[
				208.0,
				1.21795
			],
			[
				232.0,
				1.2431
			],
			[
				256.0,
				1.2644
			],
			[
				280.0,
				1.28191
			],
			[
				304.0,
				1.29572
			],
			[
				794.0,
				1.41333
			],
			[
				1284.0,
				1.46137
			],
			[
				1774.0,
				1.49314
			],
			[
				3734.0,
				1.58525
			],
			[
				5694.0,
				1.6529
			],
			[
				7654.0,
				1.70741
			],
			[
				9614.0,
				1.74982
			],
			[
				11574.0,
				1.78583
			],
			[
				13534.0,
				1.82063
			],
			[
				15494.0,
				1.8555
			],
			[
				17454.0,
				1.88916
			],
			[
				19414.0,
				1.92147
			],
			[
				19609.0,
				1.92461
			]
		]
	}
}
