{
	"ID": 24,
	"name": "M330_35A_0500Hz",
	"conductivity": 0.0,
	"relPermeability": 0.0,
	"remanence": "no information",
	"linear": false,
	"BHCurve": {
		"default": [
			[
				0.0,
				0.0
			],
			[
				11.0,
				0.0209033
			],
			[
				21.0,
				0.0518661
			],
			[
				31.0,
				0.0908661
			],
			[
				41.0,
				0.135881
			],
			[
				51.0,
				0.184888
			],
			[
				61.0,
				0.242735
			],
			[
				71.0,
				0.314622
			],
			[
				81.0,
				0.392104
			],
			[
				91.0,
				0.474307
			],
			[
				101.0,
				0.564597
			],
			[
				111.0,
				0.648242
			],
			[
				121.0,
				0.721191
			],
			[
				131.0,
				0.787263
			],
			[
				141.0,
				0.850959
			],
			[
				151.0,
				0.91233
			],
			[
				161.0,
				0.972135
			],
			[
				171.0,
				1.02661
			],
			[
				181.0,
				1.07628
			],
			[
				191.0,
				1.1247
			],
			[
				201.0,
				1.17276
			],
			[
				211.0,
				1.21015
			],
			[
				221.0,
				1.24156
			],
			[
				231.0,
				1.26893
			],
			[
				241.0,
				1.29019
			],
			[
				251.0,
				1.30366
			],
			[
				261.0,
				1.3145
			],
			[
				271.0,
				1.32481
			],
			[
				281.0,
				1.33457
			],
			[
				291.0,
				1.34376
			],
			[
				301.0,
				1.35234
			],
			[
				311.0,
				1.36031
			],
			[
				321.0,
				1.36763
			],
			[
				331.0,
				1.37428
			],
			[
				341.0,
				1.38023
			],
			[
				351.0,
				1.38547
			],
			[
				361.0,
				1.38997
			],
			[
				371.0,
				1.3937
			],
			[
				381.0,
				1.39665
			],
			[
				391.0,
				1.39878
			],
			[
				401.0,
				1.40008
			],
			[
				409.0,
				1.4005
			]
		]
	}
}
