{
	"ID": 33,
	"name": "M330_50AP_050Hz",
	"conductivity": 0.0,
	"relPermeability": 1.0,
	"remanence": 0.0,
	"linear": false,
	"BHCurve": {
		"default": [
			[
				0.0,
				0.0
			],
			[
				10.0,
				0.0388377
			],
			[
				20.0,
				0.0943304
			],
			[
				30.0,
				0.163866
			],
			[
				40.0,
				0.244831
			],
			[
				50.0,
				0.334613
			],
			[
				60.0,
				0.4306
			],
			[
				70.0,
				0.534668
			],
			[
				80.0,
				0.664174
			],
			[
				90.0,
				0.772141
			],
			[
				100.0,
				0.861352
			],
			[
				110.0,
				0.934627
			],
			[
				120.0,
				0.994785
			],
			[
				130.0,
				1.04559
			],
			[
				140.0,
				1.08899
			],
			[
				150.0,
				1.12426
			],
			[
				160.0,
				1.15528
			],
			[
				170.0,
				1.18206
			],
			[
				180.0,
				1.20436
			],
			[
				190.0,
				1.2242
			],
			[
				200.0,
				1.24256
			],
			[
				210.0,
				1.25929
			],
			[
				220.0,
				1.27426
			],
			[
				230.0,
				1.28733
			],
			[
				240.0,
				1.29836
			],
			[
				250.0,
				1.30779
			],
			[
				260.0,
				1.31676
			],
			[
				270.0,
				1.32531
			],
			[
				280.0,
				1.33344
			],
			[
				290.0,
				1.34116
			],
			[
				300.0,
				1.34846
			],
			[
				310.0,
				1.35536
			],
			[
				320.0,
				1.36186
			],
			[
				330.0,
				1.36796
			],
			[
				340.0,
				1.37367
			],
			[
				350.0,
				1.37899
			],
			[
				360.0,
				1.38392
			],
			[
				370.0,
				1.38847
			],
			[
				380.0,
				1.39264
			],
			[
				390.0,
				1.39644
			],
			[
				400.0,
				1.39986
			],
			[
				410.0,
				1.40302
			],
			[
				420.0,
				1.4061
			],
			[
				430.0,
				1.40912
			],
			[
				440.0,
				1.41207
			],
			[
				450.0,
				1.41496
			],
			[
				460.0,
				1.41779
			],
			[
				470.0,
				1.42055
			],
			[
				480.0,
				1.42325
			],
			[
				490.0,
				1.4259
			],
			[
				500.0,
				1.42848
			],
			[
				510.0,
				1.43101
			],
			[
				520.0,
				1.43348
			],
			[
				530.0,
				1.43589
			],
			[
				540.0,
				1.43825
			],
			[
				550.0,
				1.44056
			],
			[
				560.0,
				1.44282
			],
			[
				570.0,
				1.44502
			],
			[
				580.0,
				1.44718
			],
			[
				590.0,
				1.44928
			],
			[
				600.0,
				1.45134
			],
			[
				610.0,
				1.45335
			],
			[
				620.0,
				1.45532
			],
			[
				630.0,
				1.45724
			],
			[
				640.0,
				1.45912
			],
			[
				650.0,
				1.46095
			],
			[
				660.0,
				1.46275
			],
			[
				670.0,
				1.4645
			],
			[
				680.0,
				1.46622
			],
			[
				690.0,
				1.46789
			],
			[
				700.0,
				1.46953
			],
			[
				710.0,
				1.47113
			],
			[
				720.0,
				1.4727
			],
			[
				730.0,
				1.47424
			],
			[
				740.0,
				1.47574
			],
			[
				750.0,
				1.47721
			],
			[
				760.0,
				1.47865
			],
			[
				770.0,
				1.48006
			],
			[
				780.0,
				1.48144
			],
			[
				790.0,
				1.48279
			],
			[
				800.0,
				1.48412
			],
			[
				810.0,
				1.48542
			],
			[
				820.0,
				1.4867
			],
			[
				830.0,
				1.48796
			],
			[
				840.0,
				1.48919
			],
			[
				850.0,
				1.4904
			],
			[
				860.0,
				1.4916
			],
			[
				870.0,
				1.49277
			],
			[
				880.0,
				1.49393
			],
			[
				890.0,
				1.49507
			],
			[
				900.0,
				1.49619
			],
			[
				910.0,
				1.4973
			],
			[
				920.0,
				1.49839
			],
			[
				930.0,
				1.49948
			],
			[
				940.0,
				1.50055
			],
			[
				950.0,
				1.50161
			],
			[
				960.0,
				1.50267
			],
			[
				970.0,
				1.50371
			],
			[
				980.0,
				1.50475
			],
			[
				990.0,
				1.50578
			],
			[
				1000.0,
				1.5068
			],
			[
				1010.0,
				1.50782
			],
			[
				1020.0,
				1.50883
			],
			[
				1030.0,
				1.50983
			],
			[
				1040.0,
				1.51082
			],
			[
				1050.0,
				1.51181
			],
			[
				1060.0,
				1.51278
			],
			[
				1070.0,
				1.51375
			],
			[
				1080.0,
				1.51472
			],
			[
				1090.0,
				1.51567
			],
			[
				1100.0,
				1.51662
			],
			[
				1110.0,
				1.51756
			],
			[
				1120.0,
				1.5185
			],
			[
				1130.0,
				1.51943
			],
			[
				1140.0,
				1.52035
			],
			[
				1150.0,
				1.52126
			],
			[
				1160.0,
				1.52217
			],
			[
				1170.0,
				1.52307
			],
			[
				1180.0,
				1.52396
			],
			[
				1190.0,
				1.52485
			],
			[
				1200.0,
				1.52573
			],
			[
				1210.0,
				1.5266
			],
			[
				1220.0,
				1.52747
			],
			[
				1230.0,
				1.52833
			],
			[
				1240.0,
				1.52919
			],
			[
				1250.0,
				1.53003
			],
			[
				1260.0,
				1.53088
			],
			[
				1270.0,
				1.53171
			],
			[
				1280.0,
				1.53254
			],
			[
				1290.0,
				1.53337
			],
			[
				1300.0,
				1.53418
			],
			[
				1310.0,
				1.53499
			],
			[
				1320.0,
				1.5358
			],
			[
				1330.0,
				1.5366
			],
			[
				1340.0,
				1.53739
			],
			[
				1350.0,
				1.53818
			],
			[
				1360.0,
				1.53896
			],
			[
				1370.0,
				1.53974
			],
			[
				1380.0,
				1.54051
			],
			[
				1390.0,
				1.54128
			],
			[
				1400.0,
				1.54204
			],
			[
				1410.0,
				1.54279
			],
			[
				1420.0,
				1.54354
			],
			[
				1430.0,
				1.54428
			],
			[
				1440.0,
				1.54502
			],
			[
				1450.0,
				1.54576
			],
			[
				1460.0,
				1.54648
			],
			[
				1470.0,
				1.54721
			],
			[
				1480.0,
				1.54793
			],
			[
				1490.0,
				1.54864
			],
			[
				1500.0,
				1.54935
			],
			[
				1510.0,
				1.55005
			],
			[
				1520.0,
				1.55075
			],
			[
				1530.0,
				1.55144
			],
			[
				1540.0,
				1.55213
			],
			[
				1550.0,
				1.55281
			],
			[
				1560.0,
				1.55349
			],
			[
				1570.0,
				1.55417
			],
			[
				1580.0,
				1.55484
			],
			[
				1590.0,
				1.5555
			],
			[
				1600.0,
				1.55617
			],
			[
				1610.0,
				1.55682
			],
			[
				1620.0,
				1.55748
			],
			[
				1630.0,
				1.55812
			],
			[
				1640.0,
				1.55877
			],
			[
				1650.0,
				1.55941
			],
			[
				1660.0,
				1.56005
			],
			[
				1670.0,
				1.56068
			],
			[
				1680.0,
				1.56131
			],
			[
				1690.0,
				1.56193
			],
			[
				1700.0,
				1.56255
			],
			[
				1710.0,
				1.56317
			],
			[
				1720.0,
				1.56378
			],
			[
				1730.0,
				1.56439
			],
			[
				1740.0,
				1.565
			],
			[
				1750.0,
				1.5656
			],
			[
				1760.0,
				1.5662
			],
			[
				1770.0,
				1.56679
			],
			[
				1780.0,
				1.56738
			],
			[
				1790.0,
				1.56797
			],
			[
				1800.0,
				1.56856
			],
			[
				1810.0,
				1.56914
			],
			[
				1820.0,
				1.56972
			],
			[
				1830.0,
				1.57029
			],
			[
				1840.0,
				1.57086
			],
			[
				1850.0,
				1.57143
			],
			[
				1860.0,
				1.572
			],
			[
				1870.0,
				1.57256
			],
			[
				1880.0,
				1.57312
			],
			[
				1890.0,
				1.57368
			],
			[
				1900.0,
				1.57424
			],
			[
				1910.0,
				1.57479
			],
			[
				1920.0,
				1.57534
			],
			[
				1930.0,
				1.57589
			],
			[
				1940.0,
				1.57643
			],
			[
				1950.0,
				1.57697
			],
			[
				1960.0,
				1.57751
			],
			[
				1970.0,
				1.57805
			],
			[
				1980.0,
				1.57858
			],
			[
				1990.0,
				1.57912
			],
			[
				2000.0,
				1.57965
			],
			[
				2010.0,
				1.58018
			],
			[
				2020.0,
				1.5807
			],
			[
				2030.0,
				1.58123
			],
			[
				2040.0,
				1.58175
			],
			[
				2050.0,
				1.58227
			],
			[
				2060.0,
				1.58279
			],
			[
				2070.0,
				1.5833
			],
			[
				2080.0,
				1.58382
			],
			[
				2090.0,
				1.58433
			],
			[
				2100.0,
				1.58484
			],
			[
				2110.0,
				1.58535
			],
			[
				2120.0,
				1.58586
			],
			[
				2130.0,
				1.58637
			],
			[
				2140.0,
				1.58687
			],
			[
				2150.0,
				1.58738
			],
			[
				2160.0,
				1.58788
			],
			[
				2170.0,
				1.58838
			],
			[
				2180.0,
				1.58888
			],
			[
				2190.0,
				1.58938
			],
			[
				2200.0,
				1.58988
			],
			[
				2210.0,
				1.59037
			],
			[
				2220.0,
				1.59087
			],
			[
				2230.0,
				1.59137
			],
			[
				2240.0,
				1.59186
			],
			[
				2250.0,
				1.59235
			],
			[
				2260.0,
				1.59284
			],
			[
				2270.0,
