{
	"ID": 25,
	"name": "M330_35A_050Hz",
	"conductivity": 0.0,
	"relPermeability": 0.0,
	"remanence": "no information",
	"linear": false,
	"BHCurve": {
		"default": [
			[
				0.0,
				0.0
			],
			[
				10.0,
				0.0366702
			],
			[
				20.0,
				0.10371
			],
			[
				30.0,
				0.194879
			],
			[
				40.0,
				0.303938
			],
			[
				50.0,
				0.424648
			],
			[
				60.0,
				0.566072
			],
			[
				70.0,
				0.713388
			],
			[
				80.0,
				0.832802
			],
			[
				90.0,
				0.924496
			],
			[
				100.0,
				0.994101
			],
			[
				110.0,
				1.05041
			],
			[
				120.0,
				1.09629
			],
			[
				130.0,
				1.13231
			],
			[
				140.0,
				1.16335
			],
			[
				150.0,
				1.18924
			],
			[
				160.0,
				1.21029
			],
			[
				170.0,
				1.22938
			],
			[
				180.0,
				1.2469
			],
			[
				190.0,
				1.2627
			],
			[
				200.0,
				1.27666
			],
			[
				210.0,
				1.28866
			],
			[
				220.0,
				1.29856
			],
			[
				230.0,
				1.30685
			],
			[
				240.0,
				1.31474
			],
			[
				250.0,
				1.32227
			],
			[
				260.0,
				1.32945
			],
			[
				270.0,
				1.33628
			],
			[
				280.0,
				1.34278
			],
			[
				290.0,
				1.34894
			],
			[
				300.0,
				1.35478
			],
			[
				310.0,
				1.3603
			],
			[
				320.0,
				1.3655
			],
			[
				330.0,
				1.3704
			],
			[
				340.0,
				1.37499
			],
			[
				350.0,
				1.3793
			],
			[
				360.0,
				1.38331
			],
			[
				370.0,
				1.38704
			],
			[
				380.0,
				1.3905
			],
			[
				390.0,
				1.39369
			],
			[
				400.0,
				1.39661
			],
			[
				410.0,
				1.39928
			],
			[
				420.0,
				1.40173
			],
			[
				430.0,
				1.4041
			],
			[
				440.0,
				1.40643
			],
			[
				450.0,
				1.40873
			],
			[
				460.0,
				1.41098
			],
			[
				470.0,
				1.41319
			],
			[
				480.0,
				1.41537
			],
			[
				490.0,
				1.4175
			],
			[
				500.0,
				1.4196
			],
			[
				510.0,
				1.42165
			],
			[
				520.0,
				1.42367
			],
			[
				530.0,
				1.42566
			],
			[
				540.0,
				1.42761
			],
			[
				550.0,
				1.42952
			],
			[
				560.0,
				1.4314
			],
			[
				570.0,
				1.43324
			],
			[
				580.0,
				1.43505
			],
			[
				590.0,
				1.43682
			],
			[
				600.0,
				1.43857
			],
			[
				610.0,
				1.44028
			],
			[
				620.0,
				1.44196
			],
			[
				630.0,
				1.4436
			],
			[
				640.0,
				1.44522
			],
			[
				650.0,
				1.44681
			],
			[
				660.0,
				1.44837
			],
			[
				670.0,
				1.4499
			],
			[
				680.0,
				1.4514
			],
			[
				690.0,
				1.45287
			],
			[
				700.0,
				1.45432
			],
			[
				710.0,
				1.45574
			],
			[
				720.0,
				1.45713
			],
			[
				730.0,
				1.4585
			],
			[
				740.0,
				1.45984
			],
			[
				750.0,
				1.46116
			],
			[
				760.0,
				1.46245
			],
			[
				770.0,
				1.46372
			],
			[
				780.0,
				1.46497
			],
			[
				790.0,
				1.4662
			],
			[
				800.0,
				1.4674
			],
			[
				810.0,
				1.46859
			],
			[
				820.0,
				1.46975
			],
			[
				830.0,
				1.47089
			],
			[
				840.0,
				1.47202
			],
			[
				850.0,
				1.47312
			],
			[
				860.0,
				1.47421
			],
			[
				870.0,
				1.47528
			],
			[
				880.0,
				1.47633
			],
			[
				890.0,
				1.47736
			],
			[
				900.0,
				1.47838
			],
			[
				910.0,
				1.47939
			],
			[
				920.0,
				1.48037
			],
			[
				930.0,
				1.48135
			],
			[
				940.0,
				1.48231
			],
			[
				950.0,
				1.48326
			],
			[
				960.0,
				1.48419
			],
			[
				970.0,
				1.48511
			],
			[
				980.0,
				1.48602
			],
			[
				990.0,
				1.48692
			],
			[
				1000.0,
				1.48781
			],
			[
				1010.0,
				1.48869
			],
			[
				1020.0,
				1.48956
			],
			[
				1030.0,
				1.49042
			],
			[
				1040.0,
				1.49127
			],
			[
				1050.0,
				1.49212
			],
			[
				1060.0,
				1.49296
			],
			[
				1070.0,
				1.49379
			],
			[
				1080.0,
				1.49461
			],
			[
				1090.0,
				1.49543
			],
			[
				1100.0,
				1.49625
			],
			[
				1110.0,
				1.49706
			],
			[
				1120.0,
				1.49787
			],
			[
				1130.0,
				1.49867
			],
			[
				1140.0,
				1.49947
			],
			[
				1150.0,
				1.50027
			],
			[
				1160.0,
				1.50107
			],
			[
				1170.0,
				1.50186
			],
			[
				1180.0,
				1.50265
			],
			[
				1190.0,
				1.50344
			],
			[
				1200.0,
				1.50422
			],
			[
				1210.0,
				1.505
			],
			[
				1220.0,
				1.50577
			],
			[
				1230.0,
				1.50654
			],
			[
				1240.0,
				1.50731
			],
			[
				1250.0,
				1.50807
			],
			[
				1260.0,
				1.50883
			],
			[
				1270.0,
				1.50958
			],
			[
				1280.0,
				1.51033
			],
			[
				1290.0,
				1.51107
			],
			[
				1300.0,
				1.51181
			],
			[
				1310.0,
				1.51254
			],
			[
				1320.0,
				1.51327
			],
			[
				1330.0,
				1.514
			],
			[
				1340.0,
				1.51472
			],
			[
				1350.0,
				1.51544
			],
			[
				1360.0,
				1.51616
			],
			[
				1370.0,
				1.51687
			],
			[
				1380.0,
				1.51757
			],
			[
				1390.0,
				1.51828
			],
			[
				1400.0,
				1.51898
			],
			[
				1410.0,
				1.51967
			],
			[
				1420.0,
				1.52036
			],
			[
				1430.0,
				1.52105
			],
			[
				1440.0,
				1.52173
			],
			[
				1450.0,
				1.52241
			],
			[
				1460.0,
				1.52309
			],
			[
				1470.0,
				1.52376
			],
			[
				1480.0,
				1.52443
			],
			[
				1490.0,
				1.52509
			],
			[
				1500.0,
				1.52575
			],
			[
				1510.0,
				1.52641
			],
			[
				1520.0,
				1.52706
			],
			[
				1530.0,
				1.52771
			],
			[
				1540.0,
				1.52836
			],
			[
				1550.0,
				1.529
			],
			[
				1560.0,
				1.52964
			],
			[
				1570.0,
				1.53027
			],
			[
				1580.0,
				1.5309
			],
			[
				1590.0,
				1.53153
			],
			[
				1600.0,
				1.53216
			],
			[
				1610.0,
				1.53278
			],
			[
				1620.0,
				1.5334
			],
			[
				1630.0,
				1.53401
			],
			[
				1640.0,
				1.53462
			],
			[
				1650.0,
				1.53523
			],
			[
				1660.0,
				1.53583
			],
			[
				1670.0,
				1.53644
			],
			[
				1680.0,
				1.53703
			],
			[
				1690.0,
				1.53763
			],
			[
				1700.0,
				1.53822
			],
			[
				1710.0,
				1.53881
			],
			[
				1720.0,
				1.53939
			],
			[
				1730.0,
				1.53998
			],
			[
				1740.0,
				1.54056
			],
			[
				1750.0,
				1.54113
			],
			[
				1760.0,
				1.54171
			],
			[
				1770.0,
				1.54228
			],
			[
				1780.0,
				1.54284
			],
			[
				1790.0,
				1.54341
			],
			[
				1800.0,
				1.54397
			],
			[
				1810.0,
				1.54453
			],
			[
				1820.0,
				1.54508
			],
			[
				1830.0,
				1.54563
			],
			[
				1840.0,
				1.54618
			],
			[
				1850.0,
				1.54673
			],
			[
				1860.0,
				1.54727
			],
			[
				1870.0,
				1.54781
			],
			[
				1880.0,
				1.54835
			],
			[
				1890.0,
				1.54889
			],
			[
				1900.0,
				1.54942
			],
			[
				1910.0,
				1.54995
			],
			[
				1920.0,
				1.55048
			],
			[
				1930.0,
				1.55101
			],
			[
				1940.0,
				1.55153
			],
			[
				1950.0,
				1.55205
			],
			[
				1960.0,
				1.55257
			],
			[
				1970.0,
				1.55308
			],
			[
				1980.0,
				1.55359
			],
			[
				1990.0,
				1.5541
			],
			[
				2000.0,
				1.55461
			],
			[
				2010.0,
				1.55512
			],
			[
				2020.0,
				1.55562
			],
			[
				2030.0,
				1.55612
			],
			[
				2040.0,
				1.55662
			],
			[
				2050.0,
				1.55711
			],
			[
				2060.0,
				1.55761
			],
			[
				2070.0,
				1.5581
			],
			[
				2080.0,
				1.55859
			],
			[
				2090.0,
				1.55907
			],
			[
				2100.0,
				1.55956
			],
			[
				2110.0,
				1.56004
			],
			[
				2120.0,
				1.56052
			],
			[
				2130.0,
				1.561
			],
			[
				2140.0,
				1.56147
			],
			[
				2150.0,
				1.56195
			],
			[
				2160.0,
				1.56242
			],
			[
				2170.0,
				1.56289
			],
			[
				2180.0,
				1.56336
			],
			[
				2190.0,
				1.56382
			],
			[
				2200.0,
				1.56429
			],
			[
				2210.0,
				1.56475
			],
			[
				2220.0,
				1.56521
			],
			[
				2230.0,
				1.56567
			],
			[
				2240.0,
				1.56613
			],
			[
				2250.0,
				1.56658
			],
			[
				2260.0,
				1.56703
			],
			[
				2270.0,
