{
	"ID": 32,
	"name": "M330_50AP_0200Hz",
	"conductivity": 0.0,
	"relPermeability": 1.0,
	"remanence": 0.0,
	"linear": false,
	"BHCurve": {
		"default": [
			[
				0.0,
				0.0
			],
			[
				19.0,
				0.0783211
			],
			[
				37.0,
				0.1799
			],
			[
				61.0,
				0.342169
			],
			[
				85.0,
				0.525447
			],
			[
				97.0,
				0.634108
			],
			[
				121.0,
				0.831976
			],
			[
				139.0,
				0.961336
			],
			[
				163.0,
				1.11057
			],
			[
				181.0,
				1.19148
			],
			[
				196.0,
				1.22859
			],
			[
				220.0,
				1.2715
			],
			[
				244.0,
				1.30031
			],
			[
				339.0,
				1.37245
			],
			[
				434.0,
				1.40964
			],
			[
				529.0,
				1.43481
			],
			[
				624.0,
				1.45501
			],
			[
				719.0,
				1.47129
			],
			[
				814.0,
				1.48465
			],
			[
				909.0,
				1.49613
			],
			[
				1004.0,
				1.50663
			],
			[
				1099.0,
				1.51628
			],
			[
				1194.0,
				1.52511
			],
			[
				1289.0,
				1.53322
			],
			[
				1384.0,
				1.5407
			],
			[
				1479.0,
				1.54766
			],
			[
				1574.0,
				1.55418
			],
			[
				1669.0,
				1.56035
			],
			[
				1764.0,
				1.56628
			],
			[
				1859.0,
				1.57206
			],
			[
				1954.0,
				1.57778
			],
			[
				2049.0,
				1.58354
			],
			[
				2144.0,
				1.58942
			],
			[
				2239.0,
				1.59554
			],
			[
				2334.0,
				1.60197
			],
			[
				2429.0,
				1.60864
			],
			[
				2809.0,
				1.63505
			],
			[
				3189.0,
				1.66099
			],
			[
				3569.0,
				1.68643
			],
			[
				3847.0,
				1.70471
			]
		]
	}
}
