{
	"ID": 18,
	"name": "M330_35AP_1000Hz",
	"conductivity": 0.0,
	"relPermeability": 0.0,
	"remanence": "no information",
	"linear": false,
	"BHCurve": {
		"default": [
			[
				0.0,
				0.0
			],
			[
				6.0,
				0.00756223
			],
			[
				11.0,
				0.0166639
			],
			[
				16.0,
				0.0272005
			],
			[
				21.0,
				0.0390673
			],
			[
				26.0,
				0.0521596
			],
			[
				31.0,
				0.0663729
			],
			[
				36.0,
				0.0816026
			],
			[
				41.0,
				0.0977439
			],
			[
				46.0,
				0.114692
			],
			[
				51.0,
				0.132343
			],
			[
				56.0,
				0.150592
			],
			[
				61.0,
				0.169334
			],
			[
				66.0,
				0.188464
			],
			[
				71.0,
				0.208237
			],
			[
				76.0,
				0.231376
			],
			[
				81.0,
				0.257192
			],
			[
				86.0,
				0.2841
			],
			[
				91.0,
				0.31077
			],
			[
				96.0,
				0.338257
			],
			[
				101.0,
				0.366409
			],
			[
				106.0,
				0.394561
			],
			[
				111.0,
				0.422733
			],
			[
				116.0,
				0.451357
			],
			[
				121.0,
				0.479232
			],
			[
				126.0,
				0.505136
			],
			[
				131.0,
				0.529051
			],
			[
				136.0,
				0.551741
			],
			[
				141.0,
				0.573782
			],
			[
				146.0,
				0.595749
			],
			[
				151.0,
				0.617996
			],
			[
				156.0,
				0.64021
			],
			[
				161.0,
				0.66215
			],
			[
				166.0,
				0.683585
			],
			[
				171.0,
				0.70429
			],
			[
				176.0,
				0.724371
			],
			[
				181.0,
				0.743968
			],
			[
				186.0,
				0.763121
			],
			[
				191.0,
				0.781867
			],
			[
				196.0,
				0.800245
			],
			[
				201.0,
				0.818305
			],
			[
				206.0,
				0.836056
			],
			[
				211.0,
				0.853475
			],
			[
				216.0,
				0.870538
			],
			[
				221.0,
				0.887223
			],
			[
				226.0,
				0.903505
			],
			[
				231.0,
				0.91939
			],
			[
				236.0,
				0.934924
			],
			[
				241.0,
				0.950155
			],
			[
				246.0,
				0.965131
			],
			[
				251.0,
				0.979901
			],
			[
				256.0,
				0.994512
			],
			[
				261.0,
				1.009
			],
			[
				266.0,
				1.02333
			],
			[
				271.0,
				1.0375
			],
			[
				276.0,
				1.05149
			],
			[
				281.0,
				1.06531
			],
			[
				286.0,
				1.07894
			],
			[
				291.0,
				1.09239
			],
			[
				292.0,
				1.09506
			]
		]
	}
}
