{
	"ID": 44,
	"name": "M330_50A_1000Hz",
	"conductivity": 0.0,
	"relPermeability": 0.0,
	"remanence": "no information",
	"linear": false,
	"BHCurve": {
		"default": [
			[
				0.0,
				0.0
			],
			[
				6.0,
				0.00843005
			],
			[
				11.0,
				0.0176538
			],
			[
				16.0,
				0.0276291
			],
			[
				21.0,
				0.0383137
			],
			[
				26.0,
				0.0496653
			],
			[
				31.0,
				0.0616417
			],
			[
				36.0,
				0.0742007
			],
			[
				41.0,
				0.0873001
			],
			[
				46.0,
				0.100898
			],
			[
				51.0,
				0.114951
			],
			[
				56.0,
				0.129418
			],
			[
				61.0,
				0.144257
			],
			[
				66.0,
				0.159424
			],
			[
				71.0,
				0.174879
			],
			[
				76.0,
				0.190578
			],
			[
				81.0,
				0.206701
			],
			[
				86.0,
				0.224921
			],
			[
				91.0,
				0.244761
			],
			[
				96.0,
				0.265187
			],
			[
				101.0,
				0.285165
			],
			[
				106.0,
				0.303697
			],
			[
				111.0,
				0.321178
			],
			[
				116.0,
				0.33816
			],
			[
				121.0,
				0.354759
			],
			[
				126.0,
				0.371088
			],
			[
				131.0,
				0.387263
			],
			[
				136.0,
				0.403397
			],
			[
				141.0,
				0.419532
			],
			[
				146.0,
				0.435589
			],
			[
				151.0,
				0.451482
			],
			[
				156.0,
				0.467121
			],
			[
				161.0,
				0.482421
			],
			[
				166.0,
				0.497293
			],
			[
				171.0,
				0.511716
			],
			[
				176.0,
				0.525806
			],
			[
				181.0,
				0.5396
			],
			[
				186.0,
				0.553135
			],
			[
				191.0,
				0.566445
			],
			[
				196.0,
				0.579566
			],
			[
				201.0,
				0.592534
			],
			[
				206.0,
				0.605381
			],
			[
				211.0,
				0.618111
			],
			[
				216.0,
				0.630707
			],
			[
				221.0,
				0.643153
			],
			[
				226.0,
				0.655433
			],
			[
				231.0,
				0.667532
			],
			[
				236.0,
				0.679433
			],
			[
				241.0,
				0.691121
			],
			[
				246.0,
				0.70258
			],
			[
				251.0,
				0.713842
			],
			[
				256.0,
				0.724931
			],
			[
				261.0,
				0.735854
			],
			[
				266.0,
				0.746619
			],
			[
				271.0,
				0.757235
			],
			[
				276.0,
				0.767709
			],
			[
				281.0,
				0.778049
			],
			[
				286.0,
				0.788263
			],
			[
				291.0,
				0.79836
			],
			[
				296.0,
				0.808349
			],
			[
				301.0,
				0.818237
			],
			[
				306.0,
				0.828022
			],
			[
				311.0,
				0.8377
			],
			[
				316.0,
				0.847269
			],
			[
				321.0,
				0.856724
			],
			[
				326.0,
				0.866063
			],
			[
				331.0,
				0.875282
			],
			[
				336.0,
				0.884378
			],
			[
				341.0,
				0.893349
			],
			[
				343.0,
				0.896901
			]
		]
	}
}
