{
	"ID": 40,
	"name": "M330_50A_0400Hz",
	"conductivity": 0.0,
	"relPermeability": 1.0,
	"remanence": 0.0,
	"linear": false,
	"BHCurve": {
		"default": [
			[
				0.0,
				0.0
			],
			[
				6.0,
				0.012545
			],
			[
				11.0,
				0.0269478
			],
			[
				16.0,
				0.0430535
			],
			[
				21.0,
				0.060707
			],
			[
				26.0,
				0.0797534
			],
			[
				31.0,
				0.100038
			],
			[
				36.0,
				0.121405
			],
			[
				41.0,
				0.1437
			],
			[
				46.0,
				0.166767
			],
			[
				51.0,
				0.190453
			],
			[
				56.0,
				0.215395
			],
			[
				61.0,
				0.244007
			],
			[
				66.0,
				0.27491
			],
			[
				71.0,
				0.306412
			],
			[
				76.0,
				0.339518
			],
			[
				81.0,
				0.373572
			],
			[
				86.0,
				0.406547
			],
			[
				91.0,
				0.438355
			],
			[
				96.0,
				0.469532
			],
			[
				101.0,
				0.500126
			],
			[
				106.0,
				0.530615
			],
			[
				111.0,
				0.56072
			],
			[
				116.0,
				0.589351
			],
			[
				121.0,
				0.615584
			],
			[
				126.0,
				0.639849
			],
			[
				131.0,
				0.663051
			],
			[
				136.0,
				0.686075
			],
			[
				141.0,
				0.709737
			],
			[
				146.0,
				0.733847
			],
			[
				151.0,
				0.757958
			],
			[
				156.0,
				0.781706
			],
			[
				161.0,
				0.80474
			],
			[
				166.0,
				0.827159
			],
			[
				171.0,
				0.849131
			],
			[
				176.0,
				0.870688
			],
			[
				181.0,
				0.89186
			],
			[
				186.0,
				0.912696
			],
			[
				191.0,
				0.933251
			],
			[
				196.0,
				0.953473
			],
			[
				201.0,
				0.973297
			],
			[
				206.0,
				0.992659
			],
			[
				211.0,
				1.01157
			],
			[
				216.0,
				1.03023
			],
			[
				221.0,
				1.04856
			],
			[
				226.0,
				1.06643
			],
			[
				231.0,
				1.08372
			],
			[
				236.0,
				1.1003
			],
			[
				241.0,
				1.11659
			],
			[
				246.0,
				1.13288
			],
			[
				251.0,
				1.14883
			],
			[
				256.0,
				1.1641
			],
			[
				261.0,
				1.17834
			],
			[
				266.0,
				1.19123
			],
			[
				271.0,
				1.20246
			],
			[
				276.0,
				1.21297
			],
			[
				281.0,
				1.22324
			],
			[
				286.0,
				1.23321
			],
			[
				291.0,
				1.24282
			],
			[
				296.0,
				1.25201
			],
			[
				301.0,
				1.2607
			],
			[
				306.0,
				1.26884
			],
			[
				311.0,
				1.27635
			],
			[
				316.0,
				1.28318
			],
			[
				321.0,
				1.28926
			],
			[
				326.0,
				1.29453
			],
			[
				331.0,
				1.29892
			]
		]
	}
}
