{
	"ID": 21,
	"name": "M330_35A_0100Hz",
	"conductivity": 0.0,
	"relPermeability": 0.0,
	"remanence": "no information",
	"linear": false,
	"BHCurve": {
		"default": [
			[
				0.0,
				0.0
			],
			[
				16.0,
				0.0501605
			],
			[
				31.0,
				0.164052
			],
			[
				49.0,
				0.355647
			],
			[
				61.0,
				0.500075
			],
			[
				73.0,
				0.685943
			],
			[
				85.0,
				0.844029
			],
			[
				103.0,
				0.993822
			],
			[
				127.0,
				1.11174
			],
			[
				151.0,
				1.18864
			],
			[
				231.0,
				1.30767
			],
			[
				311.0,
				1.36081
			],
			[
				391.0,
				1.39379
			],
			[
				471.0,
				1.413
			],
			[
				551.0,
				1.4291
			],
			[
				631.0,
				1.443
			],
			[
				711.0,
				1.45499
			],
			[
				791.0,
				1.46534
			],
			[
				871.0,
				1.47432
			],
			[
				951.0,
				1.48222
			],
			[
				1031.0,
				1.48932
			],
			[
				1111.0,
				1.49588
			],
			[
				1191.0,
				1.50219
			],
			[
				1271.0,
				1.50844
			],
			[
				1351.0,
				1.51464
			],
			[
				1431.0,
				1.52078
			],
			[
				1511.0,
				1.52683
			],
			[
				1591.0,
				1.53278
			],
			[
				1671.0,
				1.53861
			],
			[
				1751.0,
				1.5443
			],
			[
				1831.0,
				1.54985
			],
			[
				1911.0,
				1.55522
			],
			[
				1991.0,
				1.5604
			],
			[
				2071.0,
				1.56538
			],
			[
				2151.0,
				1.57014
			],
			[
				2231.0,
				1.57466
			],
			[
				2311.0,
				1.57892
			],
			[
				2391.0,
				1.58291
			],
			[
				2471.0,
				1.58661
			],
			[
				2551.0,
				1.59001
			],
			[
				2631.0,
				1.59307
			],
			[
				2711.0,
				1.5958
			],
			[
				2791.0,
				1.59817
			],
			[
				2871.0,
				1.60016
			],
			[
				2951.0,
				1.60176
			],
			[
				3031.0,
				1.60294
			],
			[
				3111.0,
				1.6037
			],
			[
				3191.0,
				1.60402
			]
		]
	}
}
