{
	"ID": 29,
	"name": "M330_50AP_0050Hz",
	"conductivity": 0.0,
	"relPermeability": 1.0,
	"remanence": 0.0,
	"linear": false,
	"BHCurve": {
		"default": [
			[
				0.0,
				0.0
			],
			[
				5.0,
				0.0133693
			],
			[
				9.0,
				0.0296542
			],
			[
				13.0,
				0.0486875
			],
			[
				17.0,
				0.0703019
			],
			[
				21.0,
				0.0943304
			],
			[
				25.0,
				0.120606
			],
			[
				29.0,
				0.14896
			],
			[
				33.0,
				0.179228
			],
			[
				37.0,
				0.21124
			],
			[
				41.0,
				0.244831
			],
			[
				45.0,
				0.279832
			],
			[
				49.0,
				0.316076
			],
			[
				53.0,
				0.353398
			],
			[
				57.0,
				0.391628
			],
			[
				61.0,
				0.4306
			],
			[
				65.0,
				0.470147
			],
			[
				69.0,
				0.510678
			],
			[
				73.0,
				0.560838
			],
			[
				77.0,
				0.612742
			],
			[
				81.0,
				0.664174
			],
			[
				85.0,
				0.711122
			],
			[
				89.0,
				0.752662
			],
			[
				96.0,
				0.81819
			],
			[
				103.0,
				0.877495
			],
			[
				110.0,
				0.927963
			],
			[
				117.0,
				0.972135
			],
			[
				124.0,
				1.01067
			],
			[
				131.0,
				1.04559
			],
			[
				138.0,
				1.0769
			],
			[
				145.0,
				1.10373
			],
			[
				152.0,
				1.12754
			],
			[
				159.0,
				1.14941
			],
			[
				166.0,
				1.16922
			],
			[
				173.0,
				1.18688
			],
			[
				197.0,
				1.23541
			],
			[
				221.0,
				1.27426
			],
			[
				245.0,
				1.3022
			],
			[
				269.0,
				1.32363
			],
			[
				694.0,
				1.46839
			],
			[
				1119.0,
				1.51831
			],
			[
				1544.0,
				1.55234
			],
			[
				1969.0,
				1.57794
			],
			[
				2394.0,
				1.59935
			],
			[
				4094.0,
				1.66941
			],
			[
				5794.0,
				1.72121
			],
			[
				7494.0,
				1.76462
			],
			[
				9194.0,
				1.80115
			],
			[
				10894.0,
				1.83261
			],
			[
				12594.0,
				1.86165
			],
			[
				14294.0,
				1.8876
			],
			[
				15994.0,
				1.90953
			],
			[
				17131.0,
				1.92151
			]
		]
	}
}
