{
	"ID": 41,
	"name": "M330_50A_0500Hz",
	"conductivity": 0.0,
	"relPermeability": 0.0,
	"remanence": "no information",
	"linear": false,
	"BHCurve": {
		"default": [
			[
				0.0,
				0.0
			],
			[
				6.0,
				0.0106899
			],
			[
				11.0,
				0.0231244
			],
			[
				16.0,
				0.0371677
			],
			[
				21.0,
				0.0526841
			],
			[
				26.0,
				0.0695378
			],
			[
				31.0,
				0.0875933
			],
			[
				36.0,
				0.106715
			],
			[
				41.0,
				0.126766
			],
			[
				46.0,
				0.147612
			],
			[
				51.0,
				0.169117
			],
			[
				56.0,
				0.191145
			],
			[
				61.0,
				0.214494
			],
			[
				66.0,
				0.241861
			],
			[
				71.0,
				0.271228
			],
			[
				76.0,
				0.300094
			],
			[
				81.0,
				0.327878
			],
			[
				86.0,
				0.355662
			],
			[
				91.0,
				0.383446
			],
			[
				96.0,
				0.411337
			],
			[
				101.0,
				0.439911
			],
			[
				106.0,
				0.468235
			],
			[
				111.0,
				0.495063
			],
			[
				116.0,
				0.519648
			],
			[
				121.0,
				0.542759
			],
			[
				126.0,
				0.564991
			],
			[
				131.0,
				0.586918
			],
			[
				136.0,
				0.609056
			],
			[
				141.0,
				0.631205
			],
			[
				146.0,
				0.653159
			],
			[
				151.0,
				0.6748
			],
			[
				156.0,
				0.696015
			],
			[
				161.0,
				0.716798
			],
			[
				166.0,
				0.737292
			],
			[
				171.0,
				0.757439
			],
			[
				176.0,
				0.777176
			],
			[
				181.0,
				0.796438
			],
			[
				186.0,
				0.815212
			],
			[
				191.0,
				0.833587
			],
			[
				196.0,
				0.851592
			],
			[
				201.0,
				0.869254
			],
			[
				206.0,
				0.886598
			],
			[
				211.0,
				0.903651
			],
			[
				216.0,
				0.920414
			],
			[
				221.0,
				0.936894
			],
			[
				226.0,
				0.953107
			],
			[
				231.0,
				0.969069
			],
			[
				236.0,
				0.984795
			],
			[
				241.0,
				1.0003
			],
			[
				246.0,
				1.01562
			],
			[
				251.0,
				1.03075
			],
			[
				256.0,
				1.04568
			],
			[
				261.0,
				1.0604
			],
			[
				266.0,
				1.07489
			],
			[
				271.0,
				1.08913
			],
			[
				276.0,
				1.10313
			],
			[
				281.0,
				1.11712
			],
			[
				286.0,
				1.13112
			],
			[
				291.0,
				1.14497
			],
			[
				296.0,
				1.15852
			],
			[
				301.0,
				1.17163
			],
			[
				306.0,
				1.18415
			],
			[
				311.0,
				1.19592
			],
			[
				316.0,
				1.20694
			],
			[
				321.0,
				1.21768
			],
			[
				326.0,
				1.22815
			],
			[
				331.0,
				1.23833
			],
			[
				336.0,
				1.2482
			],
			[
				341.0,
				1.25771
			],
			[
				346.0,
				1.26685
			],
			[
				351.0,
				1.27558
			],
			[
				356.0,
				1.28388
			],
			[
				361.0,
				1.29171
			],
			[
				365.0,
				1.29763
			]
		]
	}
}
