{
	"ID": 20,
	"name": "M330_35A_0060Hz",
	"conductivity": 0.0,
	"relPermeability": 0.0,
	"remanence": "no information",
	"linear": false,
	"BHCurve": {
		"default": [
			[
				0.0,
				0.0
			],
			[
				9.0,
				0.020394
			],
			[
				17.0,
				0.0560692
			],
			[
				25.0,
				0.105016
			],
			[
				33.0,
				0.165227
			],
			[
				41.0,
				0.234692
			],
			[
				49.0,
				0.311401
			],
			[
				57.0,
				0.393347
			],
			[
				62.0,
				0.44633
			],
			[
				67.0,
				0.500083
			],
			[
				72.0,
				0.571044
			],
			[
				77.0,
				0.639103
			],
			[
				82.0,
				0.700102
			],
			[
				87.0,
				0.758202
			],
			[
				92.0,
				0.80959
			],
			[
				97.0,
				0.853717
			],
			[
				102.0,
				0.892849
			],
			[
				107.0,
				0.928052
			],
			[
				122.0,
				1.01543
			],
			[
				137.0,
				1.08221
			],
			[
				152.0,
				1.13185
			],
			[
				167.0,
				1.17233
			],
			[
				191.0,
				1.22017
			],
			[
				215.0,
				1.25827
			],
			[
				475.0,
				1.4121
			],
			[
				735.0,
				1.47174
			],
			[
				995.0,
				1.50772
			],
			[
				1255.0,
				1.53455
			],
			[
				1515.0,
				1.55647
			],
			[
				1775.0,
				1.5747
			],
			[
				2035.0,
				1.59048
			],
			[
				3075.0,
				1.64421
			],
			[
				4115.0,
				1.68571
			],
			[
				5155.0,
				1.71628
			],
			[
				6195.0,
				1.74355
			],
			[
				7235.0,
				1.76832
			],
			[
				8275.0,
				1.78911
			],
			[
				9315.0,
				1.80445
			],
			[
				10355.0,
				1.81286
			],
			[
				10405.0,
				1.81307
			]
		]
	}
}
