{
	"ID": 15,
	"name": "M330_35AP_0060Hz",
	"conductivity": 0.0,
	"relPermeability": 0.0,
	"remanence": "no information",
	"linear": false,
	"BHCurve": {
		"default": [
			[
				0.0,
				0.0
			],
			[
				16.0,
				0.173949
			],
			[
				31.0,
				0.36371
			],
			[
				46.0,
				0.553644
			],
			[
				58.0,
				0.695203
			],
			[
				70.0,
				0.818853
			],
			[
				75.0,
				0.863185
			],
			[
				80.0,
				0.902437
			],
			[
				85.0,
				0.936031
			],
			[
				90.0,
				0.963387
			],
			[
				95.0,
				0.983927
			],
			[
				100.0,
				0.99707
			],
			[
				118.0,
				1.01912
			],
			[
				136.0,
				1.03987
			],
			[
				296.0,
				1.19757
			],
			[
				456.0,
				1.31246
			],
			[
				616.0,
				1.3921
			],
			[
				776.0,
				1.44408
			],
			[
				936.0,
				1.47594
			],
			[
				1096.0,
				1.49528
			],
			[
				1256.0,
				1.5096
			],
			[
				1416.0,
				1.52314
			],
			[
				1576.0,
				1.53612
			],
			[
				1736.0,
				1.54854
			],
			[
				1896.0,
				1.56041
			],
			[
				2056.0,
				1.57174
			],
			[
				2216.0,
				1.58254
			],
			[
				2376.0,
				1.59283
			],
			[
				3016.0,
				1.62893
			],
			[
				3656.0,
				1.65746
			],
			[
				4296.0,
				1.679
			],
			[
				4936.0,
				1.69417
			],
			[
				5576.0,
				1.70356
			],
			[
				6216.0,
				1.70777
			],
			[
				6360.0,
				1.70806
			]
		]
	}
}
