{
	"ID": 22,
	"name": "M330_35A_0200Hz",
	"conductivity": 0.0,
	"relPermeability": 0.0,
	"remanence": "no information",
	"linear": false,
	"BHCurve": {
		"default": [
			[
				0.0,
				0.0
			],
			[
				25.0,
				0.0906984
			],
			[
				49.0,
				0.28586
			],
			[
				74.0,
				0.555406
			],
			[
				92.0,
				0.788167
			],
			[
				116.0,
				1.02216
			],
			[
				140.0,
				1.14476
			],
			[
				165.0,
				1.21321
			],
			[
				190.0,
				1.25965
			],
			[
				215.0,
				1.29271
			],
			[
				240.0,
				1.31418
			],
			[
				265.0,
				1.33262
			],
			[
				290.0,
				1.34879
			],
			[
				315.0,
				1.36283
			],
			[
				340.0,
				1.37487
			],
			[
				365.0,
				1.38503
			],
			[
				390.0,
				1.39346
			],
			[
				415.0,
				1.40028
			],
			[
				440.0,
				1.40622
			],
			[
				465.0,
				1.41203
			],
			[
				490.0,
				1.41769
			],
			[
				515.0,
				1.42321
			],
			[
				540.0,
				1.42858
			],
			[
				565.0,
				1.43379
			],
			[
				590.0,
				1.43884
			],
			[
				615.0,
				1.44373
			],
			[
				640.0,
				1.44846
			],
			[
				665.0,
				1.45301
			],
			[
				690.0,
				1.45739
			],
			[
				715.0,
				1.46158
			],
			[
				740.0,
				1.46559
			],
			[
				765.0,
				1.46942
			],
			[
				790.0,
				1.47305
			],
			[
				815.0,
				1.47648
			],
			[
				840.0,
				1.47972
			],
			[
				865.0,
				1.48274
			],
			[
				890.0,
				1.48556
			],
			[
				915.0,
				1.48816
			],
			[
				940.0,
				1.49054
			],
			[
				965.0,
				1.4927
			],
			[
				990.0,
				1.49464
			],
			[
				1015.0,
				1.49634
			],
			[
				1040.0,
				1.49781
			],
			[
				1065.0,
				1.49903
			],
			[
				1090.0,
				1.50002
			],
			[
				1115.0,
				1.50075
			],
			[
				1140.0,
				1.50123
			],
			[
				1165.0,
				1.50146
			],
			[
				1170.0,
				1.50147
			]
		]
	}
}
