{
	"ID": 19,
	"name": "M330_35A_0050Hz",
	"conductivity": 0.0,
	"relPermeability": 0.0,
	"remanence": "no information",
	"linear": false,
	"BHCurve": {
		"default": [
			[
				0.0,
				0.0
			],
			[
				4.0,
				0.00744106
			],
			[
				7.0,
				0.0180084
			],
			[
				10.0,
				0.0315336
			],
			[
				13.0,
				0.0478482
			],
			[
				16.0,
				0.0667838
			],
			[
				19.0,
				0.0881717
			],
			[
				22.0,
				0.111844
			],
			[
				25.0,
				0.137631
			],
			[
				28.0,
				0.165366
			],
			[
				31.0,
				0.194879
			],
			[
				34.0,
				0.226002
			],
			[
				37.0,
				0.258567
			],
			[
				40.0,
				0.292405
			],
			[
				43.0,
				0.327348
			],
			[
				46.0,
				0.363227
			],
			[
				49.0,
				0.399873
			],
			[
				52.0,
				0.437119
			],
			[
				55.0,
				0.474796
			],
			[
				58.0,
				0.514127
			],
			[
				61.0,
				0.566072
			],
			[
				64.0,
				0.615309
			],
			[
				67.0,
				0.658969
			],
			[
				70.0,
				0.700087
			],
			[
				73.0,
				0.739534
			],
			[
				76.0,
				0.776925
			],
			[
				79.0,
				0.811178
			],
			[
				82.0,
				0.843293
			],
			[
				85.0,
				0.87317
			],
			[
				88.0,
				0.900109
			],
			[
				91.0,
				0.924496
			],
			[
				94.0,
				0.94722
			],
			[
				109.0,
				1.03986
			],
			[
				124.0,
				1.10764
			],
			[
				139.0,
				1.15755
			],
			[
				154.0,
				1.19598
			],
			[
				169.0,
				1.22569
			],
			[
				184.0,
				1.25182
			],
			[
				199.0,
				1.27402
			],
			[
				223.0,
				1.30028
			],
			[
				247.0,
				1.3193
			],
			[
				271.0,
				1.33628
			],
			[
				295.0,
				1.35131
			],
			[
				755.0,
				1.46168
			],
			[
				1215.0,
				1.50531
			],
			[
				1675.0,
				1.53668
			],
			[
				2135.0,
				1.56119
			],
			[
				2595.0,
				1.58132
			],
			[
				4435.0,
				1.64933
			],
			[
				6275.0,
				1.70262
			],
			[
				8115.0,
				1.74883
			],
			[
				9955.0,
				1.78927
			],
			[
				11795.0,
				1.82394
			],
			[
				13635.0,
				1.85546
			],
			[
				15475.0,
				1.88405
			],
			[
				17315.0,
				1.90883
			],
			[
				18593.0,
				1.92335
			]
		]
	}
}
