{
	"ID": 16,
	"name": "M330_35AP_0400Hz",
	"conductivity": 0.0,
	"relPermeability": 0.0,
	"remanence": "no information",
	"linear": false,
	"BHCurve": {
		"default": [
			[
				0.0,
				0.0
			],
			[
				11.0,
				0.0220348
			],
			[
				21.0,
				0.0555562
			],
			[
				31.0,
				0.0980664
			],
			[
				41.0,
				0.147068
			],
			[
				51.0,
				0.200063
			],
			[
				75.0,
				0.390915
			],
			[
				85.0,
				0.481335
			],
			[
				95.0,
				0.580568
			],
			[
				105.0,
				0.67312
			],
			[
				115.0,
				0.765946
			],
			[
				139.0,
				0.93592
			],
			[
				149.0,
				1.00686
			],
			[
				159.0,
				1.07132
			],
			[
				169.0,
				1.12735
			],
			[
				179.0,
				1.1771
			],
			[
				189.0,
				1.21303
			],
			[
				199.0,
				1.24267
			],
			[
				209.0,
				1.26804
			],
			[
				219.0,
				1.28797
			],
			[
				229.0,
				1.30132
			],
			[
				239.0,
				1.31145
			],
			[
				249.0,
				1.32114
			],
			[
				259.0,
				1.33035
			],
			[
				269.0,
				1.33908
			],
			[
				279.0,
				1.34731
			],
			[
				289.0,
				1.35502
			],
			[
				299.0,
				1.36219
			],
			[
				309.0,
				1.3688
			],
			[
				319.0,
				1.37484
			],
			[
				329.0,
				1.38029
			],
			[
				339.0,
				1.38513
			],
			[
				349.0,
				1.38935
			],
			[
				359.0,
				1.39291
			],
			[
				369.0,
				1.39582
			],
			[
				379.0,
				1.39804
			],
			[
				389.0,
				1.39957
			],
			[
				399.0,
				1.40037
			],
			[
				403.0,
				1.40049
			]
		]
	}
}
