{
	"ID": 38,
	"name": "M330_50A_0100Hz",
	"conductivity": 0.0,
	"relPermeability": 0.0,
	"remanence": "no information",
	"linear": false,
	"BHCurve": {
		"default": [
			[
				0.0,
				0.0
			],
			[
				25.0,
				0.155571
			],
			[
				49.0,
				0.376075
			],
			[
				94.0,
				0.853343
			],
			[
				112.0,
				0.974984
			],
			[
				136.0,
				1.07626
			],
			[
				160.0,
				1.13922
			],
			[
				205.0,
				1.21235
			],
			[
				250.0,
				1.25842
			],
			[
				295.0,
				1.29081
			],
			[
				340.0,
				1.31145
			],
			[
				385.0,
				1.32876
			],
			[
				430.0,
				1.34394
			],
			[
				475.0,
				1.35719
			],
			[
				520.0,
				1.3687
			],
			[
				565.0,
				1.37866
			],
			[
				610.0,
				1.38729
			],
			[
				655.0,
				1.39476
			],
			[
				700.0,
				1.40129
			],
			[
				745.0,
				1.40739
			],
			[
				790.0,
				1.41339
			],
			[
				835.0,
				1.41928
			],
			[
				880.0,
				1.42504
			],
			[
				925.0,
				1.43067
			],
			[
				970.0,
				1.43615
			],
			[
				1015.0,
				1.44149
			],
			[
				1060.0,
				1.44666
			],
			[
				1105.0,
				1.45166
			],
			[
				1150.0,
				1.45649
			],
			[
				1195.0,
				1.46112
			],
			[
				1240.0,
				1.46556
			],
			[
				1285.0,
				1.4698
			],
			[
				1330.0,
				1.47381
			],
			[
				1375.0,
				1.47761
			],
			[
				1420.0,
				1.48117
			],
			[
				1465.0,
				1.48449
			],
			[
				1510.0,
				1.48756
			],
			[
				1555.0,
				1.49036
			],
			[
				1600.0,
				1.4929
			],
			[
				1645.0,
				1.49516
			],
			[
				1690.0,
				1.49713
			],
			[
				1735.0,
				1.49881
			],
			[
				1780.0,
				1.50018
			],
			[
				1825.0,
				1.50123
			],
			[
				1870.0,
				1.50197
			],
			[
				1915.0,
				1.50237
			],
			[
				1937.0,
				1.50244
			]
		]
	}
}
