{
	"ID": 30,
	"name": "M330_50AP_0060Hz",
	"conductivity": 0.0,
	"relPermeability": 1.0,
	"remanence": 0.0,
	"linear": false,
	"BHCurve": {
		"default": [
			[
				0.0,
				0.0
			],
			[
				13.0,
				0.0313755
			],
			[
				25.0,
				0.0953644
			],
			[
				37.0,
				0.185226
			],
			[
				55.0,
				0.353786
			],
			[
				63.0,
				0.436569
			],
			[
				71.0,
				0.525634
			],
			[
				79.0,
				0.63537
			],
			[
				91.0,
				0.768809
			],
			[
				103.0,
				0.877761
			],
			[
				115.0,
				0.960104
			],
			[
				133.0,
				1.05494
			],
			[
				157.0,
				1.14342
			],
			[
				181.0,
				1.20432
			],
			[
				205.0,
				1.24884
			],
			[
				335.0,
				1.36998
			],
			[
				465.0,
				1.41881
			],
			[
				595.0,
				1.44982
			],
			[
				725.0,
				1.47285
			],
			[
				855.0,
				1.49029
			],
			[
				985.0,
				1.50453
			],
			[
				1115.0,
				1.51731
			],
			[
				1245.0,
				1.52892
			],
			[
				1375.0,
				1.53947
			],
			[
				1505.0,
				1.54909
			],
			[
				1635.0,
				1.55788
			],
			[
				1765.0,
				1.56598
			],
			[
				1895.0,
				1.57348
			],
			[
				2025.0,
				1.58052
			],
			[
				2155.0,
				1.5872
			],
			[
				2675.0,
				1.61251
			],
			[
				3195.0,
				1.63666
			],
			[
				3715.0,
				1.65886
			],
			[
				4235.0,
				1.67831
			],
			[
				4755.0,
				1.69423
			],
			[
				5275.0,
				1.70582
			],
			[
				5324.0,
				1.70666
			]
		]
	}
}
