{
	"ID": 49,
	"name": "M400_50A_0200Hz",
	"conductivity": 0.0,
	"relPermeability": 0.0,
	"remanence": "no information",
	"linear": false,
	"BHCurve": {
		"default": [
			[
				0.0,
				0.0
			],
			[
				25.0,
				0.0842355
			],
			[
				49.0,
				0.212241
			],
			[
				79.0,
				0.412801
			],
			[
				109.0,
				0.659476
			],
			[
				139.0,
				0.886638
			],
			[
				169.0,
				1.06723
			],
			[
				193.0,
				1.16522
			],
			[
				217.0,
				1.22064
			],
			[
				247.0,
				1.26452
			],
			[
				277.0,
				1.2943
			],
			[
				307.0,
				1.31541
			],
			[
				337.0,
				1.33385
			],
			[
				367.0,
				1.35004
			],
			[
				397.0,
				1.36412
			],
			[
				427.0,
				1.37622
			],
			[
				457.0,
				1.3865
			],
			[
				487.0,
				1.3951
			],
			[
				517.0,
				1.40219
			],
			[
				547.0,
				1.40876
			],
			[
				577.0,
				1.41518
			],
			[
				607.0,
				1.42145
			],
			[
				637.0,
				1.42755
			],
			[
				667.0,
				1.43348
			],
			[
				697.0,
				1.43923
			],
			[
				727.0,
				1.44478
			],
			[
				757.0,
				1.45014
			],
			[
				787.0,
				1.45528
			],
			[
				817.0,
				1.4602
			],
			[
				847.0,
				1.4649
			],
			[
				877.0,
				1.46936
			],
			[
				907.0,
				1.47357
			],
			[
				937.0,
				1.47752
			],
			[
				967.0,
				1.48121
			],
			[
				997.0,
				1.48462
			],
			[
				1027.0,
				1.48775
			],
			[
				1057.0,
				1.49059
			],
			[
				1087.0,
				1.49312
			],
			[
				1117.0,
				1.49534
			],
			[
				1147.0,
				1.49725
			],
			[
				1177.0,
				1.49882
			],
			[
				1207.0,
				1.50005
			],
			[
				1237.0,
				1.50094
			],
			[
				1267.0,
				1.50146
			],
			[
				1291.0,
				1.50162
			]
		]
	}
}
