{
	"ID": 48,
	"name": "M400_50A_0100Hz",
	"conductivity": 0.0,
	"relPermeability": 1.0,
	"remanence": 0.0,
	"linear": false,
	"BHCurve": {
		"default": [
			[
				0.0,
				0.0
			],
			[
				19.0,
				0.0603769
			],
			[
				37.0,
				0.160964
			],
			[
				61.0,
				0.338973
			],
			[
				85.0,
				0.553987
			],
			[
				97.0,
				0.680892
			],
			[
				121.0,
				0.892805
			],
			[
				139.0,
				1.00521
			],
			[
				157.0,
				1.08316
			],
			[
				181.0,
				1.15505
			],
			[
				205.0,
				1.20536
			],
			[
				285.0,
				1.30178
			],
			[
				365.0,
				1.35048
			],
			[
				445.0,
				1.38425
			],
			[
				525.0,
				1.4052
			],
			[
				605.0,
				1.42126
			],
			[
				685.0,
				1.43536
			],
			[
				765.0,
				1.44771
			],
			[
				845.0,
				1.45853
			],
			[
				925.0,
				1.46802
			],
			[
				1005.0,
				1.47642
			],
			[
				1085.0,
				1.48392
			],
			[
				1165.0,
				1.49075
			],
			[
				1245.0,
				1.49711
			],
			[
				1325.0,
				1.50323
			],
			[
				1405.0,
				1.50929
			],
			[
				1485.0,
				1.51531
			],
			[
				1565.0,
				1.52127
			],
			[
				1645.0,
				1.52716
			],
			[
				1725.0,
				1.53295
			],
			[
				1805.0,
				1.53863
			],
			[
				1885.0,
				1.54419
			],
			[
				1965.0,
				1.54961
			],
			[
				2045.0,
				1.55487
			],
			[
				2125.0,
				1.55996
			],
			[
				2205.0,
				1.56485
			],
			[
				2285.0,
				1.56954
			],
			[
				2365.0,
				1.574
			],
			[
				2445.0,
				1.57823
			],
			[
				2525.0,
				1.5822
			],
			[
				2605.0,
				1.58589
			],
			[
				2685.0,
				1.5893
			],
			[
				2765.0,
				1.5924
			],
			[
				2845.0,
				1.59517
			],
			[
				2925.0,
				1.59761
			],
			[
				3005.0,
				1.5997
			],
			[
				3085.0,
				1.60141
			],
			[
				3165.0,
				1.60273
			],
			[
				3245.0,
				1.60365
			],
			[
				3325.0,
				1.60415
			],
			[
				3357.0,
				1.60423
			]
		]
	}
}
