{
	"ID": 47,
	"name": "M400_50A_0060Hz",
	"conductivity": 0.0,
	"relPermeability": 0.0,
	"remanence": "no information",
	"linear": false,
	"BHCurve": {
		"default": [
			[
				0.0,
				0.0
			],
			[
				19.0,
				0.157343
			],
			[
				37.0,
				0.326262
			],
			[
				61.0,
				0.551623
			],
			[
				85.0,
				0.754671
			],
			[
				94.0,
				0.820059
			],
			[
				103.0,
				0.877571
			],
			[
				108.0,
				0.905643
			],
			[
				113.0,
				0.930663
			],
			[
				118.0,
				0.952409
			],
			[
				123.0,
				0.970661
			],
			[
				128.0,
				0.985197
			],
			[
				133.0,
				0.995794
			],
			[
				157.0,
				1.02501
			],
			[
				181.0,
				1.05236
			],
			[
				346.0,
				1.21192
			],
			[
				511.0,
				1.32742
			],
			[
				676.0,
				1.40661
			],
			[
				841.0,
				1.45727
			],
			[
				1006.0,
				1.48716
			],
			[
				1171.0,
				1.50416
			],
			[
				1336.0,
				1.5179
			],
			[
				1501.0,
				1.53105
			],
			[
				1666.0,
				1.54364
			],
			[
				1831.0,
				1.55567
			],
			[
				1996.0,
				1.56715
			],
			[
				2656.0,
				1.60782
			],
			[
				3316.0,
				1.64055
			],
			[
				3976.0,
				1.66602
			],
			[
				4636.0,
				1.68487
			],
			[
				5296.0,
				1.69778
			],
			[
				5956.0,
				1.7054
			],
			[
				6616.0,
				1.7084
			],
			[
				6628.0,
				1.70842
			]
		]
	}
}
