{
	"ID": 46,
	"name": "M400_50A_0050Hz",
	"conductivity": 0.0,
	"relPermeability": 1.0,
	"remanence": 0.0,
	"linear": false,
	"BHCurve": {
		"default": [
			[
				0.0,
				0.0
			],
			[
				3.0,
				0.00120327
			],
			[
				5.0,
				0.00475479
			],
			[
				7.0,
				0.0105671
			],
			[
				9.0,
				0.0185529
			],
			[
				11.0,
				0.0286247
			],
			[
				13.0,
				0.040695
			],
			[
				15.0,
				0.0546765
			],
			[
				17.0,
				0.0704818
			],
			[
				19.0,
				0.0880233
			],
			[
				21.0,
				0.107214
			],
			[
				23.0,
				0.127966
			],
			[
				25.0,
				0.150192
			],
			[
				27.0,
				0.173804
			],
			[
				29.0,
				0.198716
			],
			[
				31.0,
				0.22484
			],
			[
				33.0,
				0.252088
			],
			[
				35.0,
				0.280373
			],
			[
				37.0,
				0.309608
			],
			[
				39.0,
				0.339704
			],
			[
				41.0,
				0.370576
			],
			[
				43.0,
				0.402135
			],
			[
				45.0,
				0.434293
			],
			[
				47.0,
				0.466964
			],
			[
				49.0,
				0.50006
			],
			[
				51.0,
				0.545882
			],
			[
				53.0,
				0.600065
			],
			[
				55.0,
				0.650068
			],
			[
				57.0,
				0.70007
			],
			[
				59.0,
				0.753251
			],
			[
				61.0,
				0.800075
			],
			[
				63.0,
				0.834075
			],
			[
				65.0,
				0.862774
			],
			[
				67.0,
				0.888092
			],
			[
				69.0,
				0.911833
			],
			[
				71.0,
				0.93439
			],
			[
				73.0,
				0.955479
			],
			[
				75.0,
				0.974844
			],
			[
				77.0,
				0.992228
			],
			[
				79.0,
				1.00756
			],
			[
				81.0,
				1.02182
			],
			[
				83.0,
				1.03523
			],
			[
				85.0,
				1.04782
			],
			[
				87.0,
				1.05964
			],
			[
				105.0,
				1.14141
			],
			[
				123.0,
				1.19777
			],
			[
				141.0,
				1.23678
			],
			[
				159.0,
				1.26847
			],
			[
				177.0,
				1.29279
			],
			[
				602.0,
				1.45941
			],
			[
				1027.0,
				1.51096
			],
			[
				1452.0,
				1.54891
			],
			[
				1877.0,
				1.57811
			],
			[
				2302.0,
				1.60064
			],
			[
				2727.0,
				1.61905
			],
			[
				4427.0,
				1.6735
			],
			[
				6127.0,
				1.71767
			],
			[
				7827.0,
				1.76048
			],
			[
				9527.0,
				1.79851
			],
			[
				11227.0,
				1.83128
			],
			[
				12927.0,
				1.86142
			],
			[
				14627.0,
				1.8886
			],
			[
				16327.0,
				1.91201
			],
			[
				17128.0,
				1.9215
			]
		]
	}
}
