{
	"ID": 50,
	"name": "M400_50A_050Hz",
	"conductivity": 0.0,
	"relPermeability": 1.0,
	"remanence": 0.0,
	"linear": false,
	"BHCurve": {
		"default": [
			[
				0.0,
				0.0
			],
			[
				10.0,
				0.0286247
			],
			[
				20.0,
				0.107214
			],
			[
				30.0,
				0.22484
			],
			[
				40.0,
				0.370576
			],
			[
				50.0,
				0.545882
			],
			[
				60.0,
				0.800075
			],
			[
				70.0,
				0.93439
			],
			[
				80.0,
				1.02182
			],
			[
				90.0,
				1.08116
			],
			[
				100.0,
				1.12568
			],
			[
				110.0,
				1.16291
			],
			[
				120.0,
				1.19275
			],
			[
				130.0,
				1.21601
			],
			[
				140.0,
				1.23678
			],
			[
				150.0,
				1.25529
			],
			[
				160.0,
				1.27154
			],
			[
				170.0,
				1.28551
			],
			[
				180.0,
				1.29718
			],
			[
				190.0,
				1.30699
			],
			[
				200.0,
				1.31624
			],
			[
				210.0,
				1.32503
			],
			[
				220.0,
				1.33337
			],
			[
				230.0,
				1.34126
			],
			[
				240.0,
				1.3487
			],
			[
				250.0,
				1.3557
			],
			[
				260.0,
				1.36226
			],
			[
				270.0,
				1.3684
			],
			[
				280.0,
				1.37412
			],
			[
				290.0,
				1.37941
			],
			[
				300.0,
				1.3843
			],
			[
				310.0,
				1.38877
			],
			[
				320.0,
				1.39285
			],
			[
				330.0,
				1.39653
			],
			[
				340.0,
				1.39982
			],
			[
				350.0,
				1.40282
			],
			[
				360.0,
				1.40576
			],
			[
				370.0,
				1.40862
			],
			[
				380.0,
				1.41143
			],
			[
				390.0,
				1.41417
			],
			[
				400.0,
				1.41685
			],
			[
				410.0,
				1.41946
			],
			[
				420.0,
				1.42202
			],
			[
				430.0,
				1.42452
			],
			[
				440.0,
				1.42697
			],
			[
				450.0,
				1.42935
			],
			[
				460.0,
				1.43169
			],
			[
				470.0,
				1.43397
			],
			[
				480.0,
				1.43619
			],
			[
				490.0,
				1.43837
			],
			[
				500.0,
				1.44049
			],
			[
				510.0,
				1.44257
			],
			[
				520.0,
				1.4446
			],
			[
				530.0,
				1.44658
			],
			[
				540.0,
				1.44852
			],
			[
				550.0,
				1.45041
			],
			[
				560.0,
				1.45226
			],
			[
				570.0,
				1.45406
			],
			[
				580.0,
				1.45583
			],
			[
				590.0,
				1.45756
			],
			[
				600.0,
				1.45924
			],
			[
				610.0,
				1.46089
			],
			[
				620.0,
				1.46251
			],
			[
				630.0,
				1.46409
			],
			[
				640.0,
				1.46563
			],
			[
				650.0,
				1.46715
			],
			[
				660.0,
				1.46863
			],
			[
				670.0,
				1.47008
			],
			[
				680.0,
				1.4715
			],
			[
				690.0,
				1.47289
			],
			[
				700.0,
				1.47426
			],
			[
				710.0,
				1.4756
			],
			[
				720.0,
				1.47692
			],
			[
				730.0,
				1.47821
			],
			[
				740.0,
				1.47948
			],
			[
				750.0,
				1.48073
			],
			[
				760.0,
				1.48196
			],
			[
				770.0,
				1.48317
			],
			[
				780.0,
				1.48437
			],
			[
				790.0,
				1.48555
			],
			[
				800.0,
				1.48671
			],
			[
				810.0,
				1.48786
			],
			[
				820.0,
				1.48899
			],
			[
				830.0,
				1.49011
			],
			[
				840.0,
				1.49123
			],
			[
				850.0,
				1.49233
			],
			[
				860.0,
				1.49343
			],
			[
				870.0,
				1.49451
			],
			[
				880.0,
				1.4956
			],
			[
				890.0,
				1.49667
			],
			[
				900.0,
				1.49775
			],
			[
				910.0,
				1.49882
			],
			[
				920.0,
				1.49989
			],
			[
				930.0,
				1.50096
			],
			[
				940.0,
				1.50203
			],
			[
				950.0,
				1.50309
			],
			[
				960.0,
				1.50414
			],
			[
				970.0,
				1.50519
			],
			[
				980.0,
				1.50624
			],
			[
				990.0,
				1.50727
			],
			[
				1000.0,
				1.50831
			],
			[
				1010.0,
				1.50933
			],
			[
				1020.0,
				1.51035
			],
			[
				1030.0,
				1.51136
			],
			[
				1040.0,
				1.51237
			],
			[
				1050.0,
				1.51337
			],
			[
				1060.0,
				1.51437
			],
			[
				1070.0,
				1.51536
			],
			[
				1080.0,
				1.51634
			],
			[
				1090.0,
				1.51732
			],
			[
				1100.0,
				1.51829
			],
			[
				1110.0,
				1.51926
			],
			[
				1120.0,
				1.52022
			],
			[
				1130.0,
				1.52117
			],
			[
				1140.0,
				1.52212
			],
			[
				1150.0,
				1.52306
			],
			[
				1160.0,
				1.524
			],
			[
				1170.0,
				1.52493
			],
			[
				1180.0,
				1.52586
			],
			[
				1190.0,
				1.52678
			],
			[
				1200.0,
				1.52769
			],
			[
				1210.0,
				1.5286
			],
			[
				1220.0,
				1.52951
			],
			[
				1230.0,
				1.5304
			],
			[
				1240.0,
				1.5313
			],
			[
				1250.0,
				1.53218
			],
			[
				1260.0,
				1.53307
			],
			[
				1270.0,
				1.53394
			],
			[
				1280.0,
				1.53481
			],
			[
				1290.0,
				1.53568
			],
			[
				1300.0,
				1.53654
			],
			[
				1310.0,
				1.5374
			],
			[
				1320.0,
				1.53825
			],
			[
				1330.0,
				1.53909
			],
			[
				1340.0,
				1.53993
			],
			[
				1350.0,
				1.54077
			],
			[
				1360.0,
				1.5416
			],
			[
				1370.0,
				1.54242
			],
			[
				1380.0,
				1.54324
			],
			[
				1390.0,
				1.54405
			],
			[
				1400.0,
				1.54486
			],
			[
				1410.0,
				1.54567
			],
			[
				1420.0,
				1.54647
			],
			[
				1430.0,
				1.54726
			],
			[
				1440.0,
				1.54805
			],
			[
				1450.0,
				1.54884
			],
			[
				1460.0,
				1.54962
			],
			[
				1470.0,
				1.55039
			],
			[
				1480.0,
				1.55116
			],
			[
				1490.0,
				1.55193
			],
			[
				1500.0,
				1.55269
			],
			[
				1510.0,
				1.55344
			],
			[
				1520.0,
				1.55419
			],
			[
				1530.0,
				1.55494
			],
			[
				1540.0,
				1.55568
			],
			[
				1550.0,
				1.55642
			],
			[
				1560.0,
				1.55715
			],
			[
				1570.0,
				1.55788
			],
			[
				1580.0,
				1.55861
			],
			[
				1590.0,
				1.55932
			],
			[
				1600.0,
				1.56004
			],
			[
				1610.0,
				1.56075
			],
			[
				1620.0,
				1.56146
			],
			[
				1630.0,
				1.56216
			],
			[
				1640.0,
				1.56285
			],
			[
				1650.0,
				1.56355
			],
			[
				1660.0,
				1.56424
			],
			[
				1670.0,
				1.56492
			],
			[
				1680.0,
				1.5656
			],
			[
				1690.0,
				1.56628
			],
			[
				1700.0,
				1.56695
			],
			[
				1710.0,
				1.56761
			],
			[
				1720.0,
				1.56828
			],
			[
				1730.0,
				1.56894
			],
			[
				1740.0,
				1.56959
			],
			[
				1750.0,
				1.57024
			],
			[
				1760.0,
				1.57089
			],
			[
				1770.0,
				1.57153
			],
			[
				1780.0,
				1.57217
			],
			[
				1790.0,
				1.57281
			],
			[
				1800.0,
				1.57344
			],
			[
				1810.0,
				1.57407
			],
			[
				1820.0,
				1.57469
			],
			[
				1830.0,
				1.57531
			],
			[
				1840.0,
				1.57592
			],
			[
				1850.0,
				1.57654
			],
			[
				1860.0,
				1.57714
			],
			[
				1870.0,
				1.57775
			],
			[
				1880.0,
				1.57835
			],
			[
				1890.0,
				1.57895
			],
			[
				1900.0,
				1.57954
			],
			[
				1910.0,
				1.58013
			],
			[
				1920.0,
				1.58072
			],
			[
				1930.0,
				1.5813
			],
			[
				1940.0,
				1.58188
			],
			[
				1950.0,
				1.58245
			],
			[
				1960.0,
				1.58302
			],
			[
				1970.0,
				1.58359
			],
			[
				1980.0,
				1.58416
			],
			[
				1990.0,
				1.58472
			],
			[
				2000.0,
				1.58528
			],
			[
				2010.0,
				1.58583
			],
			[
				2020.0,
				1.58639
			],
			[
				2030.0,
				1.58693
			],
			[
				2040.0,
				1.58748
			],
			[
				2050.0,
				1.58802
			],
			[
				2060.0,
				1.58856
			],
			[
				2070.0,
				1.5891
			],
			[
				2080.0,
				1.58963
			],
			[
				2090.0,
				1.59016
			],
			[
				2100.0,
				1.59068
			],
			[
				2110.0,
				1.59121
			],
			[
				2120.0,
				1.59173
			],
			[
				2130.0,
				1.59224
			],
			[
				2140.0,
				1.59276
			],
			[
				2150.0,
				1.59327
			],
			[
				2160.0,
				1.59378
			],
			[
				2170.0,
				1.59428
			],
			[
				2180.0,
				1.59478
			],
			[
				2190.0,
				1.59528
			],
			[
				2200.0,
				1.59578
			],
			[
				2210.0,
				1.59627
			],
			[
				2220.0,
				1.59676
			],
			[
				2230.0,
				1.59725
			],
			[
				2240.0,
				1.59774
			],
			[
				2250.0,
				1.59822
			],
			[
				2260.0,
				1.5987
			],
			[
				2270.0,
				1.59918
