{
	"ID": 63,
	"name": "M470_65A_0400Hz",
	"conductivity": 0.0,
	"relPermeability": 0.0,
	"remanence": "no information",
	"linear": false,
	"BHCurve": {
		"default": [
			[
				0.0,
				0.0
			],
			[
				11.0,
				0.0129078
			],
			[
				21.0,
				0.0308053
			],
			[
				31.0,
				0.0530507
			],
			[
				41.0,
				0.0790019
			],
			[
				51.0,
				0.108017
			],
			[
				61.0,
				0.139455
			],
			[
				71.0,
				0.172673
			],
			[
				81.0,
				0.207395
			],
			[
				105.0,
				0.31858
			],
			[
				115.0,
				0.365236
			],
			[
				125.0,
				0.408245
			],
			[
				135.0,
				0.446264
			],
			[
				145.0,
				0.482181
			],
			[
				155.0,
				0.518442
			],
			[
				165.0,
				0.554859
			],
			[
				175.0,
				0.590081
			],
			[
				185.0,
				0.623233
			],
			[
				195.0,
				0.654929
			],
			[
				205.0,
				0.685414
			],
			[
				215.0,
				0.714862
			],
			[
				225.0,
				0.743324
			],
			[
				235.0,
				0.77089
			],
			[
				245.0,
				0.797669
			],
			[
				255.0,
				0.82377
			],
			[
				265.0,
				0.849217
			],
			[
				275.0,
				0.873973
			],
			[
				285.0,
				0.897997
			],
			[
				295.0,
				0.921272
			],
			[
				305.0,
				0.943883
			],
			[
				315.0,
				0.965948
			],
			[
				325.0,
				0.987587
			],
			[
				335.0,
				1.0089
			],
			[
				345.0,
				1.02986
			],
			[
				355.0,
				1.05045
			],
			[
				365.0,
				1.0707
			],
			[
				375.0,
				1.09062
			],
			[
				385.0,
				1.11027
			],
			[
				395.0,
				1.12968
			],
			[
				405.0,
				1.14882
			],
			[
				415.0,
				1.16764
			],
			[
				425.0,
				1.18609
			],
			[
				435.0,
				1.20411
			],
			[
				445.0,
				1.2218
			],
			[
				455.0,
				1.23918
			],
			[
				465.0,
				1.25624
			],
			[
				475.0,
				1.27298
			],
			[
				485.0,
				1.28936
			],
			[
				490.0,
				1.29742
			]
		]
	}
}
