{
	"ID": 56,
	"name": "M470_50A_0100Hz",
	"conductivity": 0.0,
	"relPermeability": 1.0,
	"remanence": 0.0,
	"linear": false,
	"BHCurve": {
		"default": [
			[
				0.0,
				0.0
			],
			[
				6.0,
				0.0118703
			],
			[
				11.0,
				0.026717
			],
			[
				16.0,
				0.044372
			],
			[
				21.0,
				0.0646669
			],
			[
				26.0,
				0.0874336
			],
			[
				31.0,
				0.112504
			],
			[
				36.0,
				0.139709
			],
			[
				41.0,
				0.168882
			],
			[
				46.0,
				0.199854
			],
			[
				51.0,
				0.232457
			],
			[
				56.0,
				0.266522
			],
			[
				61.0,
				0.301881
			],
			[
				66.0,
				0.338367
			],
			[
				71.0,
				0.37581
			],
			[
				76.0,
				0.414044
			],
			[
				81.0,
				0.452899
			],
			[
				86.0,
				0.492207
			],
			[
				91.0,
				0.537097
			],
			[
				96.0,
				0.589931
			],
			[
				101.0,
				0.640576
			],
			[
				106.0,
				0.690512
			],
			[
				111.0,
				0.737576
			],
			[
				116.0,
				0.782615
			],
			[
				121.0,
				0.826123
			],
			[
				126.0,
				0.868263
			],
			[
				131.0,
				0.907838
			],
			[
				136.0,
				0.945119
			],
			[
				141.0,
				0.980275
			],
			[
				146.0,
				1.01306
			],
			[
				151.0,
				1.04441
			],
			[
				156.0,
				1.07378
			],
			[
				161.0,
				1.1002
			],
			[
				166.0,
				1.1247
			],
			[
				171.0,
				1.14824
			],
			[
				176.0,
				1.16978
			],
			[
				181.0,
				1.18829
			],
			[
				186.0,
				1.20283
			],
			[
				191.0,
				1.21529
			],
			[
				196.0,
				1.2269
			],
			[
				201.0,
				1.23769
			],
			[
				206.0,
				1.24771
			],
			[
				211.0,
				1.25699
			],
			[
				216.0,
				1.26556
			],
			[
				221.0,
				1.27347
			],
			[
				226.0,
				1.28076
			],
			[
				231.0,
				1.28746
			],
			[
				236.0,
				1.2936
			],
			[
				241.0,
				1.29923
			],
			[
				246.0,
				1.30453
			],
			[
				251.0,
				1.30979
			],
			[
				256.0,
				1.31502
			],
			[
				261.0,
				1.3202
			],
			[
				266.0,
				1.32532
			],
			[
				271.0,
				1.33037
			],
			[
				276.0,
				1.33533
			],
			[
				281.0,
				1.34021
			],
			[
				286.0,
				1.34498
			],
			[
				291.0,
				1.34963
			],
			[
				296.0,
				1.35415
			],
			[
				301.0,
				1.35853
			],
			[
				306.0,
				1.36276
			],
			[
				311.0,
				1.36683
			],
			[
				316.0,
				1.37073
			],
			[
				321.0,
				1.37444
			],
			[
				326.0,
				1.37795
			],
			[
				331.0,
				1.38125
			],
			[
				336.0,
				1.38433
			],
			[
				341.0,
				1.38718
			],
			[
				346.0,
				1.38979
			],
			[
				351.0,
				1.39214
			],
			[
				356.0,
				1.39422
			],
			[
				361.0,
				1.39603
			],
			[
				366.0,
				1.39754
			],
			[
				371.0,
				1.39876
			],
			[
				376.0,
				1.39966
			],
			[
				381.0,
				1.40024
			],
			[
				385.0,
				1.40046
			]
		]
	}
}
