{
	"ID": 61,
	"name": "M470_65A_0100Hz",
	"conductivity": 0.0,
	"relPermeability": 1.0,
	"remanence": 0.0,
	"linear": false,
	"BHCurve": {
		"default": [
			[
				0.0,
				0.0
			],
			[
				16.0,
				0.0492846
			],
			[
				31.0,
				0.111354
			],
			[
				46.0,
				0.184269
			],
			[
				64.0,
				0.283354
			],
			[
				88.0,
				0.429627
			],
			[
				112.0,
				0.600139
			],
			[
				124.0,
				0.69292
			],
			[
				136.0,
				0.774343
			],
			[
				154.0,
				0.888289
			],
			[
				172.0,
				0.989829
			],
			[
				190.0,
				1.08089
			],
			[
				202.0,
				1.12239
			],
			[
				214.0,
				1.15498
			],
			[
				226.0,
				1.18171
			],
			[
				250.0,
				1.2232
			],
			[
				274.0,
				1.25728
			],
			[
				298.0,
				1.28456
			],
			[
				322.0,
				1.30495
			],
			[
				477.0,
				1.38929
			],
			[
				632.0,
				1.4288
			],
			[
				787.0,
				1.45764
			],
			[
				942.0,
				1.47931
			],
			[
				1097.0,
				1.49602
			],
			[
				1252.0,
				1.51002
			],
			[
				1407.0,
				1.52267
			],
			[
				1562.0,
				1.53414
			],
			[
				1717.0,
				1.54456
			],
			[
				1872.0,
				1.55405
			],
			[
				2027.0,
				1.56275
			],
			[
				2182.0,
				1.57076
			],
			[
				2337.0,
				1.57822
			],
			[
				2957.0,
				1.60501
			],
			[
				3577.0,
				1.63032
			],
			[
				4197.0,
				1.65382
			],
			[
				4817.0,
				1.67466
			],
			[
				5437.0,
				1.69196
			],
			[
				6057.0,
				1.70486
			],
			[
				6249.0,
				1.70783
			]
		]
	}
}
