{
	"ID": 57,
	"name": "M470_50A_0200Hz",
	"conductivity": 0.0,
	"relPermeability": 0.0,
	"remanence": "no information",
	"linear": false,
	"BHCurve": {
		"default": [
			[
				0.0,
				0.0
			],
			[
				6.0,
				0.0148774
			],
			[
				11.0,
				0.0310625
			],
			[
				16.0,
				0.048499
			],
			[
				21.0,
				0.0671307
			],
			[
				26.0,
				0.0869016
			],
			[
				31.0,
				0.107755
			],
			[
				36.0,
				0.129636
			],
			[
				41.0,
				0.152487
			],
			[
				46.0,
				0.176252
			],
			[
				51.0,
				0.200875
			],
			[
				56.0,
				0.2263
			],
			[
				61.0,
				0.252471
			],
			[
				66.0,
				0.279332
			],
			[
				71.0,
				0.306826
			],
			[
				76.0,
				0.334897
			],
			[
				81.0,
				0.363489
			],
			[
				86.0,
				0.392545
			],
			[
				91.0,
				0.422011
			],
			[
				96.0,
				0.451828
			],
			[
				101.0,
				0.481942
			],
			[
				106.0,
				0.512907
			],
			[
				111.0,
				0.548694
			],
			[
				116.0,
				0.585955
			],
			[
				121.0,
				0.620794
			],
			[
				126.0,
				0.654709
			],
			[
				131.0,
				0.687497
			],
			[
				136.0,
				0.718654
			],
			[
				141.0,
				0.748409
			],
			[
				146.0,
				0.777313
			],
			[
				151.0,
				0.805909
			],
			[
				156.0,
				0.834512
			],
			[
				161.0,
				0.862669
			],
			[
				166.0,
				0.889787
			],
			[
				171.0,
				0.915369
			],
			[
				176.0,
				0.939677
			],
			[
				181.0,
				0.963178
			],
			[
				186.0,
				0.986327
			],
			[
				191.0,
				1.00955
			],
			[
				196.0,
				1.03284
			],
			[
				201.0,
				1.05591
			],
			[
				206.0,
				1.07847
			],
			[
				211.0,
				1.10026
			],
			[
				216.0,
				1.1218
			],
			[
				221.0,
				1.1433
			],
			[
				226.0,
				1.16403
			],
			[
				231.0,
				1.18327
			],
			[
				236.0,
				1.2003
			],
			[
				241.0,
				1.21583
			],
			[
				246.0,
				1.23096
			],
			[
				251.0,
				1.24544
			],
			[
				256.0,
				1.25906
			],
			[
				261.0,
				1.27158
			],
			[
				266.0,
				1.28279
			],
			[
				271.0,
				1.29245
			],
			[
				276.0,
				1.30035
			],
			[
				281.0,
				1.30723
			],
			[
				286.0,
				1.31401
			],
			[
				291.0,
				1.32067
			],
			[
				296.0,
				1.32718
			],
			[
				301.0,
				1.33354
			],
			[
				306.0,
				1.33972
			],
			[
				311.0,
				1.34571
			],
			[
				316.0,
				1.35148
			],
			[
				321.0,
				1.35702
			],
			[
				326.0,
				1.36232
			],
			[
				331.0,
				1.36734
			],
			[
				336.0,
				1.37209
			],
			[
				341.0,
				1.37653
			],
			[
				346.0,
				1.38066
			],
			[
				351.0,
				1.38444
			],
			[
				356.0,
				1.38787
			],
			[
				361.0,
				1.39093
			],
			[
				366.0,
				1.3936
			],
			[
				371.0,
				1.39586
			],
			[
				376.0,
				1.39769
			],
			[
				381.0,
				1.39908
			],
			[
				386.0,
				1.40001
			],
			[
				391.0,
				1.40045
			]
		]
	}
}
