{
	"ID": 60,
	"name": "M470_65A_0050Hz",
	"conductivity": 0.0,
	"relPermeability": 1.0,
	"remanence": 0.0,
	"linear": false,
	"BHCurve": {
		"default": [
			[
				0.0,
				0.0
			],
			[
				8.0,
				0.0176293
			],
			[
				15.0,
				0.0399021
			],
			[
				22.0,
				0.066474
			],
			[
				29.0,
				0.0970004
			],
			[
				36.0,
				0.131137
			],
			[
				43.0,
				0.168538
			],
			[
				50.0,
				0.208861
			],
			[
				57.0,
				0.251759
			],
			[
				64.0,
				0.29689
			],
			[
				71.0,
				0.343907
			],
			[
				78.0,
				0.392467
			],
			[
				85.0,
				0.442225
			],
			[
				92.0,
				0.492836
			],
			[
				99.0,
				0.552428
			],
			[
				104.0,
				0.600129
			],
			[
				109.0,
				0.646505
			],
			[
				114.0,
				0.691661
			],
			[
				119.0,
				0.732641
			],
			[
				124.0,
				0.770978
			],
			[
				129.0,
				0.80731
			],
			[
				134.0,
				0.842537
			],
			[
				139.0,
				0.875853
			],
			[
				144.0,
				0.905894
			],
			[
				149.0,
				0.933299
			],
			[
				154.0,
				0.958812
			],
			[
				159.0,
				0.982506
			],
			[
				164.0,
				1.00448
			],
			[
				169.0,
				1.02541
			],
			[
				174.0,
				1.04542
			],
			[
				179.0,
				1.06425
			],
			[
				184.0,
				1.08163
			],
			[
				189.0,
				1.09732
			],
			[
				207.0,
				1.14515
			],
			[
				225.0,
				1.18413
			],
			[
				243.0,
				1.215
			],
			[
				261.0,
				1.2422
			],
			[
				279.0,
				1.26606
			],
			[
				297.0,
				1.28612
			],
			[
				321.0,
				1.30653
			],
			[
				345.0,
				1.3238
			],
			[
				369.0,
				1.3394
			],
			[
				393.0,
				1.3534
			],
			[
				858.0,
				1.475
			],
			[
				1323.0,
				1.5276
			],
			[
				1788.0,
				1.56499
			],
			[
				2253.0,
				1.5928
			],
			[
				2718.0,
				1.61489
			],
			[
				4578.0,
				1.67932
			],
			[
				6438.0,
				1.72622
			],
			[
				8298.0,
				1.76534
			],
			[
				10158.0,
				1.79897
			],
			[
				12018.0,
				1.83006
			],
			[
				13878.0,
				1.85936
			],
			[
				15738.0,
				1.88635
			],
			[
				17598.0,
				1.91054
			],
			[
				18714.0,
				1.9235
			]
		]
	}
}
