{
	"ID": 59,
	"name": "M470_50A_0500Hz",
	"conductivity": 0.0,
	"relPermeability": 1.0,
	"remanence": 0.0,
	"linear": false,
	"BHCurve": {
		"default": [
			[
				0.0,
				0.0
			],
			[
				11.0,
				0.0117304
			],
			[
				21.0,
				0.0285504
			],
			[
				31.0,
				0.0498126
			],
			[
				41.0,
				0.0748698
			],
			[
				51.0,
				0.103075
			],
			[
				61.0,
				0.133779
			],
			[
				71.0,
				0.166337
			],
			[
				81.0,
				0.200101
			],
			[
				105.0,
				0.309269
			],
			[
				115.0,
				0.355535
			],
			[
				125.0,
				0.400156
			],
			[
				135.0,
				0.441642
			],
			[
				145.0,
				0.481101
			],
			[
				155.0,
				0.518877
			],
			[
				165.0,
				0.555111
			],
			[
				175.0,
				0.589991
			],
			[
				185.0,
				0.6238
			],
			[
				195.0,
				0.656651
			],
			[
				205.0,
				0.688142
			],
			[
				215.0,
				0.717942
			],
			[
				225.0,
				0.746345
			],
			[
				235.0,
				0.773693
			],
			[
				245.0,
				0.800307
			],
			[
				255.0,
				0.826344
			],
			[
				265.0,
				0.851724
			],
			[
				275.0,
				0.876407
			],
			[
				285.0,
				0.900357
			],
			[
				295.0,
				0.923598
			],
			[
				305.0,
				0.946218
			],
			[
				315.0,
				0.968273
			],
			[
				325.0,
				0.989816
			],
			[
				335.0,
				1.0109
			],
			[
				345.0,
				1.03152
			],
			[
				355.0,
				1.0517
			],
			[
				365.0,
				1.07148
			],
			[
				375.0,
				1.0909
			],
			[
				385.0,
				1.10998
			],
			[
				395.0,
				1.12874
			],
			[
				405.0,
				1.14719
			],
			[
				415.0,
				1.16531
			],
			[
				425.0,
				1.1831
			],
			[
				435.0,
				1.20055
			],
			[
				445.0,
				1.21794
			],
			[
				455.0,
				1.23538
			],
			[
				465.0,
				1.25255
			],
			[
				475.0,
				1.26913
			],
			[
				485.0,
				1.2848
			],
			[
				495.0,
				1.29926
			],
			[
				505.0,
				1.31271
			],
			[
				515.0,
				1.32577
			],
			[
				525.0,
				1.33839
			],
			[
				535.0,
				1.35052
			],
			[
				545.0,
				1.36208
			],
			[
				555.0,
				1.37303
			],
			[
				565.0,
				1.3833
			],
			[
				575.0,
				1.39283
			],
			[
				582.0,
				1.39903
			]
		]
	}
}
