{
	"ID": 64,
	"name": "M470_65A_0500Hz",
	"conductivity": 0.0,
	"relPermeability": 1.0,
	"remanence": 0.0,
	"linear": false,
	"BHCurve": {
		"default": [
			[
				0.0,
				0.0
			],
			[
				11.0,
				0.0127166
			],
			[
				21.0,
				0.0295811
			],
			[
				31.0,
				0.0501046
			],
			[
				41.0,
				0.0737981
			],
			[
				51.0,
				0.100173
			],
			[
				61.0,
				0.12874
			],
			[
				71.0,
				0.15901
			],
			[
				81.0,
				0.190495
			],
			[
				91.0,
				0.226272
			],
			[
				101.0,
				0.270422
			],
			[
				111.0,
				0.311815
			],
			[
				121.0,
				0.349501
			],
			[
				131.0,
				0.38584
			],
			[
				141.0,
				0.421599
			],
			[
				151.0,
				0.456818
			],
			[
				161.0,
				0.490535
			],
			[
				171.0,
				0.522046
			],
			[
				181.0,
				0.551929
			],
			[
				191.0,
				0.580634
			],
			[
				201.0,
				0.608566
			],
			[
				211.0,
				0.635864
			],
			[
				221.0,
				0.662371
			],
			[
				231.0,
				0.687926
			],
			[
				241.0,
				0.712385
			],
			[
				251.0,
				0.735846
			],
			[
				261.0,
				0.758538
			],
			[
				271.0,
				0.78069
			],
			[
				281.0,
				0.802526
			],
			[
				291.0,
				0.824116
			],
			[
				301.0,
				0.84536
			],
			[
				311.0,
				0.866183
			],
			[
				321.0,
				0.886513
			],
			[
				331.0,
				0.906281
			],
			[
				341.0,
				0.925527
			],
			[
				351.0,
				0.94433
			],
			[
				361.0,
				0.962752
			],
			[
				371.0,
				0.980856
			],
			[
				381.0,
				0.998706
			],
			[
				391.0,
				1.01632
			],
			[
				401.0,
				1.03365
			],
			[
				411.0,
				1.05073
			],
			[
				421.0,
				1.06757
			],
			[
				431.0,
				1.08417
			],
			[
				441.0,
				1.10055
			],
			[
				451.0,
				1.11674
			],
			[
				461.0,
				1.13273
			],
			[
				471.0,
				1.14853
			],
			[
				481.0,
				1.16411
			],
			[
				491.0,
				1.17948
			],
			[
				501.0,
				1.19464
			],
			[
				511.0,
				1.20957
			],
			[
				521.0,
				1.22433
			],
			[
				531.0,
				1.2389
			],
			[
				541.0,
				1.25329
			],
			[
				551.0,
				1.26748
			],
			[
				561.0,
				1.28148
			],
			[
				571.0,
				1.29526
			],
			[
				573.0,
				1.298
			]
		]
	}
}
