{
	"ID": 62,
	"name": "M470_65A_0200Hz",
	"conductivity": 0.0,
	"relPermeability": 0.0,
	"remanence": "no information",
	"linear": false,
	"BHCurve": {
		"default": [
			[
				0.0,
				0.0
			],
			[
				26.0,
				0.0914647
			],
			[
				51.0,
				0.195319
			],
			[
				76.0,
				0.309036
			],
			[
				101.0,
				0.43009
			],
			[
				126.0,
				0.560809
			],
			[
				151.0,
				0.695053
			],
			[
				176.0,
				0.818563
			],
			[
				201.0,
				0.925081
			],
			[
				226.0,
				1.02266
			],
			[
				251.0,
				1.11049
			],
			[
				276.0,
				1.19158
			],
			[
				301.0,
				1.26665
			],
			[
				325.0,
				1.30707
			],
			[
				350.0,
				1.32817
			],
			[
				375.0,
				1.34547
			],
			[
				400.0,
				1.35954
			],
			[
				425.0,
				1.37096
			],
			[
				450.0,
				1.38031
			],
			[
				475.0,
				1.38817
			],
			[
				500.0,
				1.39511
			],
			[
				525.0,
				1.40171
			],
			[
				550.0,
				1.40823
			],
			[
				575.0,
				1.41464
			],
			[
				600.0,
				1.42093
			],
			[
				625.0,
				1.42707
			],
			[
				650.0,
				1.43306
			],
			[
				675.0,
				1.43889
			],
			[
				700.0,
				1.44454
			],
			[
				725.0,
				1.45
			],
			[
				750.0,
				1.45525
			],
			[
				775.0,
				1.46029
			],
			[
				800.0,
				1.46511
			],
			[
				825.0,
				1.46968
			],
			[
				850.0,
				1.474
			],
			[
				875.0,
				1.47805
			],
			[
				900.0,
				1.48182
			],
			[
				925.0,
				1.4853
			],
			[
				950.0,
				1.48848
			],
			[
				975.0,
				1.49134
			],
			[
				1000.0,
				1.49387
			],
			[
				1025.0,
				1.49606
			],
			[
				1050.0,
				1.4979
			],
			[
				1075.0,
				1.49937
			],
			[
				1100.0,
				1.50046
			],
			[
				1125.0,
				1.50115
			],
			[
				1150.0,
				1.50144
			],
			[
				1152.0,
				1.50145
			]
		]
	}
}
