{
	"ID": 55,
	"name": "M470_50A_0060Hz",
	"conductivity": 0.0,
	"relPermeability": 0.0,
	"remanence": "no information",
	"linear": false,
	"BHCurve": {
		"default": [
			[
				0.0,
				0.0
			],
			[
				21.0,
				0.183535
			],
			[
				41.0,
				0.377294
			],
			[
				61.0,
				0.567209
			],
			[
				81.0,
				0.739212
			],
			[
				105.0,
				0.902162
			],
			[
				129.0,
				0.994749
			],
			[
				153.0,
				1.03215
			],
			[
				173.0,
				1.06144
			],
			[
				193.0,
				1.08962
			],
			[
				213.0,
				1.11669
			],
			[
				233.0,
				1.14267
			],
			[
				253.0,
				1.16758
			],
			[
				273.0,
				1.19144
			],
			[
				293.0,
				1.21426
			],
			[
				313.0,
				1.23606
			],
			[
				333.0,
				1.25686
			],
			[
				353.0,
				1.27667
			],
			[
				373.0,
				1.29552
			],
			[
				393.0,
				1.31341
			],
			[
				413.0,
				1.33036
			],
			[
				433.0,
				1.3464
			],
			[
				453.0,
				1.36153
			],
			[
				473.0,
				1.37579
			],
			[
				493.0,
				1.38917
			],
			[
				513.0,
				1.4017
			],
			[
				533.0,
				1.4134
			],
			[
				553.0,
				1.42428
			],
			[
				573.0,
				1.43436
			],
			[
				593.0,
				1.44366
			],
			[
				613.0,
				1.45219
			],
			[
				633.0,
				1.45998
			],
			[
				653.0,
				1.46703
			],
			[
				673.0,
				1.47336
			],
			[
				693.0,
				1.479
			],
			[
				713.0,
				1.48395
			],
			[
				733.0,
				1.48824
			],
			[
				753.0,
				1.49188
			],
			[
				773.0,
				1.49489
			],
			[
				793.0,
				1.49729
			],
			[
				813.0,
				1.49908
			],
			[
				833.0,
				1.5003
			],
			[
				853.0,
				1.50096
			],
			[
				865.0,
				1.50109
			]
		]
	}
}
