{
	"ID": 54,
	"name": "M470_50A_0050Hz",
	"conductivity": 0.0,
	"relPermeability": 1.0,
	"remanence": 0.0,
	"linear": false,
	"BHCurve": {
		"default": [
			[
				0.0,
				0.0
			],
			[
				6.0,
				0.00700571
			],
			[
				11.0,
				0.0189227
			],
			[
				16.0,
				0.0354246
			],
			[
				21.0,
				0.056185
			],
			[
				26.0,
				0.0808776
			],
			[
				31.0,
				0.109176
			],
			[
				36.0,
				0.140754
			],
			[
				41.0,
				0.175285
			],
			[
				46.0,
				0.212443
			],
			[
				51.0,
				0.251901
			],
			[
				56.0,
				0.293333
			],
			[
				61.0,
				0.336413
			],
			[
				66.0,
				0.380814
			],
			[
				71.0,
				0.42621
			],
			[
				76.0,
				0.472274
			],
			[
				81.0,
				0.521755
			],
			[
				86.0,
				0.587808
			],
			[
				92.0,
				0.656329
			],
			[
				98.0,
				0.722717
			],
			[
				104.0,
				0.78987
			],
			[
				110.0,
				0.848298
			],
			[
				116.0,
				0.900145
			],
			[
				122.0,
				0.946526
			],
			[
				128.0,
				0.987855
			],
			[
				134.0,
				1.02328
			],
			[
				140.0,
				1.05525
			],
			[
				146.0,
				1.08356
			],
			[
				152.0,
				1.10793
			],
			[
				158.0,
				1.13005
			],
			[
				164.0,
				1.15042
			],
			[
				170.0,
				1.16897
			],
			[
				188.0,
				1.21352
			],
			[
				206.0,
				1.2495
			],
			[
				224.0,
				1.27904
			],
			[
				242.0,
				1.30135
			],
			[
				260.0,
				1.3193
			],
			[
				670.0,
				1.47325
			],
			[
				1080.0,
				1.52412
			],
			[
				1490.0,
				1.55892
			],
			[
				1900.0,
				1.5846
			],
			[
				2310.0,
				1.60527
			],
			[
				3950.0,
				1.66667
			],
			[
				5590.0,
				1.71235
			],
			[
				7230.0,
				1.75399
			],
			[
				8870.0,
				1.79058
			],
			[
				10510.0,
				1.82323
			],
			[
				12150.0,
				1.85357
			],
			[
				13790.0,
				1.8815
			],
			[
				15430.0,
				1.90641
			],
			[
				16495.0,
				1.9207
			]
		]
	}
}
