{
	"ID": 58,
	"name": "M470_50A_0400Hz",
	"conductivity": 0.0,
	"relPermeability": 0.0,
	"remanence": "no information",
	"linear": false,
	"BHCurve": {
		"default": [
			[
				0.0,
				0.0
			],
			[
				11.0,
				0.0132944
			],
			[
				21.0,
				0.0320639
			],
			[
				31.0,
				0.0555685
			],
			[
				41.0,
				0.0830682
			],
			[
				51.0,
				0.113823
			],
			[
				61.0,
				0.147093
			],
			[
				71.0,
				0.182137
			],
			[
				81.0,
				0.220346
			],
			[
				91.0,
				0.269389
			],
			[
				101.0,
				0.320705
			],
			[
				111.0,
				0.374274
			],
			[
				121.0,
				0.424857
			],
			[
				131.0,
				0.472542
			],
			[
				141.0,
				0.518265
			],
			[
				151.0,
				0.562359
			],
			[
				161.0,
				0.60428
			],
			[
				171.0,
				0.644123
			],
			[
				181.0,
				0.682059
			],
			[
				191.0,
				0.717862
			],
			[
				201.0,
				0.751753
			],
			[
				211.0,
				0.78431
			],
			[
				221.0,
				0.816065
			],
			[
				231.0,
				0.847031
			],
			[
				241.0,
				0.877055
			],
			[
				251.0,
				0.906012
			],
			[
				261.0,
				0.933896
			],
			[
				271.0,
				0.96092
			],
			[
				281.0,
				0.987319
			],
			[
				291.0,
				1.01334
			],
			[
				301.0,
				1.03906
			],
			[
				311.0,
				1.06424
			],
			[
				321.0,
				1.08861
			],
			[
				331.0,
				1.11195
			],
			[
				341.0,
				1.13439
			],
			[
				351.0,
				1.15615
			],
			[
				361.0,
				1.17742
			],
			[
				371.0,
				1.19838
			],
			[
				381.0,
				1.21963
			],
			[
				391.0,
				1.24128
			],
			[
				401.0,
				1.26236
			],
			[
				411.0,
				1.28192
			],
			[
				421.0,
				1.29899
			],
			[
				431.0,
				1.31401
			],
			[
				441.0,
				1.3285
			],
			[
				451.0,
				1.34233
			],
			[
				461.0,
				1.35535
			],
			[
				471.0,
				1.36742
			],
			[
				481.0,
				1.37838
			],
			[
				491.0,
				1.38809
			],
			[
				501.0,
				1.39639
			],
			[
				505.0,
				1.39928
			]
		]
	}
}
