{
	"ID": 73,
	"name": "M530_50A_200Hz",
	"conductivity": 0.0,
	"relPermeability": 1.0,
	"remanence": 0.0,
	"linear": false,
	"BHCurve": {
		"default": [
			[
				0.0,
				0.0
			],
			[
				1.0,
				0.00140511
			],
			[
				2.0,
				0.00286573
			],
			[
				3.0,
				0.00438145
			],
			[
				4.0,
				0.00595188
			],
			[
				5.0,
				0.00757662
			],
			[
				6.0,
				0.00925527
			],
			[
				7.0,
				0.0109874
			],
			[
				8.0,
				0.0127727
			],
			[
				9.0,
				0.0146107
			],
			[
				10.0,
				0.016501
			],
			[
				11.0,
				0.0184432
			],
			[
				12.0,
				0.0204369
			],
			[
				13.0,
				0.0224818
			],
			[
				14.0,
				0.0245774
			],
			[
				15.0,
				0.0267233
			],
			[
				16.0,
				0.0289191
			],
			[
				17.0,
				0.0311644
			],
			[
				18.0,
				0.0334589
			],
			[
				19.0,
				0.0358021
			],
			[
				20.0,
				0.0381936
			],
			[
				21.0,
				0.0406331
			],
			[
				22.0,
				0.0431201
			],
			[
				23.0,
				0.0456542
			],
			[
				24.0,
				0.0482351
			],
			[
				25.0,
				0.0508622
			],
			[
				26.0,
				0.0535354
			],
			[
				27.0,
				0.056254
			],
			[
				28.0,
				0.0590178
			],
			[
				29.0,
				0.0618264
			],
			[
				30.0,
				0.0646793
			],
			[
				31.0,
				0.0675761
			],
			[
				32.0,
				0.0705165
			],
			[
				33.0,
				0.0735
			],
			[
				34.0,
				0.0765262
			],
			[
				35.0,
				0.0795948
			],
			[
				36.0,
				0.0827054
			],
			[
				37.0,
				0.0858575
			],
			[
				38.0,
				0.0890508
			],
			[
				39.0,
				0.0922848
			],
			[
				40.0,
				0.0955592
			],
			[
				41.0,
				0.0988735
			],
			[
				42.0,
				0.102227
			],
			[
				43.0,
				0.10562
			],
			[
				44.0,
				0.109052
			],
			[
				45.0,
				0.112522
			],
			[
				46.0,
				0.11603
			],
			[
				47.0,
				0.119576
			],
			[
				48.0,
				0.123159
			],
			[
				49.0,
				0.126779
			],
			[
				50.0,
				0.130435
			],
			[
				51.0,
				0.134127
			],
			[
				52.0,
				0.137854
			],
			[
				53.0,
				0.141617
			],
			[
				54.0,
				0.145414
			],
			[
				55.0,
				0.149246
			],
			[
				56.0,
				0.153112
			],
			[
				57.0,
				0.157011
			],
			[
				58.0,
				0.160944
			],
			[
				59.0,
				0.164909
			],
			[
				60.0,
				0.168907
			],
			[
				61.0,
				0.172937
			],
			[
				62.0,
				0.176998
			],
			[
				63.0,
				0.18109
			],
			[
				64.0,
				0.185214
			],
			[
				65.0,
				0.189367
			],
			[
				66.0,
				0.193551
			],
			[
				67.0,
				0.197764
			],
			[
				68.0,
				0.202007
			],
			[
				69.0,
				0.206278
			],
			[
				70.0,
				0.210578
			],
			[
				71.0,
				0.214905
			],
			[
				72.0,
				0.21926
			],
			[
				73.0,
				0.223643
			],
			[
				74.0,
				0.228052
			],
			[
				75.0,
				0.232488
			],
			[
				76.0,
				0.236949
			],
			[
				77.0,
				0.241436
			],
			[
				78.0,
				0.245949
			],
			[
				79.0,
				0.250486
			],
			[
				80.0,
				0.255048
			],
			[
				81.0,
				0.259633
			],
			[
				82.0,
				0.264242
			],
			[
				83.0,
				0.268875
			],
			[
				84.0,
				0.27353
			],
			[
				85.0,
				0.278208
			],
			[
				86.0,
				0.282907
			],
			[
				87.0,
				0.287629
			],
			[
				88.0,
				0.292371
			],
			[
				89.0,
				0.297135
			],
			[
				90.0,
				0.301918
			],
			[
				91.0,
				0.306722
			],
			[
				92.0,
				0.311546
			],
			[
				93.0,
				0.316388
			],
			[
				94.0,
				0.32125
			],
			[
				95.0,
				0.326129
			],
			[
				96.0,
				0.331027
			],
			[
				97.0,
				0.335943
			],
			[
				98.0,
				0.340876
			],
			[
				99.0,
				0.345825
			],
			[
				100.0,
				0.350791
			],
			[
				101.0,
				0.355773
			],
			[
				102.0,
				0.360771
			],
			[
				103.0,
				0.365784
			],
			[
				104.0,
				0.370812
			],
			[
				105.0,
				0.375854
			],
			[
				106.0,
				0.38091
			],
			[
				107.0,
				0.38598
			],
			[
				108.0,
				0.391063
			],
			[
				109.0,
				0.396159
			],
			[
				110.0,
				0.401268
			],
			[
				111.0,
				0.406388
			],
			[
				112.0,
				0.41152
			],
			[
				113.0,
				0.416664
			],
			[
				114.0,
				0.421818
			],
			[
				115.0,
				0.426982
			],
			[
				116.0,
				0.432157
			],
			[
				117.0,
				0.437342
			],
			[
				118.0,
				0.442535
			],
			[
				119.0,
				0.447738
			],
			[
				120.0,
				0.452949
			],
			[
				121.0,
				0.458168
			],
			[
				122.0,
				0.463394
			],
			[
				123.0,
				0.468628
			],
			[
				124.0,
				0.473869
			],
			[
				125.0,
				0.479116
			],
			[
				126.0,
				0.48437
			],
			[
				127.0,
				0.489629
			],
			[
				128.0,
				0.494893
			],
			[
				129.0,
				0.500162
			],
			[
				130.0,
				0.505614
			],
			[
				131.0,
				0.5114
			],
			[
				132.0,
				0.517485
			],
			[
				133.0,
				0.52383
			],
			[
				134.0,
				0.530398
			],
			[
				135.0,
				0.537153
			],
			[
				136.0,
				0.544057
			],
			[
				137.0,
				0.551073
			],
			[
				138.0,
				0.558162
			],
			[
				139.0,
				0.56529
			],
			[
				140.0,
				0.572417
			],
			[
				141.0,
				0.579507
			],
			[
				142.0,
				0.586522
			],
			[
				143.0,
				0.593426
			],
			[
				144.0,
				0.600181
			],
			[
				145.0,
				0.606874
			],
			[
				146.0,
				0.613611
			],
			[
				147.0,
				0.620381
			],
			[
				148.0,
				0.627172
			],
			[
				149.0,
				0.633974
			],
			[
				150.0,
				0.640777
			],
			[
				151.0,
				0.647568
			],
			[
				152.0,
				0.654338
			],
			[
				153.0,
				0.661075
			],
			[
				154.0,
				0.667768
			],
			[
				155.0,
				0.674407
			],
			[
				156.0,
				0.68098
			],
			[
				157.0,
				0.687478
			],
			[
				158.0,
				0.693888
			],
			[
				159.0,
				0.7002
			],
			[
				160.0,
				0.706426
			],
			[
				161.0,
				0.712587
			],
			[
				162.0,
				0.718688
			],
			[
				163.0,
				0.724733
			],
			[
				164.0,
				0.730727
			],
			[
				165.0,
				0.736674
			],
			[
				166.0,
				0.742578
			],
			[
				167.0,
				0.748443
			],
			[
				168.0,
				0.754275
			],
			[
				169.0,
				0.760076
			],
			[
				170.0,
				0.765853
			],
			[
				171.0,
				0.771608
			],
			[
				172.0,
				0.777347
			],
			[
				173.0,
				0.783073
			],
			[
				174.0,
				0.788791
			],
			[
				175.0,
				0.794506
			],
			[
				176.0,
				0.800221
			],
			[
				177.0,
				0.805943
			],
			[
				178.0,
				0.81167
			],
			[
				179.0,
				0.817399
			],
			[
				180.0,
				0.823125
			],
			[
				181.0,
				0.828842
			],
			[
				182.0,
				0.834546
			],
			[
				183.0,
				0.840232
			],
			[
				184.0,
				0.845896
			],
			[
				185.0,
				0.851532
			],
			[
				186.0,
				0.857136
			],
			[
				187.0,
				0.862703
			],
			[
				188.0,
				0.868229
			],
			[
				189.0,
				0.873709
			],
			[
				190.0,
				0.879137
			],
			[
				191.0,
				0.884509
			],
			[
				192.0,
				0.889821
			],
			[
				193.0,
				0.895068
			],
			[
				194.0,
				0.900244
			],
			[
				195.0,
				0.905358
			],
			[
				196.0,
				0.910423
			],
			[
				197.0,
				0.915441
			],
			[
				198.0,
				0.920415
			],
			[
				199.0,
				0.925346
			],
			[
				200.0,
				0.930236
			],
			[
				201.0,
				0.935089
			],
			[
				202.0,
				0.939906
			],
			[
				203.0,
				0.944689
			],
			[
				204.0,
				0.94944
			],
			[
				205.0,
				0.954163
			],
			[
				206.0,
				0.958858
			],
			[
				207.0,
				0.963529
			],
			[
				208.0,
				0.968177
			],
			[
				209.0,
				0.972805
			],
			[
				210.0,
				0.977415
			],
			[
				211.0,
				0.982009
			],
			[
				212.0,
				0.986589
			],
			[
				213.0,
				0.991158
			],
			[
				214.0,
				0.995718
			],
			[
				215.0,
				1.00027
			],
			[
				216.0,
				1.00481
			],
			[
				217.0,
				1.00934
			],
			[
				218.0,
				1.01386
			],
			[
				219.0,
				1.01836
			],
			[
				220.0,
				1.02285
			],
			[
				221.0,
				1.02732
			],
			[
				222.0,
				1.03178
			],
			[
				223.0,
				1.03622
			],
			[
				224.0,
				1.04064
			],
			[
				225.0,
				1.04504
			],
			[
				226.0,
				1.04943
			],
			[
