{
	"ID": 66,
	"name": "M530_50A_0060Hz",
	"conductivity": 0.0,
	"relPermeability": 0.0,
	"remanence": "no information",
	"linear": false,
	"BHCurve": {
		"default": [
			[
				0.0,
				0.0
			],
			[
				16.0,
				0.110985
			],
			[
				31.0,
				0.225306
			],
			[
				46.0,
				0.340524
			],
			[
				61.0,
				0.4542
			],
			[
				76.0,
				0.563896
			],
			[
				91.0,
				0.667171
			],
			[
				106.0,
				0.761588
			],
			[
				121.0,
				0.844707
			],
			[
				136.0,
				0.914088
			],
			[
				160.0,
				0.990438
			],
			[
				184.0,
				1.03241
			],
			[
				199.0,
				1.05704
			],
			[
				214.0,
				1.08098
			],
			[
				229.0,
				1.10423
			],
			[
				244.0,
				1.12678
			],
			[
				259.0,
				1.14865
			],
			[
				274.0,
				1.16983
			],
			[
				289.0,
				1.19033
			],
			[
				304.0,
				1.21015
			],
			[
				319.0,
				1.22929
			],
			[
				334.0,
				1.24776
			],
			[
				349.0,
				1.26555
			],
			[
				364.0,
				1.28267
			],
			[
				379.0,
				1.29913
			],
			[
				394.0,
				1.31492
			],
			[
				409.0,
				1.33005
			],
			[
				424.0,
				1.34451
			],
			[
				439.0,
				1.35832
			],
			[
				454.0,
				1.37148
			],
			[
				469.0,
				1.38398
			],
			[
				484.0,
				1.39583
			],
			[
				499.0,
				1.40704
			],
			[
				514.0,
				1.4176
			],
			[
				529.0,
				1.42752
			],
			[
				544.0,
				1.43679
			],
			[
				559.0,
				1.44543
			],
			[
				574.0,
				1.45344
			],
			[
				589.0,
				1.46081
			],
			[
				604.0,
				1.46755
			],
			[
				619.0,
				1.47367
			],
			[
				634.0,
				1.47916
			],
			[
				649.0,
				1.48403
			],
			[
				664.0,
				1.48827
			],
			[
				679.0,
				1.49191
			],
			[
				694.0,
				1.49492
			],
			[
				709.0,
				1.49733
			],
			[
				724.0,
				1.49912
			],
			[
				739.0,
				1.50031
			],
			[
				754.0,
				1.50089
			],
			[
				759.0,
				1.50095
			]
		]
	}
}
