{
	"ID": 68,
	"name": "M530_50A_0200Hz",
	"conductivity": 0.0,
	"relPermeability": 1.0,
	"remanence": 0.0,
	"linear": false,
	"BHCurve": {
		"default": [
			[
				0.0,
				0.0
			],
			[
				6.0,
				0.00757662
			],
			[
				11.0,
				0.016501
			],
			[
				16.0,
				0.0267233
			],
			[
				21.0,
				0.0381936
			],
			[
				26.0,
				0.0508622
			],
			[
				31.0,
				0.0646793
			],
			[
				36.0,
				0.0795948
			],
			[
				41.0,
				0.0955592
			],
			[
				46.0,
				0.112522
			],
			[
				51.0,
				0.130435
			],
			[
				56.0,
				0.149246
			],
			[
				61.0,
				0.168907
			],
			[
				66.0,
				0.189367
			],
			[
				71.0,
				0.210578
			],
			[
				76.0,
				0.232488
			],
			[
				81.0,
				0.255048
			],
			[
				86.0,
				0.278208
			],
			[
				91.0,
				0.301918
			],
			[
				96.0,
				0.326129
			],
			[
				101.0,
				0.350791
			],
			[
				106.0,
				0.375854
			],
			[
				111.0,
				0.401268
			],
			[
				116.0,
				0.426982
			],
			[
				121.0,
				0.452949
			],
			[
				126.0,
				0.479116
			],
			[
				131.0,
				0.505614
			],
			[
				136.0,
				0.537153
			],
			[
				141.0,
				0.572417
			],
			[
				146.0,
				0.606874
			],
			[
				151.0,
				0.640777
			],
			[
				156.0,
				0.674407
			],
			[
				161.0,
				0.706426
			],
			[
				166.0,
				0.736674
			],
			[
				171.0,
				0.765853
			],
			[
				176.0,
				0.794506
			],
			[
				181.0,
				0.823125
			],
			[
				186.0,
				0.851532
			],
			[
				191.0,
				0.879137
			],
			[
				196.0,
				0.905358
			],
			[
				201.0,
				0.930236
			],
			[
				206.0,
				0.954163
			],
			[
				211.0,
				0.977415
			],
			[
				216.0,
				1.00027
			],
			[
				221.0,
				1.02285
			],
			[
				226.0,
				1.04504
			],
			[
				231.0,
				1.06676
			],
			[
				236.0,
				1.08791
			],
			[
				241.0,
				1.10849
			],
			[
				246.0,
				1.12901
			],
			[
				251.0,
				1.14921
			],
			[
				256.0,
				1.16865
			],
			[
				261.0,
				1.1869
			],
			[
				266.0,
				1.20354
			],
			[
				271.0,
				1.2196
			],
			[
				276.0,
				1.23539
			],
			[
				281.0,
				1.2506
			],
			[
				286.0,
				1.26488
			],
			[
				291.0,
				1.27789
			],
			[
				296.0,
				1.28929
			],
			[
				301.0,
				1.29875
			],
			[
				306.0,
				1.30668
			],
			[
				311.0,
				1.31447
			],
			[
				316.0,
				1.32214
			],
			[
				321.0,
				1.32965
			],
			[
				326.0,
				1.33696
			],
			[
				331.0,
				1.34405
			],
			[
				336.0,
				1.35088
			],
			[
				341.0,
				1.35741
			],
			[
				346.0,
				1.36361
			],
			[
				351.0,
				1.36945
			],
			[
				356.0,
				1.37489
			],
			[
				361.0,
				1.37991
			],
			[
				366.0,
				1.38446
			],
			[
				371.0,
				1.38851
			],
			[
				376.0,
				1.39204
			],
			[
				381.0,
				1.39499
			],
			[
				386.0,
				1.39735
			],
			[
				391.0,
				1.39908
			],
			[
				396.0,
				1.40014
			],
			[
				399.0,
				1.40044
			]
		]
	}
}
