{
	"ID": 69,
	"name": "M530_50A_0400Hz",
	"conductivity": 0.0,
	"relPermeability": 1.0,
	"remanence": 0.0,
	"linear": false,
	"BHCurve": {
		"default": [
			[
				0.0,
				0.0
			],
			[
				11.0,
				0.00488171
			],
			[
				21.0,
				0.0148423
			],
			[
				31.0,
				0.0293137
			],
			[
				41.0,
				0.0477275
			],
			[
				51.0,
				0.0695157
			],
			[
				61.0,
				0.0941101
			],
			[
				71.0,
				0.120942
			],
			[
				81.0,
				0.149444
			],
			[
				91.0,
				0.179048
			],
			[
				101.0,
				0.210121
			],
			[
				125.0,
				0.318006
			],
			[
				135.0,
				0.363274
			],
			[
				145.0,
				0.409578
			],
			[
				155.0,
				0.458008
			],
			[
				165.0,
				0.504644
			],
			[
				175.0,
				0.547627
			],
			[
				185.0,
				0.588377
			],
			[
				195.0,
				0.62736
			],
			[
				205.0,
				0.664729
			],
			[
				215.0,
				0.700269
			],
			[
				225.0,
				0.734005
			],
			[
				235.0,
				0.766262
			],
			[
				245.0,
				0.797268
			],
			[
				255.0,
				0.827173
			],
			[
				265.0,
				0.856036
			],
			[
				275.0,
				0.883978
			],
			[
				285.0,
				0.911103
			],
			[
				295.0,
				0.937382
			],
			[
				305.0,
				0.962955
			],
			[
				315.0,
				0.98801
			],
			[
				325.0,
				1.01271
			],
			[
				335.0,
				1.03705
			],
			[
				345.0,
				1.06096
			],
			[
				355.0,
				1.08438
			],
			[
				365.0,
				1.10726
			],
			[
				375.0,
				1.12969
			],
			[
				385.0,
				1.15169
			],
			[
				395.0,
				1.17324
			],
			[
				405.0,
				1.19429
			],
			[
				415.0,
				1.21506
			],
			[
				425.0,
				1.23589
			],
			[
				435.0,
				1.25633
			],
			[
				445.0,
				1.27583
			],
			[
				455.0,
				1.29388
			],
			[
				465.0,
				1.31027
			],
			[
				475.0,
				1.326
			],
			[
				485.0,
				1.3411
			],
			[
				495.0,
				1.35547
			],
			[
				505.0,
				1.36901
			],
			[
				515.0,
				1.38163
			],
			[
				525.0,
				1.39322
			],
			[
				530.0,
				1.3986
			]
		]
	}
}
