{
	"ID": 70,
	"name": "M530_50A_0500Hz",
	"conductivity": 0.0,
	"relPermeability": 0.0,
	"remanence": "no information",
	"linear": false,
	"BHCurve": {
		"default": [
			[
				0.0,
				0.0
			],
			[
				16.0,
				0.0134888
			],
			[
				31.0,
				0.034517
			],
			[
				46.0,
				0.0618953
			],
			[
				61.0,
				0.0944339
			],
			[
				76.0,
				0.130944
			],
			[
				91.0,
				0.170235
			],
			[
				106.0,
				0.211998
			],
			[
				130.0,
				0.304203
			],
			[
				145.0,
				0.369555
			],
			[
				160.0,
				0.434529
			],
			[
				175.0,
				0.496406
			],
			[
				190.0,
				0.550536
			],
			[
				205.0,
				0.600256
			],
			[
				220.0,
				0.647399
			],
			[
				235.0,
				0.69177
			],
			[
				250.0,
				0.733295
			],
			[
				265.0,
				0.772533
			],
			[
				280.0,
				0.810316
			],
			[
				295.0,
				0.846916
			],
			[
				310.0,
				0.882179
			],
			[
				325.0,
				0.916013
			],
			[
				340.0,
				0.948572
			],
			[
				355.0,
				0.980028
			],
			[
				370.0,
				1.01051
			],
			[
				385.0,
				1.04003
			],
			[
				400.0,
				1.06872
			],
			[
				415.0,
				1.09681
			],
			[
				430.0,
				1.12444
			],
			[
				445.0,
				1.15155
			],
			[
				460.0,
				1.17809
			],
			[
				475.0,
				1.20401
			],
			[
				490.0,
				1.22949
			],
			[
				505.0,
				1.25449
			],
			[
				520.0,
				1.27879
			],
			[
				535.0,
				1.3022
			],
			[
				550.0,
				1.32482
			],
			[
				565.0,
				1.34682
			],
			[
				580.0,
				1.36815
			],
			[
				595.0,
				1.38876
			],
			[
				602.0,
				1.39812
			]
		]
	}
}
