{
	"ID": 72,
	"name": "M530_50A_100Hz",
	"conductivity": 0.0,
	"relPermeability": 1.0,
	"remanence": 0.0,
	"linear": false,
	"BHCurve": {
		"default": [
			[
				0.0,
				0.0
			],
			[
				1.0,
				0.000308631
			],
			[
				2.0,
				0.000728498
			],
			[
				3.0,
				0.00125861
			],
			[
				4.0,
				0.00189798
			],
			[
				5.0,
				0.00264561
			],
			[
				6.0,
				0.00350051
			],
			[
				7.0,
				0.0044617
			],
			[
				8.0,
				0.00552818
			],
			[
				9.0,
				0.00669895
			],
			[
				10.0,
				0.00797304
			],
			[
				11.0,
				0.00934944
			],
			[
				12.0,
				0.0108272
			],
			[
				13.0,
				0.0124052
			],
			[
				14.0,
				0.0140826
			],
			[
				15.0,
				0.0158584
			],
			[
				16.0,
				0.0177315
			],
			[
				17.0,
				0.019701
			],
			[
				18.0,
				0.0217659
			],
			[
				19.0,
				0.0239252
			],
			[
				20.0,
				0.0261778
			],
			[
				21.0,
				0.0285229
			],
			[
				22.0,
				0.0309594
			],
			[
				23.0,
				0.0334863
			],
			[
				24.0,
				0.0361026
			],
			[
				25.0,
				0.0388074
			],
			[
				26.0,
				0.0415997
			],
			[
				27.0,
				0.0444784
			],
			[
				28.0,
				0.0474425
			],
			[
				29.0,
				0.0504912
			],
			[
				30.0,
				0.0536233
			],
			[
				31.0,
				0.056838
			],
			[
				32.0,
				0.0601341
			],
			[
				33.0,
				0.0635108
			],
			[
				34.0,
				0.066967
			],
			[
				35.0,
				0.0705017
			],
			[
				36.0,
				0.0741139
			],
			[
				37.0,
				0.0778027
			],
			[
				38.0,
				0.0815671
			],
			[
				39.0,
				0.0854061
			],
			[
				40.0,
				0.0893186
			],
			[
				41.0,
				0.0933037
			],
			[
				42.0,
				0.0973604
			],
			[
				43.0,
				0.101488
			],
			[
				44.0,
				0.105685
			],
			[
				45.0,
				0.10995
			],
			[
				46.0,
				0.114283
			],
			[
				47.0,
				0.118683
			],
			[
				48.0,
				0.123149
			],
			[
				49.0,
				0.127679
			],
			[
				50.0,
				0.132272
			],
			[
				51.0,
				0.136929
			],
			[
				52.0,
				0.141647
			],
			[
				53.0,
				0.146426
			],
			[
				54.0,
				0.151265
			],
			[
				55.0,
				0.156162
			],
			[
				56.0,
				0.161117
			],
			[
				57.0,
				0.166128
			],
			[
				58.0,
				0.171196
			],
			[
				59.0,
				0.176318
			],
			[
				60.0,
				0.181494
			],
			[
				61.0,
				0.186723
			],
			[
				62.0,
				0.192003
			],
			[
				63.0,
				0.197335
			],
			[
				64.0,
				0.202716
			],
			[
				65.0,
				0.208146
			],
			[
				66.0,
				0.213623
			],
			[
				67.0,
				0.219148
			],
			[
				68.0,
				0.224718
			],
			[
				69.0,
				0.230333
			],
			[
				70.0,
				0.235992
			],
			[
				71.0,
				0.241694
			],
			[
				72.0,
				0.247438
			],
			[
				73.0,
				0.253223
			],
			[
				74.0,
				0.259047
			],
			[
				75.0,
				0.264911
			],
			[
				76.0,
				0.270812
			],
			[
				77.0,
				0.27675
			],
			[
				78.0,
				0.282724
			],
			[
				79.0,
				0.288733
			],
			[
				80.0,
				0.294776
			],
			[
				81.0,
				0.300852
			],
			[
				82.0,
				0.30696
			],
			[
				83.0,
				0.313099
			],
			[
				84.0,
				0.319268
			],
			[
				85.0,
				0.325466
			],
			[
				86.0,
				0.331691
			],
			[
				87.0,
				0.337944
			],
			[
				88.0,
				0.344223
			],
			[
				89.0,
				0.350527
			],
			[
				90.0,
				0.356855
			],
			[
				91.0,
				0.363206
			],
			[
				92.0,
				0.369579
			],
			[
				93.0,
				0.375973
			],
			[
				94.0,
				0.382387
			],
			[
				95.0,
				0.38882
			],
			[
				96.0,
				0.395271
			],
			[
				97.0,
				0.401739
			],
			[
				98.0,
				0.408224
			],
			[
				99.0,
				0.414723
			],
			[
				100.0,
				0.421237
			],
			[
				101.0,
				0.427764
			],
			[
				102.0,
				0.434302
			],
			[
				103.0,
				0.440853
			],
			[
				104.0,
				0.447413
			],
			[
				105.0,
				0.453982
			],
			[
				106.0,
				0.46056
			],
			[
				107.0,
				0.467144
			],
			[
				108.0,
				0.473735
			],
			[
				109.0,
				0.480331
			],
			[
				110.0,
				0.486932
			],
			[
				111.0,
				0.493535
			],
			[
				112.0,
				0.500141
			],
			[
				113.0,
				0.507179
			],
			[
				114.0,
				0.514997
			],
			[
				115.0,
				0.523473
			],
			[
				116.0,
				0.532483
			],
			[
				117.0,
				0.541904
			],
			[
				118.0,
				0.551612
			],
			[
				119.0,
				0.561485
			],
			[
				120.0,
				0.571399
			],
			[
				121.0,
				0.581231
			],
			[
				122.0,
				0.590857
			],
			[
				123.0,
				0.600155
			],
			[
				124.0,
				0.609247
			],
			[
				125.0,
				0.618339
			],
			[
				126.0,
				0.627431
			],
			[
				127.0,
				0.636523
			],
			[
				128.0,
				0.645615
			],
			[
				129.0,
				0.654708
			],
			[
				130.0,
				0.6638
			],
			[
				131.0,
				0.672892
			],
			[
				132.0,
				0.681984
			],
			[
				133.0,
				0.691076
			],
			[
				134.0,
				0.700168
			],
			[
				135.0,
				0.709322
			],
			[
				136.0,
				0.718572
			],
			[
				137.0,
				0.727884
			],
			[
				138.0,
				0.73722
			],
			[
				139.0,
				0.746544
			],
			[
				140.0,
				0.75582
			],
			[
				141.0,
				0.765009
			],
			[
				142.0,
				0.774077
			],
			[
				143.0,
				0.782986
			],
			[
				144.0,
				0.7917
			],
			[
				145.0,
				0.800182
			],
			[
				146.0,
				0.808493
			],
			[
				147.0,
				0.816716
			],
			[
				148.0,
				0.824846
			],
			[
				149.0,
				0.832879
			],
			[
				150.0,
				0.840813
			],
			[
				151.0,
				0.848642
			],
			[
				152.0,
				0.856363
			],
			[
				153.0,
				0.863972
			],
			[
				154.0,
				0.871465
			],
			[
				155.0,
				0.878838
			],
			[
				156.0,
				0.886087
			],
			[
				157.0,
				0.893209
			],
			[
				158.0,
				0.900199
			],
			[
				159.0,
				0.907061
			],
			[
				160.0,
				0.913808
			],
			[
				161.0,
				0.920447
			],
			[
				162.0,
				0.926985
			],
			[
				163.0,
				0.933429
			],
			[
				164.0,
				0.939787
			],
			[
				165.0,
				0.946066
			],
			[
				166.0,
				0.952273
			],
			[
				167.0,
				0.958415
			],
			[
				168.0,
				0.964501
			],
			[
				169.0,
				0.970536
			],
			[
				170.0,
				0.976529
			],
			[
				171.0,
				0.982486
			],
			[
				172.0,
				0.988416
			],
			[
				173.0,
				0.994324
			],
			[
				174.0,
				1.00022
			],
			[
				175.0,
				1.00612
			],
			[
				176.0,
				1.01205
			],
			[
				177.0,
				1.01798
			],
			[
				178.0,
				1.02392
			],
			[
				179.0,
				1.02984
			],
			[
				180.0,
				1.03573
			],
			[
				181.0,
				1.04158
			],
			[
				182.0,
				1.04739
			],
			[
				183.0,
				1.05314
			],
			[
				184.0,
				1.05881
			],
			[
				185.0,
				1.06441
			],
			[
				186.0,
				1.0699
			],
			[
				187.0,
				1.07529
			],
			[
				188.0,
				1.08057
			],
			[
				189.0,
				1.08571
			],
			[
				190.0,
				1.09071
			],
			[
				191.0,
				1.09556
			],
			[
				192.0,
				1.10024
			],
			[
				193.0,
				1.10483
			],
			[
				194.0,
				1.10939
			],
			[
				195.0,
				1.11392
			],
			[
				196.0,
				1.11842
			],
			[
				197.0,
				1.12289
			],
			[
				198.0,
				1.12731
			],
			[
				199.0,
				1.13168
			],
			[
				200.0,
				1.13601
			],
			[
				201.0,
				1.14028
			],
			[
				202.0,
				1.14449
			],
			[
				203.0,
				1.14864
			],
			[
				204.0,
				1.15272
			],
			[
				205.0,
				1.15672
			],
			[
				206.0,
				1.16065
			],
			[
				207.0,
				1.1645
			],
			[
				208.0,
				1.16827
			],
			[
				209.0,
				1.17194
			],
			[
				210.0,
				1.17553
			],
			[
				211.0,
				1.17901
			],
			[
				212.0,
				1.18239
			],
			[
				213.0,
				1.18566
			],
			[
				214.0,
				1.18882
			],
			[
				215.0,
				1.19187
			],
			[
				216.0,
				1.1948
			],
			[
				217.0,
				1.1976
			],
			[
				218.0,
				1.20027
			],
			[
				219.0,
				1.20287
			],
			[
				220.0,
				1.20543
			],
			[
				221.0,
				1.20796
			],
			[
				222.0,
				1.21046
			],
			[
				223.0,
				1.21293
			],
			[
				224.0,
				1.21537
			],
			[
				225.0,
				1.21777
			],
			[
				226.0,
				1.22015
			],
			[
				227.0,
				1.2225
			],
