{
	"ID": 71,
	"name": "M530_50A_050Hz",
	"conductivity": 0.0,
	"relPermeability": 1.0,
	"remanence": 0.0,
	"linear": false,
	"BHCurve": {
		"default": [
			[
				0.0,
				0.0
			],
			[
				10.0,
				0.00627258
			],
			[
				20.0,
				0.0243593
			],
			[
				30.0,
				0.0531635
			],
			[
				40.0,
				0.0915887
			],
			[
				50.0,
				0.138538
			],
			[
				60.0,
				0.192916
			],
			[
				70.0,
				0.253625
			],
			[
				80.0,
				0.319568
			],
			[
				90.0,
				0.389649
			],
			[
				100.0,
				0.462773
			],
			[
				110.0,
				0.552847
			],
			[
				120.0,
				0.661341
			],
			[
				130.0,
				0.755834
			],
			[
				140.0,
				0.843856
			],
			[
				150.0,
				0.921175
			],
			[
				160.0,
				0.983489
			],
			[
				170.0,
				1.0371
			],
			[
				180.0,
				1.08404
			],
			[
				190.0,
				1.1225
			],
			[
				200.0,
				1.15624
			],
			[
				210.0,
				1.1853
			],
			[
				220.0,
				1.20946
			],
			[
				230.0,
				1.23119
			],
			[
				240.0,
				1.25103
			],
			[
				250.0,
				1.26886
			],
			[
				260.0,
				1.28454
			],
			[
				270.0,
				1.29795
			],
			[
				280.0,
				1.30955
			],
			[
				290.0,
				1.32053
			],
			[
				300.0,
				1.33094
			],
			[
				310.0,
				1.34077
			],
			[
				320.0,
				1.35001
			],
			[
				330.0,
				1.35867
			],
			[
				340.0,
				1.36674
			],
			[
				350.0,
				1.37422
			],
			[
				360.0,
				1.3811
			],
			[
				370.0,
				1.38739
			],
			[
				380.0,
				1.39309
			],
			[
				390.0,
				1.39818
			],
			[
				400.0,
				1.40273
			],
			[
				410.0,
				1.4071
			],
			[
				420.0,
				1.41135
			],
			[
				430.0,
				1.4155
			],
			[
				440.0,
				1.41953
			],
			[
				450.0,
				1.42345
			],
			[
				460.0,
				1.42726
			],
			[
				470.0,
				1.43097
			],
			[
				480.0,
				1.43458
			],
			[
				490.0,
				1.43808
			],
			[
				500.0,
				1.44149
			],
			[
				510.0,
				1.44479
			],
			[
				520.0,
				1.448
			],
			[
				530.0,
				1.45111
			],
			[
				540.0,
				1.45414
			],
			[
				550.0,
				1.45707
			],
			[
				560.0,
				1.45991
			],
			[
				570.0,
				1.46267
			],
			[
				580.0,
				1.46534
			],
			[
				590.0,
				1.46793
			],
			[
				600.0,
				1.47044
			],
			[
				610.0,
				1.47287
			],
			[
				620.0,
				1.47522
			],
			[
				630.0,
				1.4775
			],
			[
				640.0,
				1.4797
			],
			[
				650.0,
				1.48183
			],
			[
				660.0,
				1.48389
			],
			[
				670.0,
				1.48589
			],
			[
				680.0,
				1.48782
			],
			[
				690.0,
				1.48968
			],
			[
				700.0,
				1.49148
			],
			[
				710.0,
				1.49323
			],
			[
				720.0,
				1.49491
			],
			[
				730.0,
				1.49654
			],
			[
				740.0,
				1.49811
			],
			[
				750.0,
				1.49963
			],
			[
				760.0,
				1.5011
			],
			[
				770.0,
				1.50254
			],
			[
				780.0,
				1.50397
			],
			[
				790.0,
				1.50538
			],
			[
				800.0,
				1.50677
			],
			[
				810.0,
				1.50816
			],
			[
				820.0,
				1.50953
			],
			[
				830.0,
				1.51088
			],
			[
				840.0,
				1.51222
			],
			[
				850.0,
				1.51355
			],
			[
				860.0,
				1.51486
			],
			[
				870.0,
				1.51616
			],
			[
				880.0,
				1.51745
			],
			[
				890.0,
				1.51872
			],
			[
				900.0,
				1.51998
			],
			[
				910.0,
				1.52123
			],
			[
				920.0,
				1.52246
			],
			[
				930.0,
				1.52368
			],
			[
				940.0,
				1.52489
			],
			[
				950.0,
				1.52609
			],
			[
				960.0,
				1.52727
			],
			[
				970.0,
				1.52844
			],
			[
				980.0,
				1.5296
			],
			[
				990.0,
				1.53075
			],
			[
				1000.0,
				1.53188
			],
			[
				1010.0,
				1.53301
			],
			[
				1020.0,
				1.53412
			],
			[
				1030.0,
				1.53522
			],
			[
				1040.0,
				1.53631
			],
			[
				1050.0,
				1.53739
			],
			[
				1060.0,
				1.53845
			],
			[
				1070.0,
				1.53951
			],
			[
				1080.0,
				1.54055
			],
			[
				1090.0,
				1.54158
			],
			[
				1100.0,
				1.54261
			],
			[
				1110.0,
				1.54362
			],
			[
				1120.0,
				1.54462
			],
			[
				1130.0,
				1.54561
			],
			[
				1140.0,
				1.54659
			],
			[
				1150.0,
				1.54756
			],
			[
				1160.0,
				1.54852
			],
			[
				1170.0,
				1.54948
			],
			[
				1180.0,
				1.55042
			],
			[
				1190.0,
				1.55135
			],
			[
				1200.0,
				1.55227
			],
			[
				1210.0,
				1.55318
			],
			[
				1220.0,
				1.55409
			],
			[
				1230.0,
				1.55498
			],
			[
				1240.0,
				1.55587
			],
			[
				1250.0,
				1.55674
			],
			[
				1260.0,
				1.55761
			],
			[
				1270.0,
				1.55847
			],
			[
				1280.0,
				1.55932
			],
			[
				1290.0,
				1.56016
			],
			[
				1300.0,
				1.561
			],
			[
				1310.0,
				1.56182
			],
			[
				1320.0,
				1.56264
			],
			[
				1330.0,
				1.56345
			],
			[
				1340.0,
				1.56426
			],
			[
				1350.0,
				1.56505
			],
			[
				1360.0,
				1.56584
			],
			[
				1370.0,
				1.56662
			],
			[
				1380.0,
				1.56739
			],
			[
				1390.0,
				1.56815
			],
			[
				1400.0,
				1.56891
			],
			[
				1410.0,
				1.56966
			],
			[
				1420.0,
				1.57041
			],
			[
				1430.0,
				1.57115
			],
			[
				1440.0,
				1.57188
			],
			[
				1450.0,
				1.5726
			],
			[
				1460.0,
				1.57332
			],
			[
				1470.0,
				1.57404
			],
			[
				1480.0,
				1.57474
			],
			[
				1490.0,
				1.57544
			],
			[
				1500.0,
				1.57614
			],
			[
				1510.0,
				1.57683
			],
			[
				1520.0,
				1.57751
			],
			[
				1530.0,
				1.57819
			],
			[
				1540.0,
				1.57886
			],
			[
				1550.0,
				1.57953
			],
			[
				1560.0,
				1.58019
			],
			[
				1570.0,
				1.58085
			],
			[
				1580.0,
				1.5815
			],
			[
				1590.0,
				1.58215
			],
			[
				1600.0,
				1.58279
			],
			[
				1610.0,
				1.58343
			],
			[
				1620.0,
				1.58407
			],
			[
				1630.0,
				1.5847
			],
			[
				1640.0,
				1.58532
			],
			[
				1650.0,
				1.58595
			],
			[
				1660.0,
				1.58656
			],
			[
				1670.0,
				1.58718
			],
			[
				1680.0,
				1.58779
			],
			[
				1690.0,
				1.5884
			],
			[
				1700.0,
				1.589
			],
			[
				1710.0,
				1.5896
			],
			[
				1720.0,
				1.5902
			],
			[
				1730.0,
				1.5908
			],
			[
				1740.0,
				1.59139
			],
			[
				1750.0,
				1.59198
			],
			[
				1760.0,
				1.59257
			],
			[
				1770.0,
				1.59315
			],
			[
				1780.0,
				1.59373
			],
			[
				1790.0,
				1.59431
			],
			[
				1800.0,
				1.59489
			],
			[
				1810.0,
				1.59546
			],
			[
				1820.0,
				1.59604
			],
			[
				1830.0,
				1.59661
			],
			[
				1840.0,
				1.59718
			],
			[
				1850.0,
				1.59775
			],
			[
				1860.0,
				1.59832
			],
			[
				1870.0,
				1.59888
			],
			[
				1880.0,
				1.59945
			],
			[
				1890.0,
				1.60001
			],
			[
				1900.0,
				1.60058
			],
			[
				1910.0,
				1.60114
			],
			[
				1920.0,
				1.6017
			],
			[
				1930.0,
				1.60226
			],
			[
				1940.0,
				1.60282
			],
			[
				1950.0,
				1.60338
			],
			[
				1960.0,
				1.60394
			],
			[
				1970.0,
				1.60449
			],
			[
				1980.0,
				1.60504
			],
			[
				1990.0,
				1.60559
			],
			[
				2000.0,
				1.60614
			],
			[
				2010.0,
				1.60669
			],
			[
				2020.0,
				1.60723
			],
			[
				2030.0,
				1.60778
			],
			[
				2040.0,
				1.60832
			],
			[
				2050.0,
				1.60886
			],
			[
				2060.0,
				1.60939
			],
			[
				2070.0,
				1.60993
			],
			[
				2080.0,
				1.61046
			],
			[
				2090.0,
				1.61099
			],
			[
				2100.0,
				1.61152
			],
			[
				2110.0,
				1.61205
			],
			[
				2120.0,
				1.61258
			],
			[
				2130.0,
				1.6131
			],
			[
				2140.0,
				1.61362
			],
			[
				2150.0,
				1.61414
			],
			[
				2160.0,
				1.61466
			],
			[
				2170.0,
				1.61518
			],
			[
				2180.0,
				1.61569
			],
			[
				2190.0,
				1.6162
			],
			[
				2200.0,
				1.61671
			],
			[
				2210.0,
				1.61722
			],
			[
				2220.0,
				1.61773
			],
			[
				2230.0,
				1.61824
			],
			[
				2240.0,
				1.61874
			],
			[
				2250.0,
				1.61924
			],
			[
				2260.0,
				1.61974
			],
			[
				2270.0,
