{
	"ID": 67,
	"name": "M530_50A_0100Hz",
	"conductivity": 0.0,
	"relPermeability": 1.0,
	"remanence": 0.0,
	"linear": false,
	"BHCurve": {
		"default": [
			[
				0.0,
				0.0
			],
			[
				6.0,
				0.00264561
			],
			[
				11.0,
				0.00797304
			],
			[
				16.0,
				0.0158584
			],
			[
				21.0,
				0.0261778
			],
			[
				26.0,
				0.0388074
			],
			[
				31.0,
				0.0536233
			],
			[
				36.0,
				0.0705017
			],
			[
				41.0,
				0.0893186
			],
			[
				46.0,
				0.10995
			],
			[
				51.0,
				0.132272
			],
			[
				56.0,
				0.156162
			],
			[
				61.0,
				0.181494
			],
			[
				66.0,
				0.208146
			],
			[
				71.0,
				0.235992
			],
			[
				76.0,
				0.264911
			],
			[
				81.0,
				0.294776
			],
			[
				86.0,
				0.325466
			],
			[
				91.0,
				0.356855
			],
			[
				96.0,
				0.38882
			],
			[
				101.0,
				0.421237
			],
			[
				106.0,
				0.453982
			],
			[
				111.0,
				0.486932
			],
			[
				116.0,
				0.523473
			],
			[
				121.0,
				0.571399
			],
			[
				126.0,
				0.618339
			],
			[
				131.0,
				0.6638
			],
			[
				136.0,
				0.709322
			],
			[
				141.0,
				0.75582
			],
			[
				146.0,
				0.800182
			],
			[
				151.0,
				0.840813
			],
			[
				156.0,
				0.878838
			],
			[
				161.0,
				0.913808
			],
			[
				166.0,
				0.946066
			],
			[
				171.0,
				0.976529
			],
			[
				176.0,
				1.00612
			],
			[
				181.0,
				1.03573
			],
			[
				186.0,
				1.06441
			],
			[
				191.0,
				1.09071
			],
			[
				196.0,
				1.11392
			],
			[
				201.0,
				1.13601
			],
			[
				206.0,
				1.15672
			],
			[
				211.0,
				1.17553
			],
			[
				216.0,
				1.19187
			],
			[
				221.0,
				1.20543
			],
			[
				226.0,
				1.21777
			],
			[
				231.0,
				1.22937
			],
			[
				236.0,
				1.24025
			],
			[
				241.0,
				1.25042
			],
			[
				246.0,
				1.2599
			],
			[
				251.0,
				1.26873
			],
			[
				256.0,
				1.27693
			],
			[
				261.0,
				1.28451
			],
			[
				266.0,
				1.2915
			],
			[
				271.0,
				1.29793
			],
			[
				276.0,
				1.3039
			],
			[
				281.0,
				1.3098
			],
			[
				286.0,
				1.31567
			],
			[
				291.0,
				1.32148
			],
			[
				296.0,
				1.32722
			],
			[
				301.0,
				1.33287
			],
			[
				306.0,
				1.33842
			],
			[
				311.0,
				1.34383
			],
			[
				316.0,
				1.34911
			],
			[
				321.0,
				1.35423
			],
			[
				326.0,
				1.35917
			],
			[
				331.0,
				1.36392
			],
			[
				336.0,
				1.36846
			],
			[
				341.0,
				1.37278
			],
			[
				346.0,
				1.37685
			],
			[
				351.0,
				1.38066
			],
			[
				356.0,
				1.38419
			],
			[
				361.0,
				1.38743
			],
			[
				366.0,
				1.39036
			],
			[
				371.0,
				1.39295
			],
			[
				376.0,
				1.39521
			],
			[
				381.0,
				1.39709
			],
			[
				386.0,
				1.3986
			],
			[
				391.0,
				1.39971
			],
			[
				395.0,
				1.4003
			]
		]
	}
}
