{
	"ID": 65,
	"name": "M530_50A_0050Hz",
	"conductivity": 0.0,
	"relPermeability": 0.0,
	"remanence": "no information",
	"linear": false,
	"BHCurve": {
		"default": [
			[
				0.0,
				0.0
			],
			[
				10.0,
				0.0050956
			],
			[
				19.0,
				0.0198494
			],
			[
				28.0,
				0.0434622
			],
			[
				37.0,
				0.0751343
			],
			[
				46.0,
				0.114067
			],
			[
				55.0,
				0.159459
			],
			[
				64.0,
				0.210514
			],
			[
				73.0,
				0.26643
			],
			[
				82.0,
				0.326408
			],
			[
				87.0,
				0.36119
			],
			[
				92.0,
				0.396843
			],
			[
				97.0,
				0.433228
			],
			[
				102.0,
				0.47021
			],
			[
				107.0,
				0.508456
			],
			[
				112.0,
				0.565172
			],
			[
				117.0,
				0.620982
			],
			[
				122.0,
				0.671179
			],
			[
				127.0,
				0.719045
			],
			[
				132.0,
				0.76484
			],
			[
				137.0,
				0.8089
			],
			[
				142.0,
				0.852441
			],
			[
				147.0,
				0.892837
			],
			[
				152.0,
				0.927917
			],
			[
				157.0,
				0.959866
			],
			[
				172.0,
				1.04215
			],
			[
				187.0,
				1.10781
			],
			[
				202.0,
				1.15937
			],
			[
				217.0,
				1.20027
			],
			[
				232.0,
				1.23326
			],
			[
				256.0,
				1.27698
			],
			[
				280.0,
				1.30842
			],
			[
				304.0,
				1.33395
			],
			[
				328.0,
				1.35613
			],
			[
				713.0,
				1.49357
			],
			[
				1098.0,
				1.5423
			],
			[
				1483.0,
				1.57488
			],
			[
				1868.0,
				1.59871
			],
			[
				3408.0,
				1.66749
			],
			[
				4948.0,
				1.71553
			],
			[
				6488.0,
				1.75639
			],
			[
				8028.0,
				1.79124
			],
			[
				9568.0,
				1.82236
			],
			[
				11108.0,
				1.85144
			],
			[
				12648.0,
				1.87817
			],
			[
				14188.0,
				1.90194
			],
			[
				15503.0,
				1.91946
			]
		]
	}
}
