{
	"ID": 74,
	"name": "M530_50A_400Hz",
	"conductivity": 0.0,
	"relPermeability": 0.0,
	"remanence": "no information",
	"linear": false,
	"BHCurve": {
		"default": [
			[
				0.0,
				0.0
			],
			[
				1.0,
				0.000243427
			],
			[
				2.0,
				0.000542757
			],
			[
				3.0,
				0.000897421
			],
			[
				4.0,
				0.00130685
			],
			[
				5.0,
				0.00177048
			],
			[
				6.0,
				0.00228774
			],
			[
				7.0,
				0.00285806
			],
			[
				8.0,
				0.00348087
			],
			[
				9.0,
				0.00415561
			],
			[
				10.0,
				0.00488171
			],
			[
				11.0,
				0.0056586
			],
			[
				12.0,
				0.00648571
			],
			[
				13.0,
				0.00736246
			],
			[
				14.0,
				0.00828831
			],
			[
				15.0,
				0.00926267
			],
			[
				16.0,
				0.010285
			],
			[
				17.0,
				0.0113547
			],
			[
				18.0,
				0.0124712
			],
			[
				19.0,
				0.0136339
			],
			[
				20.0,
				0.0148423
			],
			[
				21.0,
				0.0160959
			],
			[
				22.0,
				0.0173939
			],
			[
				23.0,
				0.018736
			],
			[
				24.0,
				0.0201214
			],
			[
				25.0,
				0.0215497
			],
			[
				26.0,
				0.0230202
			],
			[
				27.0,
				0.0245324
			],
			[
				28.0,
				0.0260858
			],
			[
				29.0,
				0.0276797
			],
			[
				30.0,
				0.0293137
			],
			[
				31.0,
				0.030987
			],
			[
				32.0,
				0.0326992
			],
			[
				33.0,
				0.0344497
			],
			[
				34.0,
				0.0362379
			],
			[
				35.0,
				0.0380633
			],
			[
				36.0,
				0.0399252
			],
			[
				37.0,
				0.0418232
			],
			[
				38.0,
				0.0437566
			],
			[
				39.0,
				0.0457249
			],
			[
				40.0,
				0.0477275
			],
			[
				41.0,
				0.0497639
			],
			[
				42.0,
				0.0518334
			],
			[
				43.0,
				0.0539355
			],
			[
				44.0,
				0.0560697
			],
			[
				45.0,
				0.0582354
			],
			[
				46.0,
				0.0604319
			],
			[
				47.0,
				0.0626588
			],
			[
				48.0,
				0.0649154
			],
			[
				49.0,
				0.0672013
			],
			[
				50.0,
				0.0695157
			],
			[
				51.0,
				0.0718583
			],
			[
				52.0,
				0.0742283
			],
			[
				53.0,
				0.0766252
			],
			[
				54.0,
				0.0790486
			],
			[
				55.0,
				0.0814977
			],
			[
				56.0,
				0.083972
			],
			[
				57.0,
				0.0864709
			],
			[
				58.0,
				0.088994
			],
			[
				59.0,
				0.0915406
			],
			[
				60.0,
				0.0941101
			],
			[
				61.0,
				0.096702
			],
			[
				62.0,
				0.0993157
			],
			[
				63.0,
				0.101951
			],
			[
				64.0,
				0.104606
			],
			[
				65.0,
				0.107282
			],
			[
				66.0,
				0.109977
			],
			[
				67.0,
				0.112692
			],
			[
				68.0,
				0.115424
			],
			[
				69.0,
				0.118175
			],
			[
				70.0,
				0.120942
			],
			[
				71.0,
				0.123727
			],
			[
				72.0,
				0.126527
			],
			[
				73.0,
				0.129344
			],
			[
				74.0,
				0.132175
			],
			[
				75.0,
				0.13502
			],
			[
				76.0,
				0.13788
			],
			[
				77.0,
				0.140752
			],
			[
				78.0,
				0.143638
			],
			[
				79.0,
				0.146535
			],
			[
				80.0,
				0.149444
			],
			[
				81.0,
				0.152365
			],
			[
				82.0,
				0.155295
			],
			[
				83.0,
				0.158236
			],
			[
				84.0,
				0.161186
			],
			[
				85.0,
				0.164144
			],
			[
				86.0,
				0.167111
			],
			[
				87.0,
				0.170085
			],
			[
				88.0,
				0.173067
			],
			[
				89.0,
				0.176054
			],
			[
				90.0,
				0.179048
			],
			[
				91.0,
				0.182047
			],
			[
				92.0,
				0.185051
			],
			[
				93.0,
				0.188059
			],
			[
				94.0,
				0.191071
			],
			[
				95.0,
				0.194086
			],
			[
				96.0,
				0.197103
			],
			[
				97.0,
				0.200122
			],
			[
				98.0,
				0.203251
			],
			[
				99.0,
				0.206588
			],
			[
				100.0,
				0.210121
			],
			[
				101.0,
				0.213834
			],
			[
				102.0,
				0.217714
			],
			[
				103.0,
				0.221747
			],
			[
				104.0,
				0.225919
			],
			[
				105.0,
				0.230215
			],
			[
				106.0,
				0.234623
			],
			[
				107.0,
				0.239127
			],
			[
				108.0,
				0.243715
			],
			[
				109.0,
				0.248371
			],
			[
				110.0,
				0.253083
			],
			[
				111.0,
				0.257835
			],
			[
				112.0,
				0.262615
			],
			[
				113.0,
				0.267408
			],
			[
				114.0,
				0.272199
			],
			[
				115.0,
				0.276977
			],
			[
				116.0,
				0.281725
			],
			[
				117.0,
				0.28643
			],
			[
				118.0,
				0.291079
			],
			[
				119.0,
				0.295657
			],
			[
				120.0,
				0.300151
			],
			[
				121.0,
				0.304602
			],
			[
				122.0,
				0.309061
			],
			[
				123.0,
				0.313529
			],
			[
				124.0,
				0.318006
			],
			[
				125.0,
				0.322491
			],
			[
				126.0,
				0.326986
			],
			[
				127.0,
				0.33149
			],
			[
				128.0,
				0.336002
			],
			[
				129.0,
				0.340524
			],
			[
				130.0,
				0.345055
			],
			[
				131.0,
				0.349596
			],
			[
				132.0,
				0.354146
			],
			[
				133.0,
				0.358705
			],
			[
				134.0,
				0.363274
			],
			[
				135.0,
				0.367852
			],
			[
				136.0,
				0.372441
			],
			[
				137.0,
				0.377039
			],
			[
				138.0,
				0.381647
			],
			[
				139.0,
				0.386264
			],
			[
				140.0,
				0.390892
			],
			[
				141.0,
				0.39553
			],
			[
				142.0,
				0.400178
			],
			[
				143.0,
				0.404856
			],
			[
				144.0,
				0.409578
			],
			[
				145.0,
				0.41434
			],
			[
				146.0,
				0.419135
			],
			[
				147.0,
				0.423957
			],
			[
				148.0,
				0.428802
			],
			[
				149.0,
				0.433662
			],
			[
				150.0,
				0.438533
			],
			[
				151.0,
				0.443409
			],
			[
				152.0,
				0.448284
			],
			[
				153.0,
				0.453152
			],
			[
				154.0,
				0.458008
			],
			[
				155.0,
				0.462845
			],
			[
				156.0,
				0.467659
			],
			[
				157.0,
				0.472443
			],
			[
				158.0,
				0.477192
			],
			[
				159.0,
				0.481899
			],
			[
				160.0,
				0.48656
			],
			[
				161.0,
				0.491169
			],
			[
				162.0,
				0.495719
			],
			[
				163.0,
				0.500205
			],
			[
				164.0,
				0.504644
			],
			[
				165.0,
				0.509055
			],
			[
				166.0,
				0.513441
			],
			[
				167.0,
				0.5178
			],
			[
				168.0,
				0.522134
			],
			[
				169.0,
				0.526443
			],
			[
				170.0,
				0.530727
			],
			[
				171.0,
				0.534987
			],
			[
				172.0,
				0.539223
			],
			[
				173.0,
				0.543436
			],
			[
				174.0,
				0.547627
			],
			[
				175.0,
				0.551795
			],
			[
				176.0,
				0.555941
			],
			[
				177.0,
				0.560066
			],
			[
				178.0,
				0.564169
			],
			[
				179.0,
				0.568253
			],
			[
				180.0,
				0.572316
			],
			[
				181.0,
				0.576359
			],
			[
				182.0,
				0.580384
			],
			[
				183.0,
				0.58439
			],
			[
				184.0,
				0.588377
			],
			[
				185.0,
				0.592347
			],
			[
				186.0,
				0.596299
			],
			[
				187.0,
				0.600235
			],
			[
				188.0,
				0.604155
			],
			[
				189.0,
				0.608061
			],
			[
				190.0,
				0.611951
			],
			[
				191.0,
				0.615827
			],
			[
				192.0,
				0.619687
			],
			[
				193.0,
				0.623531
			],
			[
				194.0,
				0.62736
			],
			[
				195.0,
				0.631173
			],
			[
				196.0,
				0.634969
			],
			[
				197.0,
				0.638749
			],
			[
				198.0,
				0.642512
			],
			[
				199.0,
				0.646259
			],
			[
				200.0,
				0.649988
			],
			[
				201.0,
				0.6537
			],
			[
				202.0,
				0.657394
			],
			[
				203.0,
				0.66107
			],
			[
				204.0,
				0.664729
			],
			[
				205.0,
				0.668369
			],
			[
				206.0,
				0.67199
			],
			[
				207.0,
				0.675593
			],
			[
				208.0,
				0.679177
			],
			[
				209.0,
				0.682742
			],
			[
				210.0,
				0.686287
			],
			[
				211.0,
				0.689812
			],
			[
				212.0,
				0.693318
			],
			[
				213.0,
				0.696804
			],
			[
				214.0,
				0.700269
			],
			[
				215.0,
				0.703715
			],
			[
				216.0,
				0.707145
			],
			[
				217.0,
				0.710558
			],
			[
				218.0,
				0.713955
			],
			[
				219.0,
				0.717336
			],
			[
				220.0,
				0.7207
			],
			[
				221.0,
				0.724049
			],
			[
				222.0,
				0.727383
			],
			[
				223.0,
				0.730701
			],
			[
				224.0,
				0.734005
			],
			[
				225.0,
