{
	"ID": 77,
	"name": "M700_50A_0100Hz",
	"conductivity": 0.0,
	"relPermeability": 1.0,
	"remanence": 0.0,
	"linear": false,
	"BHCurve": {
		"default": [
			[
				0.0,
				0.0
			],
			[
				16.0,
				0.00926867
			],
			[
				31.0,
				0.0357557
			],
			[
				46.0,
				0.0774826
			],
			[
				64.0,
				0.144886
			],
			[
				82.0,
				0.227967
			],
			[
				100.0,
				0.323306
			],
			[
				124.0,
				0.463586
			],
			[
				148.0,
				0.671189
			],
			[
				155.0,
				0.735211
			],
			[
				162.0,
				0.792205
			],
			[
				169.0,
				0.847327
			],
			[
				176.0,
				0.90022
			],
			[
				191.0,
				1.00651
			],
			[
				206.0,
				1.09122
			],
			[
				221.0,
				1.1521
			],
			[
				239.0,
				1.20498
			],
			[
				257.0,
				1.24278
			],
			[
				275.0,
				1.27323
			],
			[
				299.0,
				1.30363
			],
			[
				323.0,
				1.32797
			],
			[
				538.0,
				1.43906
			],
			[
				753.0,
				1.48897
			],
			[
				968.0,
				1.51776
			],
			[
				1183.0,
				1.54052
			],
			[
				1398.0,
				1.55911
			],
			[
				1613.0,
				1.57447
			],
			[
				1828.0,
				1.58756
			],
			[
				2043.0,
				1.59932
			],
			[
				2903.0,
				1.63929
			],
			[
				3763.0,
				1.67001
			],
			[
				4623.0,
				1.69664
			],
			[
				5483.0,
				1.72325
			],
			[
				6343.0,
				1.74872
			],
			[
				7203.0,
				1.7725
			],
			[
				8063.0,
				1.79429
			],
			[
				8794.0,
				1.81101
			]
		]
	}
}
