{
	"ID": 78,
	"name": "M700_50A_0200Hz",
	"conductivity": 0.0,
	"relPermeability": 0.0,
	"remanence": "no information",
	"linear": false,
	"BHCurve": {
		"default": [
			[
				0.0,
				0.0
			],
			[
				19.0,
				0.0156817
			],
			[
				37.0,
				0.0509341
			],
			[
				61.0,
				0.123516
			],
			[
				85.0,
				0.219218
			],
			[
				109.0,
				0.331367
			],
			[
				214.0,
				0.934526
			],
			[
				319.0,
				1.32185
			],
			[
				424.0,
				1.39643
			],
			[
				529.0,
				1.43493
			],
			[
				634.0,
				1.46393
			],
			[
				739.0,
				1.48537
			],
			[
				844.0,
				1.50119
			],
			[
				949.0,
				1.51415
			],
			[
				1054.0,
				1.52577
			],
			[
				1159.0,
				1.53621
			],
			[
				1264.0,
				1.54561
			],
			[
				1369.0,
				1.5541
			],
			[
				1474.0,
				1.56184
			],
			[
				1579.0,
				1.56896
			],
			[
				1684.0,
				1.5756
			],
			[
				1789.0,
				1.58192
			],
			[
				1894.0,
				1.58805
			],
			[
				1999.0,
				1.59415
			],
			[
				2104.0,
				1.60034
			],
			[
				2209.0,
				1.60669
			],
			[
				2314.0,
				1.613
			],
			[
				2419.0,
				1.61923
			],
			[
				2524.0,
				1.62536
			],
			[
				2629.0,
				1.63139
			],
			[
				2734.0,
				1.63731
			],
			[
				2839.0,
				1.6431
			],
			[
				2944.0,
				1.64877
			],
			[
				3049.0,
				1.6543
			],
			[
				3154.0,
				1.65969
			],
			[
				3259.0,
				1.66491
			],
			[
				3364.0,
				1.66997
			],
			[
				3469.0,
				1.67486
			],
			[
				3574.0,
				1.67956
			],
			[
				3679.0,
				1.68407
			],
			[
				3784.0,
				1.68837
			],
			[
				3889.0,
				1.69247
			],
			[
				3994.0,
				1.69634
			],
			[
				4099.0,
				1.69998
			],
			[
				4204.0,
				1.70338
			],
			[
				4267.0,
				1.7053
			]
		]
	}
}
