{
	"ID": 76,
	"name": "M700_50A_0050Hz",
	"conductivity": 0.0,
	"relPermeability": 1.0,
	"remanence": 0.0,
	"linear": false,
	"BHCurve": {
		"default": [
			[
				0.0,
				0.0
			],
			[
				16.0,
				0.00856737
			],
			[
				31.0,
				0.0335249
			],
			[
				46.0,
				0.0737556
			],
			[
				61.0,
				0.128143
			],
			[
				76.0,
				0.195569
			],
			[
				81.0,
				0.220749
			],
			[
				86.0,
				0.247213
			],
			[
				91.0,
				0.274918
			],
			[
				96.0,
				0.303824
			],
			[
				101.0,
				0.33389
			],
			[
				106.0,
				0.365073
			],
			[
				111.0,
				0.397332
			],
			[
				116.0,
				0.430627
			],
			[
				121.0,
				0.464916
			],
			[
				126.0,
				0.500157
			],
			[
				131.0,
				0.560468
			],
			[
				136.0,
				0.621479
			],
			[
				141.0,
				0.670117
			],
			[
				146.0,
				0.722235
			],
			[
				151.0,
				0.779609
			],
			[
				160.0,
				0.861582
			],
			[
				169.0,
				0.929473
			],
			[
				178.0,
				0.988864
			],
			[
				187.0,
				1.03628
			],
			[
				196.0,
				1.07661
			],
			[
				205.0,
				1.11139
			],
			[
				214.0,
				1.14322
			],
			[
				223.0,
				1.17172
			],
			[
				247.0,
				1.22753
			],
			[
				271.0,
				1.26927
			],
			[
				295.0,
				1.30037
			],
			[
				319.0,
				1.32496
			],
			[
				689.0,
				1.47781
			],
			[
				1059.0,
				1.52864
			],
			[
				1429.0,
				1.56227
			],
			[
				1799.0,
				1.58678
			],
			[
				2169.0,
				1.60715
			],
			[
				3649.0,
				1.66928
			],
			[
				5129.0,
				1.71559
			],
			[
				6609.0,
				1.75624
			],
			[
				8089.0,
				1.79165
			],
			[
				9569.0,
				1.82372
			],
			[
				11049.0,
				1.85376
			],
			[
				12529.0,
				1.88145
			],
			[
				14009.0,
				1.90626
			],
			[
				14832.0,
				1.91861
			]
		]
	}
}
