{
	"ID": 79,
	"name": "M700_50A_0400Hz",
	"conductivity": 0.0,
	"relPermeability": 1.0,
	"remanence": 0.0,
	"linear": false,
	"BHCurve": {
		"default": [
			[
				0.0,
				0.0
			],
			[
				11.0,
				0.00250131
			],
			[
				21.0,
				0.00970517
			],
			[
				31.0,
				0.0211615
			],
			[
				41.0,
				0.0364203
			],
			[
				51.0,
				0.0550313
			],
			[
				61.0,
				0.0765446
			],
			[
				71.0,
				0.10051
			],
			[
				81.0,
				0.126478
			],
			[
				91.0,
				0.153997
			],
			[
				101.0,
				0.182619
			],
			[
				111.0,
				0.213797
			],
			[
				135.0,
				0.33069
			],
			[
				145.0,
				0.384241
			],
			[
				155.0,
				0.437649
			],
			[
				165.0,
				0.490282
			],
			[
				175.0,
				0.538371
			],
			[
				185.0,
				0.583241
			],
			[
				195.0,
				0.624713
			],
			[
				205.0,
				0.663357
			],
			[
				215.0,
				0.700269
			],
			[
				225.0,
				0.73608
			],
			[
				235.0,
				0.770562
			],
			[
				245.0,
				0.80353
			],
			[
				255.0,
				0.835046
			],
			[
				265.0,
				0.86535
			],
			[
				275.0,
				0.894607
			],
			[
				285.0,
				0.922848
			],
			[
				295.0,
				0.950083
			],
			[
				305.0,
				0.976682
			],
			[
				315.0,
				1.00303
			],
			[
				325.0,
				1.02927
			],
			[
				335.0,
				1.05521
			],
			[
				345.0,
				1.08063
			],
			[
				355.0,
				1.10531
			],
			[
				365.0,
				1.12933
			],
			[
				375.0,
				1.1528
			],
			[
				385.0,
				1.17576
			],
			[
				395.0,
				1.19827
			],
			[
				405.0,
				1.22045
			],
			[
				415.0,
				1.24234
			],
			[
				425.0,
				1.26376
			],
			[
				435.0,
				1.28453
			],
			[
				445.0,
				1.30448
			],
			[
				455.0,
				1.32381
			],
			[
				465.0,
				1.34263
			],
			[
				475.0,
				1.3609
			],
			[
				485.0,
				1.37858
			],
			[
				495.0,
				1.39564
			],
			[
				496.0,
				1.39731
			]
		]
	}
}
