{
	"ID": 81,
	"name": "M700_50A_050Hz",
	"conductivity": 0.0,
	"relPermeability": 0.0,
	"remanence": "no information",
	"linear": false,
	"BHCurve": {
		"default": [
			[
				0.0,
				0.0
			],
			[
				10.0,
				0.00551811
			],
			[
				20.0,
				0.0221998
			],
			[
				30.0,
				0.0502361
			],
			[
				40.0,
				0.089818
			],
			[
				50.0,
				0.141137
			],
			[
				60.0,
				0.204383
			],
			[
				70.0,
				0.279748
			],
			[
				80.0,
				0.367423
			],
			[
				90.0,
				0.467598
			],
			[
				100.0,
				0.661236
			],
			[
				110.0,
				0.860138
			],
			[
				120.0,
				1.0448
			],
			[
				130.0,
				1.13407
			],
			[
				140.0,
				1.18234
			],
			[
				150.0,
				1.21616
			],
			[
				160.0,
				1.2444
			],
			[
				170.0,
				1.26804
			],
			[
				180.0,
				1.28746
			],
			[
				190.0,
				1.30312
			],
			[
				200.0,
				1.31695
			],
			[
				210.0,
				1.3298
			],
			[
				220.0,
				1.34169
			],
			[
				230.0,
				1.35264
			],
			[
				240.0,
				1.36268
			],
			[
				250.0,
				1.37181
			],
			[
				260.0,
				1.38008
			],
			[
				270.0,
				1.38749
			],
			[
				280.0,
				1.39406
			],
			[
				290.0,
				1.39983
			],
			[
				300.0,
				1.40506
			],
			[
				310.0,
				1.41012
			],
			[
				320.0,
				1.41502
			],
			[
				330.0,
				1.41977
			],
			[
				340.0,
				1.42436
			],
			[
				350.0,
				1.42879
			],
			[
				360.0,
				1.43309
			],
			[
				370.0,
				1.43723
			],
			[
				380.0,
				1.44124
			],
			[
				390.0,
				1.44511
			],
			[
				400.0,
				1.44885
			],
			[
				410.0,
				1.45245
			],
			[
				420.0,
				1.45593
			],
			[
				430.0,
				1.45928
			],
			[
				440.0,
				1.46251
			],
			[
				450.0,
				1.46563
			],
			[
				460.0,
				1.46862
			],
			[
				470.0,
				1.47151
			],
			[
				480.0,
				1.47429
			],
			[
				490.0,
				1.47697
			],
			[
				500.0,
				1.47954
			],
			[
				510.0,
				1.48202
			],
			[
				520.0,
				1.4844
			],
			[
				530.0,
				1.48669
			],
			[
				540.0,
				1.48889
			],
			[
				550.0,
				1.491
			],
			[
				560.0,
				1.49304
			],
			[
				570.0,
				1.49499
			],
			[
				580.0,
				1.49687
			],
			[
				590.0,
				1.49868
			],
			[
				600.0,
				1.50042
			],
			[
				610.0,
				1.5021
			],
			[
				620.0,
				1.50377
			],
			[
				630.0,
				1.50542
			],
			[
				640.0,
				1.50705
			],
			[
				650.0,
				1.50866
			],
			[
				660.0,
				1.51025
			],
			[
				670.0,
				1.51182
			],
			[
				680.0,
				1.51337
			],
			[
				690.0,
				1.5149
			],
			[
				700.0,
				1.51642
			],
			[
				710.0,
				1.51792
			],
			[
				720.0,
				1.5194
			],
			[
				730.0,
				1.52086
			],
			[
				740.0,
				1.52231
			],
			[
				750.0,
				1.52373
			],
			[
				760.0,
				1.52514
			],
			[
				770.0,
				1.52654
			],
			[
				780.0,
				1.52791
			],
			[
				790.0,
				1.52928
			],
			[
				800.0,
				1.53062
			],
			[
				810.0,
				1.53195
			],
			[
				820.0,
				1.53326
			],
			[
				830.0,
				1.53456
			],
			[
				840.0,
				1.53584
			],
			[
				850.0,
				1.5371
			],
			[
				860.0,
				1.53835
			],
			[
				870.0,
				1.53959
			],
			[
				880.0,
				1.5408
			],
			[
				890.0,
				1.54201
			],
			[
				900.0,
				1.5432
			],
			[
				910.0,
				1.54438
			],
			[
				920.0,
				1.54554
			],
			[
				930.0,
				1.54669
			],
			[
				940.0,
				1.54782
			],
			[
				950.0,
				1.54894
			],
			[
				960.0,
				1.55005
			],
			[
				970.0,
				1.55115
			],
			[
				980.0,
				1.55223
			],
			[
				990.0,
				1.55329
			],
			[
				1000.0,
				1.55435
			],
			[
				1010.0,
				1.55539
			],
			[
				1020.0,
				1.55643
			],
			[
				1030.0,
				1.55744
			],
			[
				1040.0,
				1.55845
			],
			[
				1050.0,
				1.55945
			],
			[
				1060.0,
				1.56043
			],
			[
				1070.0,
				1.5614
			],
			[
				1080.0,
				1.56237
			],
			[
				1090.0,
				1.56332
			],
			[
				1100.0,
				1.56426
			],
			[
				1110.0,
				1.56519
			],
			[
				1120.0,
				1.5661
			],
			[
				1130.0,
				1.56701
			],
			[
				1140.0,
				1.56791
			],
			[
				1150.0,
				1.5688
			],
			[
				1160.0,
				1.56968
			],
			[
				1170.0,
				1.57055
			],
			[
				1180.0,
				1.57141
			],
			[
				1190.0,
				1.57226
			],
			[
				1200.0,
				1.5731
			],
			[
				1210.0,
				1.57394
			],
			[
				1220.0,
				1.57476
			],
			[
				1230.0,
				1.57558
			],
			[
				1240.0,
				1.57639
			],
			[
				1250.0,
				1.57719
			],
			[
				1260.0,
				1.57798
			],
			[
				1270.0,
				1.57877
			],
			[
				1280.0,
				1.57954
			],
			[
				1290.0,
				1.58031
			],
			[
				1300.0,
				1.58108
			],
			[
				1310.0,
				1.58184
			],
			[
				1320.0,
				1.58259
			],
			[
				1330.0,
				1.58333
			],
			[
				1340.0,
				1.58407
			],
			[
				1350.0,
				1.5848
			],
			[
				1360.0,
				1.58552
			],
			[
				1370.0,
				1.58624
			],
			[
				1380.0,
				1.58696
			],
			[
				1390.0,
				1.58766
			],
			[
				1400.0,
				1.58837
			],
			[
				1410.0,
				1.58907
			],
			[
				1420.0,
				1.58976
			],
			[
				1430.0,
				1.59045
			],
			[
				1440.0,
				1.59113
			],
			[
				1450.0,
				1.59181
			],
			[
				1460.0,
				1.59249
			],
			[
				1470.0,
				1.59316
			],
			[
				1480.0,
				1.59383
			],
			[
				1490.0,
				1.5945
			],
			[
				1500.0,
				1.59516
			],
			[
				1510.0,
				1.59582
			],
			[
				1520.0,
				1.59647
			],
			[
				1530.0,
				1.59713
			],
			[
				1540.0,
				1.59778
			],
			[
				1550.0,
				1.59842
			],
			[
				1560.0,
				1.59907
			],
			[
				1570.0,
				1.59971
			],
			[
				1580.0,
				1.60036
			],
			[
				1590.0,
				1.601
			],
			[
				1600.0,
				1.60164
			],
			[
				1610.0,
				1.60227
			],
			[
				1620.0,
				1.60291
			],
			[
				1630.0,
				1.60354
			],
			[
				1640.0,
				1.60417
			],
			[
				1650.0,
				1.6048
			],
			[
				1660.0,
				1.60542
			],
			[
				1670.0,
				1.60604
			],
			[
				1680.0,
				1.60666
			],
			[
				1690.0,
				1.60728
			],
			[
				1700.0,
				1.60789
			],
			[
				1710.0,
				1.6085
			],
			[
				1720.0,
				1.60911
			],
			[
				1730.0,
				1.60972
			],
			[
				1740.0,
				1.61032
			],
			[
				1750.0,
				1.61092
			],
			[
				1760.0,
				1.61152
			],
			[
				1770.0,
				1.61212
			],
			[
				1780.0,
				1.61271
			],
			[
				1790.0,
				1.6133
			],
			[
				1800.0,
				1.61389
			],
			[
				1810.0,
				1.61448
			],
			[
				1820.0,
				1.61506
			],
			[
				1830.0,
				1.61564
			],
			[
				1840.0,
				1.61622
			],
			[
				1850.0,
				1.6168
			],
			[
				1860.0,
				1.61737
			],
			[
				1870.0,
				1.61794
			],
			[
				1880.0,
				1.61851
			],
			[
				1890.0,
				1.61908
			],
			[
				1900.0,
				1.61964
			],
			[
				1910.0,
				1.6202
			],
			[
				1920.0,
				1.62076
			],
			[
				1930.0,
				1.62132
			],
			[
				1940.0,
				1.62187
			],
			[
				1950.0,
				1.62243
			],
			[
				1960.0,
				1.62298
			],
			[
				1970.0,
				1.62352
			],
			[
				1980.0,
				1.62407
			],
			[
				1990.0,
				1.62461
			],
			[
				2000.0,
				1.62515
			],
			[
				2010.0,
				1.62569
			],
			[
				2020.0,
				1.62623
			],
			[
				2030.0,
				1.62676
			],
			[
				2040.0,
				1.6273
			],
			[
				2050.0,
				1.62783
			],
			[
				2060.0,
				1.62836
			],
			[
				2070.0,
				1.62888
			],
			[
				2080.0,
				1.6294
			],
			[
				2090.0,
				1.62993
			],
			[
				2100.0,
				1.63045
			],
			[
				2110.0,
				1.63096
			],
			[
				2120.0,
				1.63148
			],
			[
				2130.0,
				1.63199
			],
			[
				2140.0,
				1.6325
			],
			[
				2150.0,
				1.63301
			],
			[
				2160.0,
				1.63352
			],
			[
				2170.0,
				1.63402
			],
			[
				2180.0,
				1.63453
			],
			[
				2190.0,
				1.63503
			],
			[
				2200.0,
				1.63553
			],
			[
				2210.0,
				1.63602
			],
			[
				2220.0,
				1.63652
			],
			[
				2230.0,
				1.63701
			],
			[
				2240.0,
				1.6375
			],
			[
				2250.0,
				1.63799
			],
			[
				2260.0,
				1.63848
			],
			[
				2270.0,
