{
	"ID": 80,
	"name": "M700_50A_0500Hz",
	"conductivity": 0.0,
	"relPermeability": 0.0,
	"remanence": "no information",
	"linear": false,
	"BHCurve": {
		"default": [
			[
				0.0,
				0.0
			],
			[
				11.0,
				0.00248283
			],
			[
				21.0,
				0.00961826
			],
			[
				31.0,
				0.0209367
			],
			[
				41.0,
				0.0359686
			],
			[
				51.0,
				0.0542443
			],
			[
				61.0,
				0.0752943
			],
			[
				71.0,
				0.098649
			],
			[
				81.0,
				0.123839
			],
			[
				91.0,
				0.150394
			],
			[
				101.0,
				0.177845
			],
			[
				111.0,
				0.206118
			],
			[
				135.0,
				0.309202
			],
			[
				145.0,
				0.356962
			],
			[
				155.0,
				0.404856
			],
			[
				165.0,
				0.451735
			],
			[
				175.0,
				0.496087
			],
			[
				185.0,
				0.535517
			],
			[
				195.0,
				0.572028
			],
			[
				205.0,
				0.607265
			],
			[
				215.0,
				0.641762
			],
			[
				225.0,
				0.674971
			],
			[
				235.0,
				0.70643
			],
			[
				245.0,
				0.736267
			],
			[
				255.0,
				0.76482
			],
			[
				265.0,
				0.792281
			],
			[
				275.0,
				0.818803
			],
			[
				285.0,
				0.844416
			],
			[
				295.0,
				0.869211
			],
			[
				305.0,
				0.893288
			],
			[
				315.0,
				0.916639
			],
			[
				325.0,
				0.93916
			],
			[
				335.0,
				0.961154
			],
			[
				345.0,
				0.982942
			],
			[
				355.0,
				1.00485
			],
			[
				365.0,
				1.02696
			],
			[
				375.0,
				1.04904
			],
			[
				385.0,
				1.07087
			],
			[
				395.0,
				1.09217
			],
			[
				405.0,
				1.11282
			],
			[
				415.0,
				1.13304
			],
			[
				425.0,
				1.15285
			],
			[
				435.0,
				1.17225
			],
			[
				445.0,
				1.19123
			],
			[
				455.0,
				1.2098
			],
			[
				465.0,
				1.228
			],
			[
				475.0,
				1.24585
			],
			[
				485.0,
				1.26336
			],
			[
				495.0,
				1.28051
			],
			[
				505.0,
				1.29732
			],
			[
				515.0,
				1.3138
			],
			[
				525.0,
				1.33001
			],
			[
				535.0,
				1.34594
			],
			[
				545.0,
				1.36157
			],
			[
				555.0,
				1.37689
			],
			[
				565.0,
				1.39188
			],
			[
				569.0,
				1.39778
			]
		]
	}
}
