{
	"ID": 84,
	"name": "M700_50A_400Hz",
	"conductivity": 0.0,
	"relPermeability": 1.0,
	"remanence": 0.0,
	"linear": false,
	"BHCurve": {
		"default": [
			[
				0.0,
				0.0
			],
			[
				1.0,
				2.56882e-05
			],
			[
				2.0,
				0.000102453
			],
			[
				3.0,
				0.000229843
			],
			[
				4.0,
				0.00040741
			],
			[
				5.0,
				0.000634703
			],
			[
				6.0,
				0.000911272
			],
			[
				7.0,
				0.00123667
			],
			[
				8.0,
				0.00161044
			],
			[
				9.0,
				0.00203213
			],
			[
				10.0,
				0.00250131
			],
			[
				11.0,
				0.0030175
			],
			[
				12.0,
				0.00358028
			],
			[
				13.0,
				0.00418918
			],
			[
				14.0,
				0.00484375
			],
			[
				15.0,
				0.00554355
			],
			[
				16.0,
				0.00628812
			],
			[
				17.0,
				0.00707702
			],
			[
				18.0,
				0.0079098
			],
			[
				19.0,
				0.008786
			],
			[
				20.0,
				0.00970517
			],
			[
				21.0,
				0.0106669
			],
			[
				22.0,
				0.0116706
			],
			[
				23.0,
				0.012716
			],
			[
				24.0,
				0.0138026
			],
			[
				25.0,
				0.0149299
			],
			[
				26.0,
				0.0160975
			],
			[
				27.0,
				0.0173049
			],
			[
				28.0,
				0.0185517
			],
			[
				29.0,
				0.0198373
			],
			[
				30.0,
				0.0211615
			],
			[
				31.0,
				0.0225237
			],
			[
				32.0,
				0.0239235
			],
			[
				33.0,
				0.0253604
			],
			[
				34.0,
				0.0268339
			],
			[
				35.0,
				0.0283437
			],
			[
				36.0,
				0.0298893
			],
			[
				37.0,
				0.0314702
			],
			[
				38.0,
				0.0330859
			],
			[
				39.0,
				0.0347361
			],
			[
				40.0,
				0.0364203
			],
			[
				41.0,
				0.0381379
			],
			[
				42.0,
				0.0398887
			],
			[
				43.0,
				0.0416721
			],
			[
				44.0,
				0.0434876
			],
			[
				45.0,
				0.0453349
			],
			[
				46.0,
				0.0472134
			],
			[
				47.0,
				0.0491228
			],
			[
				48.0,
				0.0510625
			],
			[
				49.0,
				0.0530322
			],
			[
				50.0,
				0.0550313
			],
			[
				51.0,
				0.0570595
			],
			[
				52.0,
				0.0591162
			],
			[
				53.0,
				0.0612011
			],
			[
				54.0,
				0.0633136
			],
			[
				55.0,
				0.0654533
			],
			[
				56.0,
				0.0676198
			],
			[
				57.0,
				0.0698127
			],
			[
				58.0,
				0.0720314
			],
			[
				59.0,
				0.0742755
			],
			[
				60.0,
				0.0765446
			],
			[
				61.0,
				0.0788382
			],
			[
				62.0,
				0.0811559
			],
			[
				63.0,
				0.0834973
			],
			[
				64.0,
				0.0858618
			],
			[
				65.0,
				0.088249
			],
			[
				66.0,
				0.0906584
			],
			[
				67.0,
				0.0930897
			],
			[
				68.0,
				0.0955424
			],
			[
				69.0,
				0.098016
			],
			[
				70.0,
				0.10051
			],
			[
				71.0,
				0.103024
			],
			[
				72.0,
				0.105558
			],
			[
				73.0,
				0.108111
			],
			[
				74.0,
				0.110682
			],
			[
				75.0,
				0.113272
			],
			[
				76.0,
				0.115879
			],
			[
				77.0,
				0.118504
			],
			[
				78.0,
				0.121146
			],
			[
				79.0,
				0.123804
			],
			[
				80.0,
				0.126478
			],
			[
				81.0,
				0.129167
			],
			[
				82.0,
				0.131872
			],
			[
				83.0,
				0.134591
			],
			[
				84.0,
				0.137324
			],
			[
				85.0,
				0.140072
			],
			[
				86.0,
				0.142832
			],
			[
				87.0,
				0.145605
			],
			[
				88.0,
				0.148391
			],
			[
				89.0,
				0.151188
			],
			[
				90.0,
				0.153997
			],
			[
				91.0,
				0.156817
			],
			[
				92.0,
				0.159648
			],
			[
				93.0,
				0.162488
			],
			[
				94.0,
				0.165339
			],
			[
				95.0,
				0.168198
			],
			[
				96.0,
				0.171067
			],
			[
				97.0,
				0.173943
			],
			[
				98.0,
				0.176828
			],
			[
				99.0,
				0.17972
			],
			[
				100.0,
				0.182619
			],
			[
				101.0,
				0.185524
			],
			[
				102.0,
				0.188436
			],
			[
				103.0,
				0.191353
			],
			[
				104.0,
				0.194275
			],
			[
				105.0,
				0.197202
			],
			[
				106.0,
				0.200133
			],
			[
				107.0,
				0.203195
			],
			[
				108.0,
				0.206503
			],
			[
				109.0,
				0.210042
			],
			[
				110.0,
				0.213797
			],
			[
				111.0,
				0.21775
			],
			[
				112.0,
				0.221887
			],
			[
				113.0,
				0.226191
			],
			[
				114.0,
				0.230648
			],
			[
				115.0,
				0.235241
			],
			[
				116.0,
				0.239954
			],
			[
				117.0,
				0.244771
			],
			[
				118.0,
				0.249678
			],
			[
				119.0,
				0.254658
			],
			[
				120.0,
				0.259694
			],
			[
				121.0,
				0.264773
			],
			[
				122.0,
				0.269877
			],
			[
				123.0,
				0.274991
			],
			[
				124.0,
				0.2801
			],
			[
				125.0,
				0.285187
			],
			[
				126.0,
				0.290237
			],
			[
				127.0,
				0.295233
			],
			[
				128.0,
				0.300161
			],
			[
				129.0,
				0.305087
			],
			[
				130.0,
				0.310087
			],
			[
				131.0,
				0.315153
			],
			[
				132.0,
				0.32028
			],
			[
				133.0,
				0.325461
			],
			[
				134.0,
				0.33069
			],
			[
				135.0,
				0.335961
			],
			[
				136.0,
				0.341267
			],
			[
				137.0,
				0.346602
			],
			[
				138.0,
				0.35196
			],
			[
				139.0,
				0.357335
			],
			[
				140.0,
				0.362721
			],
			[
				141.0,
				0.36811
			],
			[
				142.0,
				0.373498
			],
			[
				143.0,
				0.378877
			],
			[
				144.0,
				0.384241
			],
			[
				145.0,
				0.389585
			],
			[
				146.0,
				0.394902
			],
			[
				147.0,
				0.400185
			],
			[
				148.0,
				0.405468
			],
			[
				149.0,
				0.410784
			],
			[
				150.0,
				0.416128
			],
			[
				151.0,
				0.421493
			],
			[
				152.0,
				0.426872
			],
			[
				153.0,
				0.432259
			],
			[
				154.0,
				0.437649
			],
			[
				155.0,
				0.443034
			],
			[
				156.0,
				0.448409
			],
			[
				157.0,
				0.453767
			],
			[
				158.0,
				0.459103
			],
			[
				159.0,
				0.464409
			],
			[
				160.0,
				0.469679
			],
			[
				161.0,
				0.474908
			],
			[
				162.0,
				0.480089
			],
			[
				163.0,
				0.485216
			],
			[
				164.0,
				0.490282
			],
			[
				165.0,
				0.495282
			],
			[
				166.0,
				0.500209
			],
			[
				167.0,
				0.505082
			],
			[
				168.0,
				0.509927
			],
			[
				169.0,
				0.514743
			],
			[
				170.0,
				0.519529
			],
			[
				171.0,
				0.524285
			],
			[
				172.0,
				0.529011
			],
			[
				173.0,
				0.533707
			],
			[
				174.0,
				0.538371
			],
			[
				175.0,
				0.543005
			],
			[
				176.0,
				0.547606
			],
			[
				177.0,
				0.552176
			],
			[
				178.0,
				0.556714
			],
			[
				179.0,
				0.561218
			],
			[
				180.0,
				0.56569
			],
			[
				181.0,
				0.570129
			],
			[
				182.0,
				0.574534
			],
			[
				183.0,
				0.578904
			],
			[
				184.0,
				0.583241
			],
			[
				185.0,
				0.587543
			],
			[
				186.0,
				0.591809
			],
			[
				187.0,
				0.596041
			],
			[
				188.0,
				0.600236
			],
			[
				189.0,
				0.604397
			],
			[
				190.0,
				0.608523
			],
			[
				191.0,
				0.612617
			],
			[
				192.0,
				0.616679
			],
			[
				193.0,
				0.62071
			],
			[
				194.0,
				0.624713
			],
			[
				195.0,
				0.628686
			],
			[
				196.0,
				0.632633
			],
			[
				197.0,
				0.636553
			],
			[
				198.0,
				0.640449
			],
			[
				199.0,
				0.64432
			],
			[
				200.0,
				0.648169
			],
			[
				201.0,
				0.651996
			],
			[
				202.0,
				0.655802
			],
			[
				203.0,
				0.659589
			],
			[
				204.0,
				0.663357
			],
			[
				205.0,
				0.667108
			],
			[
				206.0,
				0.670843
			],
			[
				207.0,
				0.674563
			],
			[
				208.0,
				0.678268
			],
			[
				209.0,
				0.681961
			],
			[
				210.0,
				0.685642
			],
			[
				211.0,
				0.689312
			],
			[
				212.0,
				0.692972
			],
			[
				213.0,
				0.696624
			],
			[
				214.0,
				0.700269
			],
			[
				215.0,
				0.703904
			],
			[
				216.0,
				0.707528
			],
			[
				217.0,
				0.71114
			],
			[
				218.0,
				0.714741
			],
			[
				219.0,
				0.718329
			],
			[
				220.0,
				0.721904
			],
			[
				221.0,
				0.725467
			],
			[
				222.0,
				0.729018
			],
			[
				223.0,
				0.732555
			],
			[
				224.0,
				0.73608
			],
			[
