{
	"ID": 85,
	"name": "M700_50A_500Hz",
	"conductivity": 0.0,
	"relPermeability": 0.0,
	"remanence": "no information",
	"linear": false,
	"BHCurve": {
		"default": [
			[
				0.0,
				0.0
			],
			[
				1.0,
				2.55327e-05
			],
			[
				2.0,
				0.000101818
			],
			[
				3.0,
				0.000228385
			],
			[
				4.0,
				0.000404766
			],
			[
				5.0,
				0.00063049
			],
			[
				6.0,
				0.000905088
			],
			[
				7.0,
				0.00122809
			],
			[
				8.0,
				0.00159903
			],
			[
				9.0,
				0.00201743
			],
			[
				10.0,
				0.00248283
			],
			[
				11.0,
				0.00299475
			],
			[
				12.0,
				0.00355273
			],
			[
				13.0,
				0.0041563
			],
			[
				14.0,
				0.00480499
			],
			[
				15.0,
				0.00549832
			],
			[
				16.0,
				0.00623583
			],
			[
				17.0,
				0.00701705
			],
			[
				18.0,
				0.0078415
			],
			[
				19.0,
				0.00870873
			],
			[
				20.0,
				0.00961826
			],
			[
				21.0,
				0.0105696
			],
			[
				22.0,
				0.0115623
			],
			[
				23.0,
				0.0125959
			],
			[
				24.0,
				0.01367
			],
			[
				25.0,
				0.014784
			],
			[
				26.0,
				0.0159374
			],
			[
				27.0,
				0.0171299
			],
			[
				28.0,
				0.0183609
			],
			[
				29.0,
				0.01963
			],
			[
				30.0,
				0.0209367
			],
			[
				31.0,
				0.0222805
			],
			[
				32.0,
				0.023661
			],
			[
				33.0,
				0.0250777
			],
			[
				34.0,
				0.0265301
			],
			[
				35.0,
				0.0280178
			],
			[
				36.0,
				0.0295403
			],
			[
				37.0,
				0.0310971
			],
			[
				38.0,
				0.0326877
			],
			[
				39.0,
				0.0343117
			],
			[
				40.0,
				0.0359686
			],
			[
				41.0,
				0.0376579
			],
			[
				42.0,
				0.0393793
			],
			[
				43.0,
				0.0411321
			],
			[
				44.0,
				0.0429159
			],
			[
				45.0,
				0.0447303
			],
			[
				46.0,
				0.0465748
			],
			[
				47.0,
				0.0484489
			],
			[
				48.0,
				0.0503522
			],
			[
				49.0,
				0.0522842
			],
			[
				50.0,
				0.0542443
			],
			[
				51.0,
				0.0562322
			],
			[
				52.0,
				0.0582474
			],
			[
				53.0,
				0.0602894
			],
			[
				54.0,
				0.0623577
			],
			[
				55.0,
				0.0644519
			],
			[
				56.0,
				0.0665715
			],
			[
				57.0,
				0.068716
			],
			[
				58.0,
				0.0708849
			],
			[
				59.0,
				0.0730779
			],
			[
				60.0,
				0.0752943
			],
			[
				61.0,
				0.0775338
			],
			[
				62.0,
				0.0797959
			],
			[
				63.0,
				0.0820801
			],
			[
				64.0,
				0.0843859
			],
			[
				65.0,
				0.0867129
			],
			[
				66.0,
				0.0890606
			],
			[
				67.0,
				0.0914285
			],
			[
				68.0,
				0.0938162
			],
			[
				69.0,
				0.0962232
			],
			[
				70.0,
				0.098649
			],
			[
				71.0,
				0.101093
			],
			[
				72.0,
				0.103555
			],
			[
				73.0,
				0.106035
			],
			[
				74.0,
				0.108531
			],
			[
				75.0,
				0.111044
			],
			[
				76.0,
				0.113573
			],
			[
				77.0,
				0.116117
			],
			[
				78.0,
				0.118677
			],
			[
				79.0,
				0.121251
			],
			[
				80.0,
				0.123839
			],
			[
				81.0,
				0.126441
			],
			[
				82.0,
				0.129056
			],
			[
				83.0,
				0.131683
			],
			[
				84.0,
				0.134323
			],
			[
				85.0,
				0.136975
			],
			[
				86.0,
				0.139638
			],
			[
				87.0,
				0.142312
			],
			[
				88.0,
				0.144996
			],
			[
				89.0,
				0.14769
			],
			[
				90.0,
				0.150394
			],
			[
				91.0,
				0.153107
			],
			[
				92.0,
				0.155828
			],
			[
				93.0,
				0.158557
			],
			[
				94.0,
				0.161293
			],
			[
				95.0,
				0.164037
			],
			[
				96.0,
				0.166787
			],
			[
				97.0,
				0.169544
			],
			[
				98.0,
				0.172306
			],
			[
				99.0,
				0.175073
			],
			[
				100.0,
				0.177845
			],
			[
				101.0,
				0.180622
			],
			[
				102.0,
				0.183402
			],
			[
				103.0,
				0.186185
			],
			[
				104.0,
				0.188971
			],
			[
				105.0,
				0.19176
			],
			[
				106.0,
				0.194551
			],
			[
				107.0,
				0.197343
			],
			[
				108.0,
				0.200136
			],
			[
				109.0,
				0.20303
			],
			[
				110.0,
				0.206118
			],
			[
				111.0,
				0.209389
			],
			[
				112.0,
				0.212831
			],
			[
				113.0,
				0.216433
			],
			[
				114.0,
				0.220184
			],
			[
				115.0,
				0.224072
			],
			[
				116.0,
				0.228086
			],
			[
				117.0,
				0.232215
			],
			[
				118.0,
				0.236446
			],
			[
				119.0,
				0.24077
			],
			[
				120.0,
				0.245174
			],
			[
				121.0,
				0.249647
			],
			[
				122.0,
				0.254178
			],
			[
				123.0,
				0.258755
			],
			[
				124.0,
				0.263368
			],
			[
				125.0,
				0.268004
			],
			[
				126.0,
				0.272652
			],
			[
				127.0,
				0.277302
			],
			[
				128.0,
				0.281941
			],
			[
				129.0,
				0.286558
			],
			[
				130.0,
				0.291142
			],
			[
				131.0,
				0.295682
			],
			[
				132.0,
				0.300166
			],
			[
				133.0,
				0.304652
			],
			[
				134.0,
				0.309202
			],
			[
				135.0,
				0.313811
			],
			[
				136.0,
				0.318471
			],
			[
				137.0,
				0.323179
			],
			[
				138.0,
				0.327928
			],
			[
				139.0,
				0.332712
			],
			[
				140.0,
				0.337525
			],
			[
				141.0,
				0.342363
			],
			[
				142.0,
				0.347219
			],
			[
				143.0,
				0.352087
			],
			[
				144.0,
				0.356962
			],
			[
				145.0,
				0.361837
			],
			[
				146.0,
				0.366708
			],
			[
				147.0,
				0.371569
			],
			[
				148.0,
				0.376413
			],
			[
				149.0,
				0.381236
			],
			[
				150.0,
				0.386031
			],
			[
				151.0,
				0.390792
			],
			[
				152.0,
				0.395515
			],
			[
				153.0,
				0.400192
			],
			[
				154.0,
				0.404856
			],
			[
				155.0,
				0.409536
			],
			[
				156.0,
				0.41423
			],
			[
				157.0,
				0.418932
			],
			[
				158.0,
				0.423639
			],
			[
				159.0,
				0.428346
			],
			[
				160.0,
				0.433049
			],
			[
				161.0,
				0.437743
			],
			[
				162.0,
				0.442426
			],
			[
				163.0,
				0.447091
			],
			[
				164.0,
				0.451735
			],
			[
				165.0,
				0.456355
			],
			[
				166.0,
				0.460944
			],
			[
				167.0,
				0.4655
			],
			[
				168.0,
				0.470018
			],
			[
				169.0,
				0.474493
			],
			[
				170.0,
				0.478922
			],
			[
				171.0,
				0.4833
			],
			[
				172.0,
				0.487623
			],
			[
				173.0,
				0.491887
			],
			[
				174.0,
				0.496087
			],
			[
				175.0,
				0.50022
			],
			[
				176.0,
				0.504295
			],
			[
				177.0,
				0.508329
			],
			[
				178.0,
				0.512321
			],
			[
				179.0,
				0.516275
			],
			[
				180.0,
				0.520191
			],
			[
				181.0,
				0.524072
			],
			[
				182.0,
				0.527919
			],
			[
				183.0,
				0.531733
			],
			[
				184.0,
				0.535517
			],
			[
				185.0,
				0.539271
			],
			[
				186.0,
				0.542998
			],
			[
				187.0,
				0.5467
			],
			[
				188.0,
				0.550377
			],
			[
				189.0,
				0.554032
			],
			[
				190.0,
				0.557666
			],
			[
				191.0,
				0.561281
			],
			[
				192.0,
				0.564879
			],
			[
				193.0,
				0.56846
			],
			[
				194.0,
				0.572028
			],
			[
				195.0,
				0.575583
			],
			[
				196.0,
				0.579127
			],
			[
				197.0,
				0.582661
			],
			[
				198.0,
				0.586188
			],
			[
				199.0,
				0.58971
			],
			[
				200.0,
				0.593226
			],
			[
				201.0,
				0.596741
			],
			[
				202.0,
				0.600254
			],
			[
				203.0,
				0.603763
			],
			[
				204.0,
				0.607265
			],
			[
				205.0,
				0.610759
			],
			[
				206.0,
				0.614245
			],
			[
				207.0,
				0.617721
			],
			[
				208.0,
				0.621188
			],
			[
				209.0,
				0.624645
			],
			[
				210.0,
				0.628091
			],
			[
				211.0,
				0.631526
			],
			[
				212.0,
				0.63495
			],
			[
				213.0,
				0.638362
			],
			[
				214.0,
				0.641762
			],
			[
				215.0,
				0.645149
			],
			[
				216.0,
				0.648522
			],
			[
				217.0,
				0.651881
			],
			[
				218.0,
				0.655227
			],
			[
				219.0,
				0.658557
			],
			[
				220.0,
				0.661872
			],
			[
				221.0,
				0.665172
			],
			[
				222.0,
				0.668455
			],
			[
				223.0,
				0.671722
			],
			[
				224.0,
				0.674971
			],
