{
	"ID": 86,
	"name": "M800_65A_0050Hz",
	"conductivity": 0.0,
	"relPermeability": 1.0,
	"remanence": 0.0,
	"linear": false,
	"BHCurve": {
		"default": [
			[
				0.0,
				0.0
			],
			[
				25.0,
				0.0105615
			],
			[
				49.0,
				0.0385849
			],
			[
				73.0,
				0.0785789
			],
			[
				91.0,
				0.115747
			],
			[
				109.0,
				0.181735
			],
			[
				121.0,
				0.248587
			],
			[
				133.0,
				0.339862
			],
			[
				145.0,
				0.445539
			],
			[
				160.0,
				0.576463
			],
			[
				175.0,
				0.684755
			],
			[
				190.0,
				0.81534
			],
			[
				199.0,
				0.8757
			],
			[
				208.0,
				0.929687
			],
			[
				217.0,
				0.979106
			],
			[
				241.0,
				1.1003
			],
			[
				265.0,
				1.20711
			],
			[
				283.0,
				1.26196
			],
			[
				307.0,
				1.30934
			],
			[
				331.0,
				1.34034
			],
			[
				506.0,
				1.45603
			],
			[
				681.0,
				1.51028
			],
			[
				856.0,
				1.54306
			],
			[
				1031.0,
				1.568
			],
			[
				1206.0,
				1.58707
			],
			[
				1381.0,
				1.60229
			],
			[
				1556.0,
				1.6156
			],
			[
				1731.0,
				1.62769
			],
			[
				1906.0,
				1.63869
			],
			[
				2081.0,
				1.6487
			],
			[
				2256.0,
				1.65785
			],
			[
				2431.0,
				1.66627
			],
			[
				2606.0,
				1.67407
			],
			[
				3306.0,
				1.70149
			],
			[
				4006.0,
				1.72707
			],
			[
				4706.0,
				1.75099
			],
			[
				5406.0,
				1.77238
			],
			[
				6106.0,
				1.79041
			],
			[
				6806.0,
				1.80421
			],
			[
				7130.0,
				1.80894
			]
		]
	}
}
