{
	"ID": 87,
	"name": "M800_65A_050Hz",
	"conductivity": 0.0,
	"relPermeability": 1.0,
	"remanence": 0.0,
	"linear": false,
	"BHCurve": {
		"default": [
			[
				0.0,
				0.0
			],
			[
				10.0,
				0.00192628
			],
			[
				20.0,
				0.00744029
			],
			[
				30.0,
				0.0161448
			],
			[
				40.0,
				0.0276425
			],
			[
				50.0,
				0.0415363
			],
			[
				60.0,
				0.0574288
			],
			[
				70.0,
				0.0749229
			],
			[
				80.0,
				0.0936212
			],
			[
				90.0,
				0.115747
			],
			[
				100.0,
				0.148649
			],
			[
				110.0,
				0.190798
			],
			[
				120.0,
				0.248587
			],
			[
				130.0,
				0.323446
			],
			[
				140.0,
				0.408977
			],
			[
				150.0,
				0.500188
			],
			[
				160.0,
				0.584506
			],
			[
				170.0,
				0.656431
			],
			[
				180.0,
				0.736123
			],
			[
				190.0,
				0.822608
			],
			[
				200.0,
				0.888054
			],
			[
				210.0,
				0.946565
			],
			[
				220.0,
				1.00028
			],
			[
				230.0,
				1.05155
			],
			[
				240.0,
				1.1003
			],
			[
				250.0,
				1.14923
			],
			[
				260.0,
				1.19314
			],
			[
				270.0,
				1.22675
			],
			[
				280.0,
				1.25654
			],
			[
				290.0,
				1.28152
			],
			[
				300.0,
				1.30038
			],
			[
				310.0,
				1.31503
			],
			[
				320.0,
				1.32831
			],
			[
				330.0,
				1.34034
			],
			[
				340.0,
				1.35123
			],
			[
				350.0,
				1.3611
			],
			[
				360.0,
				1.37007
			],
			[
				370.0,
				1.37826
			],
			[
				380.0,
				1.38577
			],
			[
				390.0,
				1.39273
			],
			[
				400.0,
				1.39924
			],
			[
				410.0,
				1.40547
			],
			[
				420.0,
				1.41152
			],
			[
				430.0,
				1.4174
			],
			[
				440.0,
				1.42311
			],
			[
				450.0,
				1.42864
			],
			[
				460.0,
				1.43401
			],
			[
				470.0,
				1.4392
			],
			[
				480.0,
				1.44422
			],
			[
				490.0,
				1.44908
			],
			[
				500.0,
				1.45376
			],
			[
				510.0,
				1.45827
			],
			[
				520.0,
				1.46261
			],
			[
				530.0,
				1.46678
			],
			[
				540.0,
				1.47078
			],
			[
				550.0,
				1.47461
			],
			[
				560.0,
				1.47827
			],
			[
				570.0,
				1.48176
			],
			[
				580.0,
				1.48509
			],
			[
				590.0,
				1.48824
			],
			[
				600.0,
				1.49122
			],
			[
				610.0,
				1.49404
			],
			[
				620.0,
				1.49669
			],
			[
				630.0,
				1.49917
			],
			[
				640.0,
				1.50148
			],
			[
				650.0,
				1.50373
			],
			[
				660.0,
				1.50595
			],
			[
				670.0,
				1.50813
			],
			[
				680.0,
				1.51028
			],
			[
				690.0,
				1.5124
			],
			[
				700.0,
				1.51449
			],
			[
				710.0,
				1.51655
			],
			[
				720.0,
				1.51857
			],
			[
				730.0,
				1.52057
			],
			[
				740.0,
				1.52253
			],
			[
				750.0,
				1.52446
			],
			[
				760.0,
				1.52637
			],
			[
				770.0,
				1.52824
			],
			[
				780.0,
				1.53009
			],
			[
				790.0,
				1.53191
			],
			[
				800.0,
				1.5337
			],
			[
				810.0,
				1.53546
			],
			[
				820.0,
				1.5372
			],
			[
				830.0,
				1.53891
			],
			[
				840.0,
				1.54059
			],
			[
				850.0,
				1.54224
			],
			[
				860.0,
				1.54387
			],
			[
				870.0,
				1.54548
			],
			[
				880.0,
				1.54706
			],
			[
				890.0,
				1.54861
			],
			[
				900.0,
				1.55014
			],
			[
				910.0,
				1.55165
			],
			[
				920.0,
				1.55313
			],
			[
				930.0,
				1.55459
			],
			[
				940.0,
				1.55603
			],
			[
				950.0,
				1.55744
			],
			[
				960.0,
				1.55884
			],
			[
				970.0,
				1.56021
			],
			[
				980.0,
				1.56156
			],
			[
				990.0,
				1.56288
			],
			[
				1000.0,
				1.56419
			],
			[
				1010.0,
				1.56548
			],
			[
				1020.0,
				1.56675
			],
			[
				1030.0,
				1.568
			],
			[
				1040.0,
				1.56922
			],
			[
				1050.0,
				1.57043
			],
			[
				1060.0,
				1.57163
			],
			[
				1070.0,
				1.5728
			],
			[
				1080.0,
				1.57396
			],
			[
				1090.0,
				1.5751
			],
			[
				1100.0,
				1.57622
			],
			[
				1110.0,
				1.57732
			],
			[
				1120.0,
				1.57841
			],
			[
				1130.0,
				1.57949
			],
			[
				1140.0,
				1.58054
			],
			[
				1150.0,
				1.58159
			],
			[
				1160.0,
				1.58262
			],
			[
				1170.0,
				1.58363
			],
			[
				1180.0,
				1.58463
			],
			[
				1190.0,
				1.58562
			],
			[
				1200.0,
				1.58659
			],
			[
				1210.0,
				1.58755
			],
			[
				1220.0,
				1.5885
			],
			[
				1230.0,
				1.58944
			],
			[
				1240.0,
				1.59036
			],
			[
				1250.0,
				1.59127
			],
			[
				1260.0,
				1.59218
			],
			[
				1270.0,
				1.59307
			],
			[
				1280.0,
				1.59395
			],
			[
				1290.0,
				1.59482
			],
			[
				1300.0,
				1.59568
			],
			[
				1310.0,
				1.59654
			],
			[
				1320.0,
				1.59738
			],
			[
				1330.0,
				1.59822
			],
			[
				1340.0,
				1.59904
			],
			[
				1350.0,
				1.59987
			],
			[
				1360.0,
				1.60068
			],
			[
				1370.0,
				1.60148
			],
			[
				1380.0,
				1.60229
			],
			[
				1390.0,
				1.60308
			],
			[
				1400.0,
				1.60387
			],
			[
				1410.0,
				1.60466
			],
			[
				1420.0,
				1.60544
			],
			[
				1430.0,
				1.60622
			],
			[
				1440.0,
				1.607
			],
			[
				1450.0,
				1.60777
			],
			[
				1460.0,
				1.60853
			],
			[
				1470.0,
				1.60929
			],
			[
				1480.0,
				1.61005
			],
			[
				1490.0,
				1.6108
			],
			[
				1500.0,
				1.61155
			],
			[
				1510.0,
				1.6123
			],
			[
				1520.0,
				1.61304
			],
			[
				1530.0,
				1.61378
			],
			[
				1540.0,
				1.61451
			],
			[
				1550.0,
				1.61524
			],
			[
				1560.0,
				1.61596
			],
			[
				1570.0,
				1.61668
			],
			[
				1580.0,
				1.6174
			],
			[
				1590.0,
				1.61811
			],
			[
				1600.0,
				1.61882
			],
			[
				1610.0,
				1.61953
			],
			[
				1620.0,
				1.62023
			],
			[
				1630.0,
				1.62093
			],
			[
				1640.0,
				1.62162
			],
			[
				1650.0,
				1.62231
			],
			[
				1660.0,
				1.623
			],
			[
				1670.0,
				1.62368
			],
			[
				1680.0,
				1.62436
			],
			[
				1690.0,
				1.62503
			],
			[
				1700.0,
				1.6257
			],
			[
				1710.0,
				1.62637
			],
			[
				1720.0,
				1.62703
			],
			[
				1730.0,
				1.62769
			],
			[
				1740.0,
				1.62835
			],
			[
				1750.0,
				1.629
			],
			[
				1760.0,
				1.62965
			],
			[
				1770.0,
				1.6303
			],
			[
				1780.0,
				1.63094
			],
			[
				1790.0,
				1.63158
			],
			[
				1800.0,
				1.63222
			],
			[
				1810.0,
				1.63285
			],
			[
				1820.0,
				1.63348
			],
			[
				1830.0,
				1.6341
			],
			[
				1840.0,
				1.63473
			],
			[
				1850.0,
				1.63534
			],
			[
				1860.0,
				1.63596
			],
			[
				1870.0,
				1.63657
			],
			[
				1880.0,
				1.63718
			],
			[
				1890.0,
				1.63779
			],
			[
				1900.0,
				1.63839
			],
			[
				1910.0,
				1.63899
			],
			[
				1920.0,
				1.63958
			],
			[
				1930.0,
				1.64018
			],
			[
				1940.0,
				1.64076
			],
			[
				1950.0,
				1.64135
			],
			[
				1960.0,
				1.64193
			],
			[
				1970.0,
				1.64251
			],
			[
				1980.0,
				1.64309
			],
			[
				1990.0,
				1.64367
			],
			[
				2000.0,
				1.64424
			],
			[
				2010.0,
				1.64481
			],
			[
				2020.0,
				1.64537
			],
			[
				2030.0,
				1.64593
			],
			[
				2040.0,
				1.64649
			],
			[
				2050.0,
				1.64705
			],
			[
				2060.0,
				1.6476
			],
			[
				2070.0,
				1.64815
			],
			[
				2080.0,
				1.6487
			],
			[
				2090.0,
				1.64925
			],
			[
				2100.0,
				1.64979
			],
			[
				2110.0,
				1.65033
			],
			[
				2120.0,
				1.65086
			],
			[
				2130.0,
				1.6514
			],
			[
				2140.0,
				1.65193
			],
			[
				2150.0,
				1.65246
			],
			[
				2160.0,
				1.65298
			],
			[
				2170.0,
				1.65351
			],
			[
				2180.0,
				1.65403
			],
			[
				2190.0,
				1.65455
			],
			[
				2200.0,
				1.65506
			],
			[
				2210.0,
				1.65558
			],
			[
				2220.0,
				1.65609
			],
			[
				2230.0,
				1.65659
			],
			[
				2240.0,
				1.6571
			],
			[
				2250.0,
				1.6576
			],
			[
				2260.0,
				1.6581
			],
			[
