{
	"ID": 383,
	"name": "mu_metal",
	"conductivity": 1610000.0,
	"relPermeability": 1.0,
	"remanence": 0.0,
	"linear": false,
	"BHCurve": {
		"default": [
			[
				0.0,
				0.0
			],
			[
				0.8,
				0.080001
			],
			[
				1.2,
				0.120002
			],
			[
				1.6,
				0.150002
			],
			[
				2.0,
				0.190002
			],
			[
				2.4,
				0.230003
			],
			[
				2.8,
				0.280004
			],
			[
				3.2,
				0.300004
			],
			[
				3.6,
				0.325004
			],
			[
				4.0,
				0.350005
			],
			[
				4.4,
				0.370005
			],
			[
				4.8,
				0.390006
			],
			[
				5.2,
				0.400006
			],
			[
				5.6,
				0.410007
			],
			[
				6.4,
				0.430008
			],
			[
				7.2,
				0.440009
			],
			[
				8.0,
				0.46001
			],
			[
				11.9,
				0.500015
			],
			[
				15.9,
				0.52502
			],
			[
				19.9,
				0.540025
			],
			[
				23.9,
				0.54503
			],
			[
				27.9,
				0.555035
			],
			[
				31.8,
				0.56004
			],
			[
				35.8,
				0.565045
			],
			[
				39.8,
				0.57005
			],
			[
				43.8,
				0.575055
			],
			[
				47.7,
				0.58006
			],
			[
				51.7,
				0.585065
			],
			[
				55.7,
				0.59007
			],
			[
				63.7,
				0.59338
			],
			[
				71.6,
				0.59669
			],
			[
				79.6,
				0.6001
			],
			[
				119.4,
				0.62015
			],
			[
				159.2,
				0.6252
			],
			[
				198.9,
				0.63025
			],
			[
				238.7,
				0.6353
			],
			[
				278.5,
				0.64035
			],
			[
				318.3,
				0.6454
			],
			[
				358.1,
				0.64705
			],
			[
				397.9,
				0.6488
			],
			[
				437.7,
				0.65055
			],
			[
				477.5,
				0.6522
			],
			[
				517.3,
				0.65385
			],
			[
				557.0,
				0.6555
			],
			[
				636.6,
				0.6572
			],
			[
				716.2,
				0.6589
			],
			[
				795.8,
				0.661
			],
			[
				1193.7,
				0.664
			],
			[
				1591.5,
				0.667
			],
			[
				1989.4,
				0.67
			],
			[
				2387.3,
				0.673
			],
			[
				2785.2,
				0.6735
			],
			[
				3183.1,
				0.674
			]
		]
	}
}
