{
	"ID": 394,
	"name": "steel_1010",
	"conductivity": 2000000.0,
	"relPermeability": 0.0,
	"remanence": "no information",
	"linear": false,
	"BHCurve": {
		"default": [
			[
				0.0,
				0.0
			],
			[
				238.7,
				0.2003
			],
			[
				318.3,
				0.3204
			],
			[
				358.1,
				0.40045
			],
			[
				437.7,
				0.50055
			],
			[
				477.5,
				0.5606
			],
			[
				636.6,
				0.7908
			],
			[
				795.8,
				0.931
			],
			[
				1114.1,
				1.1014
			],
			[
				1273.2,
				1.2016
			],
			[
				1591.5,
				1.302
			],
			[
				2228.2,
				1.4028
			],
			[
				3183.1,
				1.524
			],
			[
				4774.6,
				1.626
			],
			[
				6366.2,
				1.698
			],
			[
				7957.7,
				1.73
			],
			[
				15915.5,
				1.87
			],
			[
				31831.0,
				1.99
			],
			[
				47746.5,
				2.04
			],
			[
				63662.0,
				2.07
			],
			[
				79577.5,
				2.095
			],
			[
				159155.0,
				2.2
			],
			[
				318310.0,
				2.4
			]
		]
	}
}
