{
	"ID": 159,
	"name": "VACODYM_669AP_210C",
	"conductivity": 0.0,
	"relPermeability": 1.0,
	"remanence": 0.0,
	"linear": false,
	"BHCurve": {
		"default": [
			[
				-0.32262599999999997,
				0.0
			],
			[
				-0.32261700000000004,
				0.000330313
			],
			[
				-0.32161700000000004,
				0.0357052
			],
			[
				-0.32061700000000004,
				0.0710802
			],
			[
				-0.31961700000000004,
				0.106455
			],
			[
				-0.31861700000000004,
				0.14183
			],
			[
				-0.31761700000000004,
				0.177205
			],
			[
				-0.31661700000000004,
				0.21258
			],
			[
				-0.31561700000000004,
				0.247955
			],
			[
				-0.31461700000000004,
				0.28333
			],
			[
				-0.31361700000000003,
				0.318705
			],
			[
				-0.31261700000000003,
				0.355041
			],
			[
				-0.31161700000000003,
				0.394471
			],
			[
				-0.31061700000000003,
				0.424028
			],
			[
				-0.30961700000000003,
				0.440574
			],
			[
				-0.30861700000000003,
				0.450189
			],
			[
				-0.30761700000000003,
				0.456806
			],
			[
				-0.30661700000000003,
				0.462555
			],
			[
				-0.305617,
				0.467687
			],
			[
				-0.304617,
				0.472573
			],
			[
				-0.303617,
				0.477258
			],
			[
				-0.302617,
				0.48148
			],
			[
				-0.301617,
				0.485095
			],
			[
				-0.300617,
				0.488399
			],
			[
				-0.299617,
				0.491457
			],
			[
				-0.298617,
				0.494306
			],
			[
				-0.297617,
				0.496985
			],
			[
				-0.296617,
				0.499533
			],
			[
				-0.295617,
				0.501954
			],
			[
				-0.294617,
				0.504248
			],
			[
				-0.293617,
				0.506434
			],
			[
				-0.292617,
				0.50853
			],
			[
				-0.291617,
				0.510553
			],
			[
				-0.290617,
				0.512523
			],
			[
				-0.289617,
				0.514456
			],
			[
				-0.288617,
				0.516348
			],
			[
				-0.287617,
				0.518188
			],
			[
				-0.286617,
				0.519976
			],
			[
				-0.285617,
				0.521716
			],
			[
				-0.284617,
				0.523407
			],
			[
				-0.283617,
				0.525052
			],
			[
				-0.282617,
				0.526653
			],
			[
				-0.281617,
				0.528219
			],
			[
				-0.280617,
				0.52976
			],
			[
				-0.279617,
				0.531275
			],
			[
				-0.278617,
				0.532768
			],
			[
				-0.277617,
				0.534239
			],
			[
				-0.276617,
				0.535689
			],
			[
				-0.275617,
				0.537121
			],
			[
				-0.274617,
				0.538536
			],
			[
				-0.273617,
				0.539934
			],
			[
				-0.272617,
				0.541319
			],
			[
				-0.271617,
				0.542691
			],
			[
				-0.270617,
				0.544051
			],
			[
				-0.269617,
				0.545401
			],
			[
				-0.268617,
				0.546743
			],
			[
				-0.267617,
				0.548078
			],
			[
				-0.26,
				0.558172
			],
			[
				-0.25,
				0.571871
			],
			[
				-0.24,
				0.585741
			],
			[
				-0.23,
				0.599612
			],
			[
				-0.22,
				0.613482
			],
			[
				-0.21,
				0.627353
			],
			[
				-0.2,
				0.641223
			],
			[
				-0.19,
				0.655094
			],
			[
				-0.18,
				0.668964
			],
			[
				-0.17,
				0.682835
			],
			[
				-0.16,
				0.696705
			],
			[
				-0.15,
				0.710575
			],
			[
				-0.14,
				0.724446
			],
			[
				-0.13,
				0.738316
			],
			[
				-0.12,
				0.752187
			],
			[
				-0.11,
				0.766057
			],
			[
				-0.1,
				0.779928
			],
			[
				-0.09,
				0.793798
			],
			[
				-0.08,
				0.807668
			],
			[
				-0.07,
				0.821539
			],
			[
				-0.06,
				0.835409
			],
			[
				-0.05,
				0.84928
			],
			[
				-0.04,
				0.86315
			],
			[
				-0.03,
				0.877021
			],
			[
				-0.02,
				0.890891
			],
			[
				-0.01,
				0.904762
			],
			[
				0.0,
				0.918632
			]
		]
	}
}
