{
	"ID": 123,
	"name": "VACODYM_4020_120C",
	"conductivity": 0.0,
	"relPermeability": 0.0,
	"remanence": "no information",
	"linear": false,
	"BHCurve": {
		"default": [
			[
				-0.7097340000000001,
				0.0
			],
			[
				-0.708866,
				0.0414334
			],
			[
				-0.707866,
				0.0896318
			],
			[
				-0.706866,
				0.111985
			],
			[
				-0.705866,
				0.122031
			],
			[
				-0.704866,
				0.128898
			],
			[
				-0.703866,
				0.13461
			],
			[
				-0.702866,
				0.139642
			],
			[
				-0.701866,
				0.143864
			],
			[
				-0.700866,
				0.147722
			],
			[
				-0.699866,
				0.15147
			],
			[
				-0.698866,
				0.155009
			],
			[
				-0.697866,
				0.158376
			],
			[
				-0.696866,
				0.161606
			],
			[
				-0.695866,
				0.16474
			],
			[
				-0.694866,
				0.167813
			],
			[
				-0.693866,
				0.170864
			],
			[
				-0.692866,
				0.173886
			],
			[
				-0.691866,
				0.176857
			],
			[
				-0.690866,
				0.179754
			],
			[
				-0.689866,
				0.182556
			],
			[
				-0.688866,
				0.18524
			],
			[
				-0.687866,
				0.187786
			],
			[
				-0.686866,
				0.19021
			],
			[
				-0.685866,
				0.192565
			],
			[
				-0.684866,
				0.194854
			],
			[
				-0.683866,
				0.197083
			],
			[
				-0.682866,
				0.199256
			],
			[
				-0.681866,
				0.201378
			],
			[
				-0.680866,
				0.203453
			],
			[
				-0.679866,
				0.205487
			],
			[
				-0.678866,
				0.207483
			],
			[
				-0.677866,
				0.209446
			],
			[
				-0.676866,
				0.211381
			],
			[
				-0.675866,
				0.213293
			],
			[
				-0.674866,
				0.215185
			],
			[
				-0.673866,
				0.217054
			],
			[
				-0.672866,
				0.218891
			],
			[
				-0.671866,
				0.220697
			],
			[
				-0.670866,
				0.222475
			],
			[
				-0.669866,
				0.224226
			],
			[
				-0.668866,
				0.225953
			],
			[
				-0.667866,
				0.227657
			],
			[
				-0.666866,
				0.229341
			],
			[
				-0.665866,
				0.231006
			],
			[
				-0.664866,
				0.232655
			],
			[
				-0.663866,
				0.23429
			],
			[
				-0.662866,
				0.235912
			],
			[
				-0.661866,
				0.237523
			],
			[
				-0.660866,
				0.239126
			],
			[
				-0.659866,
				0.240723
			],
			[
				-0.658866,
				0.242316
			],
			[
				-0.657866,
				0.243902
			],
			[
				-0.656866,
				0.245476
			],
			[
				-0.655866,
				0.247036
			],
			[
				-0.654866,
				0.248583
			],
			[
				-0.653866,
				0.250117
			],
			[
				-0.652866,
				0.251641
			],
			[
				-0.651866,
				0.253153
			],
			[
				-0.650866,
				0.254654
			],
			[
				-0.6498659999999999,
				0.256146
			],
			[
				-0.6488659999999999,
				0.257629
			],
			[
				-0.6478659999999999,
				0.259103
			],
			[
				-0.6468659999999999,
				0.26057
			],
			[
				-0.6458659999999999,
				0.262029
			],
			[
				-0.6448659999999999,
				0.263481
			],
			[
				-0.6438659999999999,
				0.264927
			],
			[
				-0.6428659999999999,
				0.266368
			],
			[
				-0.6418659999999999,
				0.267803
			],
			[
				-0.6408659999999999,
				0.269234
			],
			[
				-0.6398659999999999,
				0.270659
			],
			[
				-0.6388659999999999,
				0.272079
			],
			[
				-0.6378659999999999,
				0.273495
			],
			[
				-0.6368659999999999,
				0.274905
			],
			[
				-0.6358659999999999,
				0.276311
			],
			[
				-0.6348659999999999,
				0.277713
			],
			[
				-0.633866,
				0.27911
			],
			[
				-0.632866,
				0.280502
			],
			[
				-0.631866,
				0.281891
			],
			[
				-0.630866,
				0.283275
			],
			[
				-0.629866,
				0.284656
			],
			[
				-0.628866,
				0.286032
			],
			[
				-0.627866,
				0.287406
			],
			[
				-0.626866,
				0.288775
			],
			[
				-0.625866,
				0.290141
			],
			[
				-0.624866,
				0.291504
			],
			[
				-0.623866,
				0.292864
			],
			[
				-0.622866,
				0.29422
			],
			[
				-0.621866,
				0.295574
			],
			[
				-0.620866,
				0.296925
			],
			[
				-0.619866,
				0.298273
			],
			[
				-0.618866,
				0.299619
			],
			[
				-0.617866,
				0.300962
			],
			[
				-0.616866,
				0.302303
			],
			[
				-0.615866,
				0.303642
			],
			[
				-0.614866,
				0.304978
			],
			[
				-0.613866,
				0.306313
			],
			[
				-0.612866,
				0.307646
			],
			[
				-0.611866,
				0.308978
			],
			[
				-0.610866,
				0.310307
			],
			[
				-0.609866,
				0.311636
			],
			[
				-0.608866,
				0.312963
			],
			[
				-0.607866,
				0.314289
			],
			[
				-0.606866,
				0.315614
			],
			[
				-0.605866,
				0.316938
			],
			[
				-0.604866,
				0.318261
			],
			[
				-0.603866,
				0.319583
			],
			[
				-0.602866,
				0.320905
			],
			[
				-0.601866,
				0.322227
			],
			[
				-0.600866,
				0.323548
			],
			[
				-0.599866,
				0.324869
			],
			[
				-0.598866,
				0.32619
			],
			[
				-0.597866,
				0.327511
			],
			[
				-0.596866,
				0.328833
			],
			[
				-0.595866,
				0.330154
			],
			[
				-0.594866,
				0.331476
			],
			[
				-0.593866,
				0.332799
			],
			[
				-0.592866,
				0.334122
			],
			[
				-0.591866,
				0.335447
			],
			[
				-0.590866,
				0.336772
			],
			[
				-0.589866,
				0.338098
			],
			[
				-0.588866,
				0.339426
			],
			[
				-0.587866,
				0.340754
			],
			[
				-0.586866,
				0.342085
			],
			[
				-0.585866,
				0.343417
			],
			[
				-0.584866,
				0.34475
			],
			[
				-0.58,
				0.351267
			],
			[
				-0.57,
				0.364759
			],
			[
				-0.56,
				0.378256
			],
			[
				-0.55,
				0.391753
			],
			[
				-0.54,
				0.40525
			],
			[
				-0.53,
				0.418747
			],
			[
				-0.52,
				0.432244
			],
			[
				-0.51,
				0.44574
			],
			[
				-0.5,
				0.459237
			],
			[
				-0.49,
				0.472734
			],
			[
				-0.48,
				0.486231
			],
			[
				-0.47,
				0.499728
			],
			[
				-0.46,
				0.513225
			],
			[
				-0.45,
				0.526722
			],
			[
				-0.44,
				0.540218
			],
			[
				-0.43,
				0.553715
			],
			[
				-0.42,
				0.567212
			],
			[
				-0.41,
				0.580709
			],
			[
				-0.4,
				0.594206
			],
			[
				-0.39,
				0.607703
			],
			[
				-0.38,
				0.621199
			],
			[
				-0.37,
				0.634696
			],
			[
				-0.36,
				0.648193
			],
			[
				-0.35,
				0.66169
			],
			[
				-0.34,
				0.675187
			],
			[
				-0.33,
				0.688684
			],
			[
				-0.32,
				0.702181
			],
			[
				-0.31,
				0.715677
			],
			[
				-0.3,
				0.729174
			],
			[
				-0.29,
				0.742671
			],
			[
				-0.28,
				0.756168
			],
			[
				-0.27,
				0.769665
			],
			[
				-0.26,
				0.783162
			],
			[
				-0.25,
				0.796659
			],
			[
				-0.24,
				0.810155
			],
			[
				-0.23,
				0.823652
			],
			[
				-0.22,
				0.837149
			],
			[
				-0.21,
				0.850646
			],
			[
				-0.2,
				0.864143
			],
			[
				-0.19,
				0.87764
			],
			[
				-0.18,
				0.891137
			],
			[
				-0.17,
				0.904633
			],
			[
				-0.16,
				0.91813
			],
			[
				-0.15,
				0.931627
			],
			[
				-0.14,
				0.945124
			],
			[
				-0.13,
				0.958621
			],
			[
				-0.12,
				0.972118
			],
			[
				-0.11,
				0.985615
			],
			[
				-0.1,
				0.999111
			],
			[
				-0.09,
				1.01261
			],
			[
				-0.08,
				1.02611
			],
			[
				-0.07,
				1.0396
			],
			[
				-0.06,
				1.0531
			],
			[
				-0.05,
				1.0666
			],
			[
				-0.04,
				1.08009
			],
			[
				-0.03,
				1.09359
			],
			[
				-0.02,
				1.10709
			],
			[
				-0.01,
				1.12058
			],
			[
				0.0,
				1.13408
			]
		]
	}
}
