{
	"ID": 113,
	"name": "VACODYM_3625_120C",
	"conductivity": 0.0,
	"relPermeability": 1.0,
	"remanence": 0.0,
	"linear": false,
	"BHCurve": {
		"default": [
			[
				-0.794018,
				0.0
			],
			[
				-0.793609,
				0.000548964
			],
			[
				-0.792609,
				0.00189112
			],
			[
				-0.791609,
				0.00323483
			],
			[
				-0.790609,
				0.00458017
			],
			[
				-0.789609,
				0.00592718
			],
			[
				-0.788609,
				0.00727594
			],
			[
				-0.787609,
				0.00862563
			],
			[
				-0.786609,
				0.00997531
			],
			[
				-0.785609,
				0.011325
			],
			[
				-0.784609,
				0.0126747
			],
			[
				-0.783609,
				0.0140244
			],
			[
				-0.782609,
				0.0153741
			],
			[
				-0.781609,
				0.0167237
			],
			[
				-0.780609,
				0.0180734
			],
			[
				-0.779609,
				0.0194231
			],
			[
				-0.77,
				0.032392
			],
			[
				-0.76,
				0.0458888
			],
			[
				-0.75,
				0.0593857
			],
			[
				-0.74,
				0.0728825
			],
			[
				-0.73,
				0.0863794
			],
			[
				-0.72,
				0.0998762
			],
			[
				-0.71,
				0.113373
			],
			[
				-0.7,
				0.12687
			],
			[
				-0.69,
				0.140367
			],
			[
				-0.68,
				0.153864
			],
			[
				-0.67,
				0.167361
			],
			[
				-0.66,
				0.180857
			],
			[
				-0.65,
				0.194354
			],
			[
				-0.64,
				0.207851
			],
			[
				-0.63,
				0.221348
			],
			[
				-0.62,
				0.234845
			],
			[
				-0.61,
				0.248342
			],
			[
				-0.6,
				0.261839
			],
			[
				-0.59,
				0.275335
			],
			[
				-0.58,
				0.288832
			],
			[
				-0.57,
				0.302329
			],
			[
				-0.56,
				0.315826
			],
			[
				-0.55,
				0.329323
			],
			[
				-0.54,
				0.34282
			],
			[
				-0.53,
				0.356316
			],
			[
				-0.52,
				0.369813
			],
			[
				-0.51,
				0.38331
			],
			[
				-0.5,
				0.396807
			],
			[
				-0.49,
				0.410304
			],
			[
				-0.48,
				0.423801
			],
			[
				-0.47,
				0.437298
			],
			[
				-0.46,
				0.450794
			],
			[
				-0.45,
				0.464291
			],
			[
				-0.44,
				0.477788
			],
			[
				-0.43,
				0.491285
			],
			[
				-0.42,
				0.504782
			],
			[
				-0.41,
				0.518279
			],
			[
				-0.4,
				0.531776
			],
			[
				-0.39,
				0.545272
			],
			[
				-0.38,
				0.558769
			],
			[
				-0.37,
				0.572266
			],
			[
				-0.36,
				0.585763
			],
			[
				-0.35,
				0.59926
			],
			[
				-0.34,
				0.612757
			],
			[
				-0.33,
				0.626254
			],
			[
				-0.32,
				0.63975
			],
			[
				-0.31,
				0.653247
			],
			[
				-0.3,
				0.666744
			],
			[
				-0.29,
				0.680241
			],
			[
				-0.28,
				0.693738
			],
			[
				-0.27,
				0.707235
			],
			[
				-0.26,
				0.720732
			],
			[
				-0.25,
				0.734228
			],
			[
				-0.24,
				0.747725
			],
			[
				-0.23,
				0.761222
			],
			[
				-0.22,
				0.774719
			],
			[
				-0.21,
				0.788216
			],
			[
				-0.2,
				0.801713
			],
			[
				-0.19,
				0.81521
			],
			[
				-0.18,
				0.828706
			],
			[
				-0.17,
				0.842203
			],
			[
				-0.16,
				0.8557
			],
			[
				-0.15,
				0.869197
			],
			[
				-0.14,
				0.882694
			],
			[
				-0.13,
				0.896191
			],
			[
				-0.12,
				0.909688
			],
			[
				-0.11,
				0.923184
			],
			[
				-0.1,
				0.936681
			],
			[
				-0.09,
				0.950178
			],
			[
				-0.08,
				0.963675
			],
			[
				-0.07,
				0.977172
			],
			[
				-0.06,
				0.990669
			],
			[
				-0.05,
				1.00417
			],
			[
				-0.04,
				1.01766
			],
			[
				-0.03,
				1.03116
			],
			[
				-0.02,
				1.04466
			],
			[
				-0.01,
				1.05815
			],
			[
				0.0,
				1.07165
			]
		]
	}
}
