{
	"ID": 255,
	"name": "VACODYM_787TP_20C",
	"conductivity": 0.0,
	"relPermeability": 0.0,
	"remanence": "no information",
	"linear": false,
	"BHCurve": {
		"default": [
			[
				-1.0033400000000001,
				0.0
			],
			[
				-1.0,
				0.00432231
			],
			[
				-0.99,
				0.0172783
			],
			[
				-0.98,
				0.0302343
			],
			[
				-0.97,
				0.0431902
			],
			[
				-0.96,
				0.0561462
			],
			[
				-0.95,
				0.0691022
			],
			[
				-0.94,
				0.0820582
			],
			[
				-0.93,
				0.0950141
			],
			[
				-0.92,
				0.10797
			],
			[
				-0.91,
				0.120926
			],
			[
				-0.9,
				0.133882
			],
			[
				-0.89,
				0.146838
			],
			[
				-0.88,
				0.159794
			],
			[
				-0.87,
				0.17275
			],
			[
				-0.86,
				0.185706
			],
			[
				-0.85,
				0.198662
			],
			[
				-0.84,
				0.211618
			],
			[
				-0.83,
				0.224574
			],
			[
				-0.82,
				0.23753
			],
			[
				-0.81,
				0.250486
			],
			[
				-0.8,
				0.263442
			],
			[
				-0.79,
				0.276398
			],
			[
				-0.78,
				0.289354
			],
			[
				-0.77,
				0.30231
			],
			[
				-0.76,
				0.315266
			],
			[
				-0.75,
				0.328222
			],
			[
				-0.74,
				0.341178
			],
			[
				-0.73,
				0.354134
			],
			[
				-0.72,
				0.36709
			],
			[
				-0.71,
				0.380046
			],
			[
				-0.7,
				0.393002
			],
			[
				-0.69,
				0.405958
			],
			[
				-0.68,
				0.418914
			],
			[
				-0.67,
				0.431869
			],
			[
				-0.66,
				0.444825
			],
			[
				-0.65,
				0.457781
			],
			[
				-0.64,
				0.470737
			],
			[
				-0.63,
				0.483693
			],
			[
				-0.62,
				0.496649
			],
			[
				-0.61,
				0.509605
			],
			[
				-0.6,
				0.522561
			],
			[
				-0.59,
				0.535517
			],
			[
				-0.58,
				0.548473
			],
			[
				-0.57,
				0.561429
			],
			[
				-0.56,
				0.574385
			],
			[
				-0.55,
				0.587341
			],
			[
				-0.54,
				0.600297
			],
			[
				-0.53,
				0.613253
			],
			[
				-0.52,
				0.626209
			],
			[
				-0.51,
				0.639165
			],
			[
				-0.5,
				0.652121
			],
			[
				-0.49,
				0.665077
			],
			[
				-0.48,
				0.678033
			],
			[
				-0.47,
				0.690989
			],
			[
				-0.46,
				0.703945
			],
			[
				-0.45,
				0.716901
			],
			[
				-0.44,
				0.729857
			],
			[
				-0.43,
				0.742813
			],
			[
				-0.42,
				0.755769
			],
			[
				-0.41,
				0.768725
			],
			[
				-0.4,
				0.781681
			],
			[
				-0.39,
				0.794637
			],
			[
				-0.38,
				0.807593
			],
			[
				-0.37,
				0.820549
			],
			[
				-0.36,
				0.833505
			],
			[
				-0.35,
				0.846461
			],
			[
				-0.34,
				0.859417
			],
			[
				-0.33,
				0.872373
			],
			[
				-0.32,
				0.885329
			],
			[
				-0.31,
				0.898285
			],
			[
				-0.3,
				0.911241
			],
			[
				-0.29,
				0.924197
			],
			[
				-0.28,
				0.937152
			],
			[
				-0.27,
				0.950108
			],
			[
				-0.26,
				0.963064
			],
			[
				-0.25,
				0.97602
			],
			[
				-0.24,
				0.988976
			],
			[
				-0.23,
				1.00193
			],
			[
				-0.22,
				1.01489
			],
			[
				-0.21,
				1.02784
			],
			[
				-0.2,
				1.0408
			],
			[
				-0.19,
				1.05376
			],
			[
				-0.18,
				1.06671
			],
			[
				-0.17,
				1.07967
			],
			[
				-0.16,
				1.09262
			],
			[
				-0.15,
				1.10558
			],
			[
				-0.14,
				1.11854
			],
			[
				-0.13,
				1.13149
			],
			[
				-0.12,
				1.14445
			],
			[
				-0.11,
				1.1574
			],
			[
				-0.1,
				1.17036
			],
			[
				-0.09,
				1.18332
			],
			[
				-0.08,
				1.19627
			],
			[
				-0.07,
				1.20923
			],
			[
				-0.06,
				1.22218
			],
			[
				-0.05,
				1.23514
			],
			[
				-0.04,
				1.2481
			],
			[
				-0.03,
				1.26105
			],
			[
				-0.02,
				1.27401
			],
			[
				-0.01,
				1.28696
			],
			[
				0.0,
				1.29992
			]
		]
	}
}
