{
	"ID": 338,
	"name": "VACODYM_881TP_100C",
	"conductivity": 0.0,
	"relPermeability": 1.0,
	"remanence": 0.0,
	"linear": false,
	"BHCurve": {
		"default": [
			[
				-0.849952,
				0.0
			],
			[
				-0.84,
				0.0132238
			],
			[
				-0.83,
				0.0265118
			],
			[
				-0.82,
				0.0397999
			],
			[
				-0.81,
				0.0530879
			],
			[
				-0.8,
				0.066376
			],
			[
				-0.79,
				0.079664
			],
			[
				-0.78,
				0.0929521
			],
			[
				-0.77,
				0.10624
			],
			[
				-0.76,
				0.119528
			],
			[
				-0.75,
				0.132816
			],
			[
				-0.74,
				0.146104
			],
			[
				-0.73,
				0.159392
			],
			[
				-0.72,
				0.17268
			],
			[
				-0.71,
				0.185968
			],
			[
				-0.7,
				0.199256
			],
			[
				-0.69,
				0.212545
			],
			[
				-0.68,
				0.225833
			],
			[
				-0.67,
				0.239121
			],
			[
				-0.66,
				0.252409
			],
			[
				-0.65,
				0.265697
			],
			[
				-0.64,
				0.278985
			],
			[
				-0.63,
				0.292273
			],
			[
				-0.62,
				0.305561
			],
			[
				-0.61,
				0.318849
			],
			[
				-0.6,
				0.332137
			],
			[
				-0.59,
				0.345425
			],
			[
				-0.58,
				0.358713
			],
			[
				-0.57,
				0.372001
			],
			[
				-0.56,
				0.385289
			],
			[
				-0.55,
				0.398577
			],
			[
				-0.54,
				0.411865
			],
			[
				-0.53,
				0.425153
			],
			[
				-0.52,
				0.438441
			],
			[
				-0.51,
				0.451729
			],
			[
				-0.5,
				0.465017
			],
			[
				-0.49,
				0.478306
			],
			[
				-0.48,
				0.491594
			],
			[
				-0.47,
				0.504882
			],
			[
				-0.46,
				0.51817
			],
			[
				-0.45,
				0.531458
			],
			[
				-0.44,
				0.544746
			],
			[
				-0.43,
				0.558034
			],
			[
				-0.42,
				0.571322
			],
			[
				-0.41,
				0.58461
			],
			[
				-0.4,
				0.597898
			],
			[
				-0.39,
				0.611186
			],
			[
				-0.38,
				0.624474
			],
			[
				-0.37,
				0.637762
			],
			[
				-0.36,
				0.65105
			],
			[
				-0.35,
				0.664338
			],
			[
				-0.34,
				0.677626
			],
			[
				-0.33,
				0.690914
			],
			[
				-0.32,
				0.704202
			],
			[
				-0.31,
				0.71749
			],
			[
				-0.3,
				0.730778
			],
			[
				-0.29,
				0.744067
			],
			[
				-0.28,
				0.757355
			],
			[
				-0.27,
				0.770643
			],
			[
				-0.26,
				0.783931
			],
			[
				-0.25,
				0.797219
			],
			[
				-0.24,
				0.810507
			],
			[
				-0.23,
				0.823795
			],
			[
				-0.22,
				0.837083
			],
			[
				-0.21,
				0.850371
			],
			[
				-0.2,
				0.863659
			],
			[
				-0.19,
				0.876947
			],
			[
				-0.18,
				0.890235
			],
			[
				-0.17,
				0.903523
			],
			[
				-0.16,
				0.916811
			],
			[
				-0.15,
				0.930099
			],
			[
				-0.14,
				0.943387
			],
			[
				-0.13,
				0.956675
			],
			[
				-0.12,
				0.969963
			],
			[
				-0.11,
				0.983251
			],
			[
				-0.1,
				0.996539
			],
			[
				-0.09,
				1.00983
			],
			[
				-0.08,
				1.02312
			],
			[
				-0.07,
				1.0364
			],
			[
				-0.06,
				1.04969
			],
			[
				-0.05,
				1.06298
			],
			[
				-0.04,
				1.07627
			],
			[
				-0.03,
				1.08956
			],
			[
				-0.02,
				1.10284
			],
			[
				-0.01,
				1.11613
			],
			[
				0.0,
				1.12942
			]
		]
	}
}
