{
	"ID": 170,
	"name": "VACODYM_677AP_100C",
	"conductivity": 0.0,
	"relPermeability": 0.0,
	"remanence": "no information",
	"linear": false,
	"BHCurve": {
		"default": [
			[
				-0.7860170000000001,
				0.0
			],
			[
				-0.78,
				0.0080711
			],
			[
				-0.77,
				0.0214849
			],
			[
				-0.76,
				0.0348988
			],
			[
				-0.75,
				0.0483126
			],
			[
				-0.74,
				0.0617264
			],
			[
				-0.73,
				0.0751403
			],
			[
				-0.72,
				0.0885541
			],
			[
				-0.71,
				0.101968
			],
			[
				-0.7,
				0.115382
			],
			[
				-0.69,
				0.128796
			],
			[
				-0.68,
				0.142209
			],
			[
				-0.67,
				0.155623
			],
			[
				-0.66,
				0.169037
			],
			[
				-0.65,
				0.182451
			],
			[
				-0.64,
				0.195865
			],
			[
				-0.63,
				0.209279
			],
			[
				-0.62,
				0.222692
			],
			[
				-0.61,
				0.236106
			],
			[
				-0.6,
				0.24952
			],
			[
				-0.59,
				0.262934
			],
			[
				-0.58,
				0.276348
			],
			[
				-0.57,
				0.289762
			],
			[
				-0.56,
				0.303175
			],
			[
				-0.55,
				0.316589
			],
			[
				-0.54,
				0.330003
			],
			[
				-0.53,
				0.343417
			],
			[
				-0.52,
				0.356831
			],
			[
				-0.51,
				0.370245
			],
			[
				-0.5,
				0.383659
			],
			[
				-0.49,
				0.397072
			],
			[
				-0.48,
				0.410486
			],
			[
				-0.47,
				0.4239
			],
			[
				-0.46,
				0.437314
			],
			[
				-0.45,
				0.450728
			],
			[
				-0.44,
				0.464142
			],
			[
				-0.43,
				0.477555
			],
			[
				-0.42,
				0.490969
			],
			[
				-0.41,
				0.504383
			],
			[
				-0.4,
				0.517797
			],
			[
				-0.39,
				0.531211
			],
			[
				-0.38,
				0.544625
			],
			[
				-0.37,
				0.558038
			],
			[
				-0.36,
				0.571452
			],
			[
				-0.35,
				0.584866
			],
			[
				-0.34,
				0.59828
			],
			[
				-0.33,
				0.611694
			],
			[
				-0.32,
				0.625108
			],
			[
				-0.31,
				0.638521
			],
			[
				-0.3,
				0.651935
			],
			[
				-0.29,
				0.665349
			],
			[
				-0.28,
				0.678763
			],
			[
				-0.27,
				0.692177
			],
			[
				-0.26,
				0.705591
			],
			[
				-0.25,
				0.719004
			],
			[
				-0.24,
				0.732418
			],
			[
				-0.23,
				0.745832
			],
			[
				-0.22,
				0.759246
			],
			[
				-0.21,
				0.77266
			],
			[
				-0.2,
				0.786074
			],
			[
				-0.19,
				0.799487
			],
			[
				-0.18,
				0.812901
			],
			[
				-0.17,
				0.826315
			],
			[
				-0.16,
				0.839729
			],
			[
				-0.15,
				0.853143
			],
			[
				-0.14,
				0.866557
			],
			[
				-0.13,
				0.87997
			],
			[
				-0.12,
				0.893384
			],
			[
				-0.11,
				0.906798
			],
			[
				-0.1,
				0.920212
			],
			[
				-0.09,
				0.933626
			],
			[
				-0.08,
				0.94704
			],
			[
				-0.07,
				0.960453
			],
			[
				-0.06,
				0.973867
			],
			[
				-0.05,
				0.987281
			],
			[
				-0.04,
				1.00069
			],
			[
				-0.03,
				1.01411
			],
			[
				-0.02,
				1.02752
			],
			[
				-0.01,
				1.04094
			],
			[
				0.0,
				1.05435
			]
		]
	}
}
