{
	"ID": 348,
	"name": "VACODYM_890AP_180C",
	"conductivity": 0.0,
	"relPermeability": 1.0,
	"remanence": 0.0,
	"linear": false,
	"BHCurve": {
		"default": [
			[
				-0.6708930000000001,
				0.0
			],
			[
				-0.67,
				0.0012279
			],
			[
				-0.66,
				0.0149738
			],
			[
				-0.65,
				0.0287197
			],
			[
				-0.64,
				0.0424656
			],
			[
				-0.63,
				0.0562115
			],
			[
				-0.62,
				0.0699575
			],
			[
				-0.61,
				0.0837034
			],
			[
				-0.6,
				0.0974493
			],
			[
				-0.59,
				0.111195
			],
			[
				-0.58,
				0.124941
			],
			[
				-0.57,
				0.138687
			],
			[
				-0.56,
				0.152433
			],
			[
				-0.55,
				0.166179
			],
			[
				-0.54,
				0.179925
			],
			[
				-0.53,
				0.193671
			],
			[
				-0.52,
				0.207417
			],
			[
				-0.51,
				0.221162
			],
			[
				-0.5,
				0.234908
			],
			[
				-0.49,
				0.248654
			],
			[
				-0.48,
				0.2624
			],
			[
				-0.47,
				0.276146
			],
			[
				-0.46,
				0.289892
			],
			[
				-0.45,
				0.303638
			],
			[
				-0.44,
				0.317384
			],
			[
				-0.43,
				0.33113
			],
			[
				-0.42,
				0.344876
			],
			[
				-0.41,
				0.358622
			],
			[
				-0.4,
				0.372368
			],
			[
				-0.39,
				0.386113
			],
			[
				-0.38,
				0.399859
			],
			[
				-0.37,
				0.413605
			],
			[
				-0.36,
				0.427351
			],
			[
				-0.35,
				0.441097
			],
			[
				-0.34,
				0.454843
			],
			[
				-0.33,
				0.468589
			],
			[
				-0.32,
				0.482335
			],
			[
				-0.31,
				0.496081
			],
			[
				-0.3,
				0.509827
			],
			[
				-0.29,
				0.523573
			],
			[
				-0.28,
				0.537318
			],
			[
				-0.27,
				0.551064
			],
			[
				-0.26,
				0.56481
			],
			[
				-0.25,
				0.578556
			],
			[
				-0.24,
				0.592302
			],
			[
				-0.23,
				0.606048
			],
			[
				-0.22,
				0.619794
			],
			[
				-0.21,
				0.63354
			],
			[
				-0.2,
				0.647286
			],
			[
				-0.19,
				0.661032
			],
			[
				-0.18,
				0.674778
			],
			[
				-0.17,
				0.688523
			],
			[
				-0.16,
				0.702269
			],
			[
				-0.15,
				0.716015
			],
			[
				-0.14,
				0.729761
			],
			[
				-0.13,
				0.743507
			],
			[
				-0.12,
				0.757253
			],
			[
				-0.11,
				0.770999
			],
			[
				-0.1,
				0.784745
			],
			[
				-0.09,
				0.798491
			],
			[
				-0.08,
				0.812237
			],
			[
				-0.07,
				0.825983
			],
			[
				-0.06,
				0.839729
			],
			[
				-0.05,
				0.853474
			],
			[
				-0.04,
				0.86722
			],
			[
				-0.03,
				0.880966
			],
			[
				-0.02,
				0.894712
			],
			[
				-0.01,
				0.908458
			],
			[
				0.0,
				0.922204
			]
		]
	}
}
