{
	"ID": 311,
	"name": "VACODYM_863TP_210C",
	"conductivity": 0.0,
	"relPermeability": 1.0,
	"remanence": 0.0,
	"linear": false,
	"BHCurve": {
		"default": [
			[
				-0.327544,
				0.0
			],
			[
				-0.326874,
				0.0258527
			],
			[
				-0.325874,
				0.0644036
			],
			[
				-0.324874,
				0.102954
			],
			[
				-0.32387400000000005,
				0.141505
			],
			[
				-0.32287400000000005,
				0.180056
			],
			[
				-0.32187400000000005,
				0.218607
			],
			[
				-0.32087400000000005,
				0.257158
			],
			[
				-0.31987400000000005,
				0.295709
			],
			[
				-0.31887400000000005,
				0.334259
			],
			[
				-0.31787400000000005,
				0.37281
			],
			[
				-0.31687400000000004,
				0.411782
			],
			[
				-0.31587400000000004,
				0.455378
			],
			[
				-0.31487400000000004,
				0.490517
			],
			[
				-0.31387400000000004,
				0.508592
			],
			[
				-0.31287400000000004,
				0.519193
			],
			[
				-0.31187400000000004,
				0.52604
			],
			[
				-0.31087400000000004,
				0.531922
			],
			[
				-0.30987400000000004,
				0.537113
			],
			[
				-0.30887400000000004,
				0.541977
			],
			[
				-0.30787400000000004,
				0.54669
			],
			[
				-0.30687400000000004,
				0.551037
			],
			[
				-0.30587400000000003,
				0.554788
			],
			[
				-0.30487400000000003,
				0.558154
			],
			[
				-0.30387400000000003,
				0.561268
			],
			[
				-0.30287400000000003,
				0.564166
			],
			[
				-0.30187400000000003,
				0.566885
			],
			[
				-0.30087400000000003,
				0.569462
			],
			[
				-0.29987400000000003,
				0.571923
			],
			[
				-0.29887400000000003,
				0.574256
			],
			[
				-0.297874,
				0.576475
			],
			[
				-0.296874,
				0.578599
			],
			[
				-0.295874,
				0.580644
			],
			[
				-0.294874,
				0.582627
			],
			[
				-0.293874,
				0.584567
			],
			[
				-0.292874,
				0.586475
			],
			[
				-0.291874,
				0.588337
			],
			[
				-0.290874,
				0.590148
			],
			[
				-0.289874,
				0.591912
			],
			[
				-0.288874,
				0.593627
			],
			[
				-0.287874,
				0.595295
			],
			[
				-0.286874,
				0.596917
			],
			[
				-0.285874,
				0.598495
			],
			[
				-0.284874,
				0.600043
			],
			[
				-0.283874,
				0.601565
			],
			[
				-0.282874,
				0.603063
			],
			[
				-0.281874,
				0.604538
			],
			[
				-0.280874,
				0.605992
			],
			[
				-0.279874,
				0.607427
			],
			[
				-0.278874,
				0.608843
			],
			[
				-0.277874,
				0.610241
			],
			[
				-0.276874,
				0.611625
			],
			[
				-0.275874,
				0.612994
			],
			[
				-0.274874,
				0.614351
			],
			[
				-0.273874,
				0.615697
			],
			[
				-0.272874,
				0.617033
			],
			[
				-0.271874,
				0.618361
			],
			[
				-0.270874,
				0.619682
			],
			[
				-0.27,
				0.620832
			],
			[
				-0.26,
				0.634012
			],
			[
				-0.25,
				0.647722
			],
			[
				-0.24,
				0.661466
			],
			[
				-0.23,
				0.675211
			],
			[
				-0.22,
				0.688956
			],
			[
				-0.21,
				0.7027
			],
			[
				-0.2,
				0.716445
			],
			[
				-0.19,
				0.73019
			],
			[
				-0.18,
				0.743934
			],
			[
				-0.17,
				0.757679
			],
			[
				-0.16,
				0.771424
			],
			[
				-0.15,
				0.785168
			],
			[
				-0.14,
				0.798913
			],
			[
				-0.13,
				0.812657
			],
			[
				-0.12,
				0.826402
			],
			[
				-0.11,
				0.840147
			],
			[
				-0.1,
				0.853891
			],
			[
				-0.09,
				0.867636
			],
			[
				-0.08,
				0.881381
			],
			[
				-0.07,
				0.895125
			],
			[
				-0.06,
				0.90887
			],
			[
				-0.05,
				0.922615
			],
			[
				-0.04,
				0.936359
			],
			[
				-0.03,
				0.950104
			],
			[
				-0.02,
				0.963849
			],
			[
				-0.01,
				0.977593
			],
			[
				0.0,
				0.991338
			]
		]
	}
}
