{
	"ID": 173,
	"name": "VACODYM_677AP_180C",
	"conductivity": 0.0,
	"relPermeability": 0.0,
	"remanence": "no information",
	"linear": false,
	"BHCurve": {
		"default": [
			[
				-0.642504,
				0.0
			],
			[
				-0.6424679999999999,
				0.000612903
			],
			[
				-0.6414679999999999,
				0.0101477
			],
			[
				-0.6404679999999999,
				0.0169838
			],
			[
				-0.6394679999999999,
				0.0227927
			],
			[
				-0.6384679999999999,
				0.0275847
			],
			[
				-0.6374679999999999,
				0.0317027
			],
			[
				-0.6364679999999999,
				0.035627
			],
			[
				-0.6354679999999999,
				0.0393494
			],
			[
				-0.6344679999999999,
				0.0428643
			],
			[
				-0.6334679999999999,
				0.046217
			],
			[
				-0.6324679999999999,
				0.0494525
			],
			[
				-0.6314679999999999,
				0.052616
			],
			[
				-0.6304679999999999,
				0.0557504
			],
			[
				-0.6294679999999999,
				0.0588534
			],
			[
				-0.6284679999999999,
				0.0618969
			],
			[
				-0.6274679999999999,
				0.0648544
			],
			[
				-0.6264679999999999,
				0.0676996
			],
			[
				-0.6254679999999999,
				0.0704061
			],
			[
				-0.6244679999999999,
				0.0729525
			],
			[
				-0.6234679999999999,
				0.0753959
			],
			[
				-0.6224679999999999,
				0.0777645
			],
			[
				-0.6214679999999999,
				0.0800636
			],
			[
				-0.6204679999999999,
				0.0822987
			],
			[
				-0.6194679999999999,
				0.0844751
			],
			[
				-0.6184679999999999,
				0.0865984
			],
			[
				-0.6174679999999999,
				0.088674
			],
			[
				-0.616468,
				0.0907072
			],
			[
				-0.615468,
				0.0927034
			],
			[
				-0.614468,
				0.0946682
			],
			[
				-0.613468,
				0.0966069
			],
			[
				-0.612468,
				0.0985246
			],
			[
				-0.611468,
				0.100412
			],
			[
				-0.610468,
				0.102264
			],
			[
				-0.609468,
				0.104082
			],
			[
				-0.608468,
				0.10587
			],
			[
				-0.607468,
				0.10763
			],
			[
				-0.606468,
				0.109364
			],
			[
				-0.605468,
				0.111074
			],
			[
				-0.604468,
				0.112763
			],
			[
				-0.603468,
				0.114433
			],
			[
				-0.602468,
				0.116086
			],
			[
				-0.601468,
				0.117726
			],
			[
				-0.600468,
				0.119354
			],
			[
				-0.599468,
				0.120972
			],
			[
				-0.598468,
				0.122584
			],
			[
				-0.597468,
				0.124191
			],
			[
				-0.596468,
				0.125789
			],
			[
				-0.595468,
				0.127369
			],
			[
				-0.594468,
				0.128935
			],
			[
				-0.593468,
				0.130486
			],
			[
				-0.592468,
				0.132023
			],
			[
				-0.591468,
				0.133548
			],
			[
				-0.590468,
				0.135061
			],
			[
				-0.589468,
				0.136564
			],
			[
				-0.588468,
				0.138057
			],
			[
				-0.587468,
				0.139541
			],
			[
				-0.586468,
				0.141018
			],
			[
				-0.585468,
				0.142487
			],
			[
				-0.584468,
				0.143951
			],
			[
				-0.583468,
				0.14541
			],
			[
				-0.582468,
				0.146865
			],
			[
				-0.581468,
				0.148316
			],
			[
				-0.580468,
				0.149762
			],
			[
				-0.579468,
				0.151203
			],
			[
				-0.578468,
				0.152639
			],
			[
				-0.577468,
				0.15407
			],
			[
				-0.576468,
				0.155496
			],
			[
				-0.575468,
				0.156918
			],
			[
				-0.574468,
				0.158335
			],
			[
				-0.573468,
				0.159748
			],
			[
				-0.572468,
				0.161157
			],
			[
				-0.571468,
				0.162562
			],
			[
				-0.570468,
				0.163963
			],
			[
				-0.569468,
				0.16536
			],
			[
				-0.568468,
				0.166754
			],
			[
				-0.567468,
				0.168144
			],
			[
				-0.566468,
				0.169531
			],
			[
				-0.565468,
				0.170914
			],
			[
				-0.564468,
				0.172295
			],
			[
				-0.563468,
				0.173672
			],
			[
				-0.562468,
				0.175047
			],
			[
				-0.561468,
				0.176419
			],
			[
				-0.560468,
				0.177789
			],
			[
				-0.559468,
				0.179157
			],
			[
				-0.558468,
				0.180522
			],
			[
				-0.557468,
				0.181885
			],
			[
				-0.556468,
				0.183246
			],
			[
				-0.555468,
				0.184605
			],
			[
				-0.554468,
				0.185963
			],
			[
				-0.553468,
				0.187319
			],
			[
				-0.552468,
				0.188674
			],
			[
				-0.551468,
				0.190027
			],
			[
				-0.550468,
				0.19138
			],
			[
				-0.549468,
				0.192731
			],
			[
				-0.548468,
				0.194082
			],
			[
				-0.547468,
				0.195432
			],
			[
				-0.546468,
				0.196781
			],
			[
				-0.545468,
				0.19813
			],
			[
				-0.544468,
				0.199479
			],
			[
				-0.543468,
				0.200827
			],
			[
				-0.542468,
				0.202176
			],
			[
				-0.541468,
				0.203524
			],
			[
				-0.540468,
				0.204873
			],
			[
				-0.539468,
				0.206223
			],
			[
				-0.538468,
				0.207572
			],
			[
				-0.537468,
				0.208923
			],
			[
				-0.536468,
				0.210274
			],
			[
				-0.5354679999999999,
				0.211627
			],
			[
				-0.5344679999999999,
				0.21298
			],
			[
				-0.5334679999999999,
				0.214335
			],
			[
				-0.53,
				0.219045
			],
			[
				-0.52,
				0.232748
			],
			[
				-0.51,
				0.246494
			],
			[
				-0.5,
				0.26024
			],
			[
				-0.49,
				0.273986
			],
			[
				-0.48,
				0.287732
			],
			[
				-0.47,
				0.301478
			],
			[
				-0.46,
				0.315224
			],
			[
				-0.45,
				0.32897
			],
			[
				-0.44,
				0.342716
			],
			[
				-0.43,
				0.356462
			],
			[
				-0.42,
				0.370207
			],
			[
				-0.41,
				0.383953
			],
			[
				-0.4,
				0.397699
			],
			[
				-0.39,
				0.411445
			],
			[
				-0.38,
				0.425191
			],
			[
				-0.37,
				0.438937
			],
			[
				-0.36,
				0.452683
			],
			[
				-0.35,
				0.466429
			],
			[
				-0.34,
				0.480175
			],
			[
				-0.33,
				0.493921
			],
			[
				-0.32,
				0.507667
			],
			[
				-0.31,
				0.521413
			],
			[
				-0.3,
				0.535158
			],
			[
				-0.29,
				0.548904
			],
			[
				-0.28,
				0.56265
			],
			[
				-0.27,
				0.576396
			],
			[
				-0.26,
				0.590142
			],
			[
				-0.25,
				0.603888
			],
			[
				-0.24,
				0.617634
			],
			[
				-0.23,
				0.63138
			],
			[
				-0.22,
				0.645126
			],
			[
				-0.21,
				0.658872
			],
			[
				-0.2,
				0.672618
			],
			[
				-0.19,
				0.686363
			],
			[
				-0.18,
				0.700109
			],
			[
				-0.17,
				0.713855
			],
			[
				-0.16,
				0.727601
			],
			[
				-0.15,
				0.741347
			],
			[
				-0.14,
				0.755093
			],
			[
				-0.13,
				0.768839
			],
			[
				-0.12,
				0.782585
			],
			[
				-0.11,
				0.796331
			],
			[
				-0.1,
				0.810077
			],
			[
				-0.09,
				0.823823
			],
			[
				-0.08,
				0.837568
			],
			[
				-0.07,
				0.851314
			],
			[
				-0.06,
				0.86506
			],
			[
				-0.05,
				0.878806
			],
			[
				-0.04,
				0.892552
			],
			[
				-0.03,
				0.906298
			],
			[
				-0.02,
				0.920044
			],
			[
				-0.01,
				0.93379
			],
			[
				0.0,
				0.947536
			]
		]
	}
}
