{
	"ID": 242,
	"name": "VACODYM_776_TP_150C",
	"conductivity": 0.0,
	"relPermeability": 1.0,
	"remanence": 0.0,
	"linear": false,
	"BHCurve": {
		"default": [
			[
				-0.535211,
				0.0
			],
			[
				-0.53455,
				0.0293766
			],
			[
				-0.53355,
				0.0738578
			],
			[
				-0.53255,
				0.118339
			],
			[
				-0.53155,
				0.16282
			],
			[
				-0.53055,
				0.207301
			],
			[
				-0.52955,
				0.251783
			],
			[
				-0.52855,
				0.301081
			],
			[
				-0.52755,
				0.350418
			],
			[
				-0.52655,
				0.373675
			],
			[
				-0.52555,
				0.38426
			],
			[
				-0.52455,
				0.391511
			],
			[
				-0.52355,
				0.397512
			],
			[
				-0.52255,
				0.402288
			],
			[
				-0.52155,
				0.406608
			],
			[
				-0.52055,
				0.410683
			],
			[
				-0.51955,
				0.414483
			],
			[
				-0.51855,
				0.418078
			],
			[
				-0.51755,
				0.42154
			],
			[
				-0.51655,
				0.424938
			],
			[
				-0.51555,
				0.428301
			],
			[
				-0.51455,
				0.431587
			],
			[
				-0.51355,
				0.434753
			],
			[
				-0.51255,
				0.437757
			],
			[
				-0.5115500000000001,
				0.440555
			],
			[
				-0.5105500000000001,
				0.443179
			],
			[
				-0.5095500000000001,
				0.445703
			],
			[
				-0.5085500000000001,
				0.448136
			],
			[
				-0.5075500000000001,
				0.450485
			],
			[
				-0.5065500000000001,
				0.452759
			],
			[
				-0.50555,
				0.454965
			],
			[
				-0.50455,
				0.457113
			],
			[
				-0.50355,
				0.459211
			],
			[
				-0.50255,
				0.461266
			],
			[
				-0.50155,
				0.463287
			],
			[
				-0.50055,
				0.465275
			],
			[
				-0.49955,
				0.467216
			],
			[
				-0.49855,
				0.469113
			],
			[
				-0.49755,
				0.47097
			],
			[
				-0.49655,
				0.472789
			],
			[
				-0.49555,
				0.474575
			],
			[
				-0.49455,
				0.476332
			],
			[
				-0.49355,
				0.478062
			],
			[
				-0.49255,
				0.479771
			],
			[
				-0.49155,
				0.48146
			],
			[
				-0.49055,
				0.483135
			],
			[
				-0.48955,
				0.484798
			],
			[
				-0.48855,
				0.486453
			],
			[
				-0.48755000000000004,
				0.488099
			],
			[
				-0.48655000000000004,
				0.489725
			],
			[
				-0.48555000000000004,
				0.491332
			],
			[
				-0.48455000000000004,
				0.492922
			],
			[
				-0.48355000000000004,
				0.494495
			],
			[
				-0.48255000000000003,
				0.496051
			],
			[
				-0.48155000000000003,
				0.497592
			],
			[
				-0.48055000000000003,
				0.499119
			],
			[
				-0.47955000000000003,
				0.500631
			],
			[
				-0.47855000000000003,
				0.502131
			],
			[
				-0.47755000000000003,
				0.503618
			],
			[
				-0.47655000000000003,
				0.505094
			],
			[
				-0.47555000000000003,
				0.506558
			],
			[
				-0.47455,
				0.508013
			],
			[
				-0.47355,
				0.50946
			],
			[
				-0.47255,
				0.510897
			],
			[
				-0.47155,
				0.512326
			],
			[
				-0.47055,
				0.513747
			],
			[
				-0.46955,
				0.51516
			],
			[
				-0.46855,
				0.516566
			],
			[
				-0.46755,
				0.517964
			],
			[
				-0.46655,
				0.519356
			],
			[
				-0.46555,
				0.52074
			],
			[
				-0.46455,
				0.522119
			],
			[
				-0.46355,
				0.523491
			],
			[
				-0.46255,
				0.524858
			],
			[
				-0.46155,
				0.526219
			],
			[
				-0.46055,
				0.527575
			],
			[
				-0.45955,
				0.528927
			],
			[
				-0.45855,
				0.530273
			],
			[
				-0.45755,
				0.531616
			],
			[
				-0.45655,
				0.532954
			],
			[
				-0.45555,
				0.534288
			],
			[
				-0.45455,
				0.53562
			],
			[
				-0.45355,
				0.536948
			],
			[
				-0.45255,
				0.538273
			],
			[
				-0.45155,
				0.539595
			],
			[
				-0.45055,
				0.540916
			],
			[
				-0.44955,
				0.542234
			],
			[
				-0.44855,
				0.543551
			],
			[
				-0.44755,
				0.544866
			],
			[
				-0.44655,
				0.546181
			],
			[
				-0.44555,
				0.547494
			],
			[
				-0.44455,
				0.548807
			],
			[
				-0.44355,
				0.55012
			],
			[
				-0.44255,
				0.551433
			],
			[
				-0.44155,
				0.552747
			],
			[
				-0.44055,
				0.554061
			],
			[
				-0.43955,
				0.555375
			],
			[
				-0.43855,
				0.556692
			],
			[
				-0.43755,
				0.558009
			],
			[
				-0.43655,
				0.559329
			],
			[
				-0.43555,
				0.560651
			],
			[
				-0.43455,
				0.561975
			],
			[
				-0.43355,
				0.563302
			],
			[
				-0.43255,
				0.564632
			],
			[
				-0.43155,
				0.565965
			],
			[
				-0.43055,
				0.567302
			],
			[
				-0.42955,
				0.568642
			],
			[
				-0.42855,
				0.569987
			],
			[
				-0.42755,
				0.571336
			],
			[
				-0.42655,
				0.572686
			],
			[
				-0.42555,
				0.574035
			],
			[
				-0.42455000000000004,
				0.575385
			],
			[
				-0.42355000000000004,
				0.576734
			],
			[
				-0.42255000000000004,
				0.578084
			],
			[
				-0.42155000000000004,
				0.579434
			],
			[
				-0.42055000000000003,
				0.580783
			],
			[
				-0.41955000000000003,
				0.582133
			],
			[
				-0.41855000000000003,
				0.583482
			],
			[
				-0.41755000000000003,
				0.584832
			],
			[
				-0.41655000000000003,
				0.586181
			],
			[
				-0.41555000000000003,
				0.587531
			],
			[
				-0.41455000000000003,
				0.588881
			],
			[
				-0.41355000000000003,
				0.59023
			],
			[
				-0.41255000000000003,
				0.59158
			],
			[
				-0.41155,
				0.592929
			],
			[
				-0.41055,
				0.594279
			],
			[
				-0.40955,
				0.595628
			],
			[
				-0.40855,
				0.596978
			],
			[
				-0.40755,
				0.598327
			],
			[
				-0.40655,
				0.599677
			],
			[
				-0.40555,
				0.601027
			],
			[
				-0.40455,
				0.602376
			],
			[
				-0.40355,
				0.603726
			],
			[
				-0.40255,
				0.605075
			],
			[
				-0.40155,
				0.606425
			],
			[
				-0.40055,
				0.607774
			],
			[
				-0.39955,
				0.609124
			],
			[
				-0.39855,
				0.610473
			],
			[
				-0.39755,
				0.611823
			],
			[
				-0.39655,
				0.613173
			],
			[
				-0.39555,
				0.614522
			],
			[
				-0.39455,
				0.615872
			],
			[
				-0.39355,
				0.617221
			],
			[
				-0.39255,
				0.618571
			],
			[
				-0.39155,
				0.61992
			],
			[
				-0.39055,
				0.62127
			],
			[
				-0.38955,
				0.62262
			],
			[
				-0.38855,
				0.623969
			],
			[
				-0.38755,
				0.625319
			],
			[
				-0.38655,
				0.626668
			],
			[
				-0.38555,
				0.628018
			],
			[
				-0.385,
				0.62876
			],
			[
				-0.38,
				0.635508
			],
			[
				-0.375,
				0.642256
			],
			[
				-0.37,
				0.649004
			],
			[
				-0.365,
				0.655752
			],
			[
				-0.36,
				0.662499
			],
			[
				-0.355,
				0.669247
			],
			[
				-0.35,
				0.675995
			],
			[
				-0.345,
				0.682743
			],
			[
				-0.34,
				0.689491
			],
			[
				-0.335,
				0.696238
			],
			[
				-0.33,
				0.702986
			],
			[
				-0.325,
				0.709734
			],
			[
				-0.32,
				0.716482
			],
			[
				-0.315,
				0.72323
			],
			[
				-0.31,
				0.729977
			],
			[
				-0.305,
				0.736725
			],
			[
				-0.3,
				0.743473
			],
			[
				-0.295,
				0.750221
			],
			[
				-0.29,
				0.756969
			],
			[
				-0.285,
				0.763716
			],
			[
				-0.28,
				0.770464
			],
			[
				-0.275,
				0.777212
			],
			[
				-0.27,
				0.78396
			],
			[
				-0.265,
				0.790708
			],
			[
				-0.26,
				0.797455
			],
			[
				-0.255,
				0.804203
			],
			[
				-0.25,
				0.810951
			],
			[
				-0.245,
				0.817699
			],
			[
				-0.24,
				0.824447
			],
			[
				-0.235,
				0.831194
			],
			[
				-0.23,
				0.837942
			],
			[
				-0.225,
				0.84469
			],
			[
				-0.22,
				0.851438
			],
			[
				-0.215,
				0.858186
			],
			[
				-0.21,
				0.864933
			],
			[
				-0.205,
				0.871681
			],
			[
				-0.2,
				0.878429
			],
			[
				-0.195,
				0.885177
			],
			[
				-0.19,
				0.891925
			],
			[
				-0.185,
				0.898672
			],
			[
				-0.18,
				0.90542
			],
			[
				-0.175,
				0.912168
			],
			[
				-0.17,
				0.918916
			],
			[
				-0.165,
				0.925664
			],
			[
				-0.16,
				0.932411
			],
			[
				-0.155,
				0.939159
			],
			[
				-0.15,
				0.945907
			],
			[
				-0.145,
				0.952655
			],
			[
