{
	"ID": 143,
	"name": "VACODYM_655AP_180C",
	"conductivity": 0.0,
	"relPermeability": 1.0,
	"remanence": 0.0,
	"linear": false,
	"BHCurve": {
		"default": [
			[
				-0.365281,
				0.0
			],
			[
				-0.36510000000000004,
				0.00697423
			],
			[
				-0.36410000000000003,
				0.0454552
			],
			[
				-0.36310000000000003,
				0.0839362
			],
			[
				-0.36210000000000003,
				0.122417
			],
			[
				-0.36110000000000003,
				0.160898
			],
			[
				-0.36010000000000003,
				0.199379
			],
			[
				-0.35910000000000003,
				0.23786
			],
			[
				-0.35810000000000003,
				0.276341
			],
			[
				-0.35710000000000003,
				0.314822
			],
			[
				-0.3561,
				0.353331
			],
			[
				-0.3551,
				0.396803
			],
			[
				-0.3541,
				0.434914
			],
			[
				-0.3531,
				0.453942
			],
			[
				-0.3521,
				0.465134
			],
			[
				-0.3511,
				0.472382
			],
			[
				-0.3501,
				0.478098
			],
			[
				-0.3491,
				0.483218
			],
			[
				-0.3481,
				0.48786
			],
			[
				-0.3471,
				0.492258
			],
			[
				-0.3461,
				0.496557
			],
			[
				-0.3451,
				0.500642
			],
			[
				-0.3441,
				0.504351
			],
			[
				-0.3431,
				0.507621
			],
			[
				-0.3421,
				0.510664
			],
			[
				-0.3411,
				0.513521
			],
			[
				-0.3401,
				0.516216
			],
			[
				-0.3391,
				0.518773
			],
			[
				-0.3381,
				0.521219
			],
			[
				-0.3371,
				0.523576
			],
			[
				-0.3361,
				0.525844
			],
			[
				-0.3351,
				0.528016
			],
			[
				-0.3341,
				0.530105
			],
			[
				-0.3331,
				0.532121
			],
			[
				-0.3321,
				0.534076
			],
			[
				-0.3311,
				0.535981
			],
			[
				-0.3301,
				0.537848
			],
			[
				-0.3291,
				0.539689
			],
			[
				-0.3281,
				0.541507
			],
			[
				-0.3271,
				0.543285
			],
			[
				-0.3261,
				0.545026
			],
			[
				-0.3251,
				0.54673
			],
			[
				-0.3241,
				0.548399
			],
			[
				-0.3231,
				0.550034
			],
			[
				-0.3221,
				0.551637
			],
			[
				-0.3211,
				0.553208
			],
			[
				-0.3201,
				0.554751
			],
			[
				-0.31910000000000005,
				0.556273
			],
			[
				-0.31810000000000005,
				0.557775
			],
			[
				-0.31710000000000005,
				0.559259
			],
			[
				-0.31610000000000005,
				0.560725
			],
			[
				-0.31510000000000005,
				0.562175
			],
			[
				-0.31410000000000005,
				0.56361
			],
			[
				-0.31310000000000004,
				0.56503
			],
			[
				-0.31210000000000004,
				0.566436
			],
			[
				-0.31110000000000004,
				0.567831
			],
			[
				-0.31010000000000004,
				0.569213
			],
			[
				-0.30910000000000004,
				0.570585
			],
			[
				-0.30810000000000004,
				0.571948
			],
			[
				-0.30710000000000004,
				0.573302
			],
			[
				-0.30610000000000004,
				0.574648
			],
			[
				-0.30510000000000004,
				0.575987
			],
			[
				-0.30410000000000004,
				0.577321
			],
			[
				-0.30310000000000004,
				0.57865
			],
			[
				-0.30210000000000004,
				0.579975
			],
			[
				-0.3,
				0.582749
			],
			[
				-0.29,
				0.596067
			],
			[
				-0.28,
				0.609802
			],
			[
				-0.27,
				0.623548
			],
			[
				-0.26,
				0.637294
			],
			[
				-0.25,
				0.65104
			],
			[
				-0.24,
				0.664786
			],
			[
				-0.23,
				0.678532
			],
			[
				-0.22,
				0.692277
			],
			[
				-0.21,
				0.706023
			],
			[
				-0.2,
				0.719769
			],
			[
				-0.19,
				0.733515
			],
			[
				-0.18,
				0.747261
			],
			[
				-0.17,
				0.761007
			],
			[
				-0.16,
				0.774753
			],
			[
				-0.15,
				0.788499
			],
			[
				-0.14,
				0.802245
			],
			[
				-0.13,
				0.815991
			],
			[
				-0.12,
				0.829737
			],
			[
				-0.11,
				0.843482
			],
			[
				-0.1,
				0.857228
			],
			[
				-0.09,
				0.870974
			],
			[
				-0.08,
				0.88472
			],
			[
				-0.07,
				0.898466
			],
			[
				-0.06,
				0.912212
			],
			[
				-0.05,
				0.925958
			],
			[
				-0.04,
				0.939704
			],
			[
				-0.03,
				0.95345
			],
			[
				-0.02,
				0.967196
			],
			[
				-0.01,
				0.980942
			],
			[
				0.0,
				0.994687
			]
		]
	}
}
