{
	"ID": 335,
	"name": "VACODYM_881AP_210C",
	"conductivity": 0.0,
	"relPermeability": 0.0,
	"remanence": "no information",
	"linear": false,
	"BHCurve": {
		"default": [
			[
				-0.499616,
				0.0
			],
			[
				-0.499461,
				0.00514577
			],
			[
				-0.498461,
				0.0382885
			],
			[
				-0.497461,
				0.0724232
			],
			[
				-0.496461,
				0.1106
			],
			[
				-0.49546100000000004,
				0.137447
			],
			[
				-0.49446100000000004,
				0.150001
			],
			[
				-0.49346100000000004,
				0.158576
			],
			[
				-0.49246100000000004,
				0.165151
			],
			[
				-0.49146100000000004,
				0.170257
			],
			[
				-0.49046100000000004,
				0.174749
			],
			[
				-0.48946100000000003,
				0.178974
			],
			[
				-0.48846100000000003,
				0.182893
			],
			[
				-0.48746100000000003,
				0.186589
			],
			[
				-0.48646100000000003,
				0.190146
			],
			[
				-0.48546100000000003,
				0.193642
			],
			[
				-0.48446100000000003,
				0.197091
			],
			[
				-0.48346100000000003,
				0.200441
			],
			[
				-0.48246100000000003,
				0.20364
			],
			[
				-0.48146100000000003,
				0.206639
			],
			[
				-0.480461,
				0.209404
			],
			[
				-0.479461,
				0.212034
			],
			[
				-0.478461,
				0.214558
			],
			[
				-0.477461,
				0.216988
			],
			[
				-0.476461,
				0.219331
			],
			[
				-0.475461,
				0.221598
			],
			[
				-0.474461,
				0.223798
			],
			[
				-0.473461,
				0.22594
			],
			[
				-0.472461,
				0.228035
			],
			[
				-0.471461,
				0.230091
			],
			[
				-0.470461,
				0.23211
			],
			[
				-0.469461,
				0.234076
			],
			[
				-0.468461,
				0.235994
			],
			[
				-0.467461,
				0.237868
			],
			[
				-0.466461,
				0.239703
			],
			[
				-0.465461,
				0.241502
			],
			[
				-0.464461,
				0.24327
			],
			[
				-0.463461,
				0.245011
			],
			[
				-0.462461,
				0.246729
			],
			[
				-0.461461,
				0.24843
			],
			[
				-0.460461,
				0.250116
			],
			[
				-0.459461,
				0.251792
			],
			[
				-0.458461,
				0.253458
			],
			[
				-0.457461,
				0.255102
			],
			[
				-0.456461,
				0.256723
			],
			[
				-0.455461,
				0.258324
			],
			[
				-0.454461,
				0.259906
			],
			[
				-0.453461,
				0.261471
			],
			[
				-0.452461,
				0.263019
			],
			[
				-0.451461,
				0.264553
			],
			[
				-0.450461,
				0.266074
			],
			[
				-0.449461,
				0.267584
			],
			[
				-0.448461,
				0.269083
			],
			[
				-0.447461,
				0.270575
			],
			[
				-0.446461,
				0.272059
			],
			[
				-0.445461,
				0.273534
			],
			[
				-0.444461,
				0.275002
			],
			[
				-0.443461,
				0.276461
			],
			[
				-0.442461,
				0.277913
			],
			[
				-0.441461,
				0.279357
			],
			[
				-0.440461,
				0.280794
			],
			[
				-0.439461,
				0.282225
			],
			[
				-0.438461,
				0.283649
			],
			[
				-0.437461,
				0.285066
			],
			[
				-0.436461,
				0.286478
			],
			[
				-0.435461,
				0.287884
			],
			[
				-0.434461,
				0.289285
			],
			[
				-0.433461,
				0.29068
			],
			[
				-0.43246100000000004,
				0.292071
			],
			[
				-0.43146100000000004,
				0.293458
			],
			[
				-0.43046100000000004,
				0.29484
			],
			[
				-0.42946100000000004,
				0.296218
			],
			[
				-0.42846100000000004,
				0.297593
			],
			[
				-0.42746100000000004,
				0.298964
			],
			[
				-0.42646100000000003,
				0.300333
			],
			[
				-0.42546100000000003,
				0.301698
			],
			[
				-0.42446100000000003,
				0.303062
			],
			[
				-0.42346100000000003,
				0.304423
			],
			[
				-0.42246100000000003,
				0.305782
			],
			[
				-0.42146100000000003,
				0.30714
			],
			[
				-0.42046100000000003,
				0.308496
			],
			[
				-0.41946100000000003,
				0.309852
			],
			[
				-0.418461,
				0.311207
			],
			[
				-0.417461,
				0.312561
			],
			[
				-0.416461,
				0.313916
			],
			[
				-0.415461,
				0.315271
			],
			[
				-0.41,
				0.322685
			],
			[
				-0.4,
				0.336448
			],
			[
				-0.39,
				0.350319
			],
			[
				-0.38,
				0.364189
			],
			[
				-0.37,
				0.37806
			],
			[
				-0.36,
				0.39193
			],
			[
				-0.35,
				0.405801
			],
			[
				-0.34,
				0.419671
			],
			[
				-0.33,
				0.433541
			],
			[
				-0.32,
				0.447412
			],
			[
				-0.31,
				0.461282
			],
			[
				-0.3,
				0.475153
			],
			[
				-0.29,
				0.489023
			],
			[
				-0.28,
				0.502894
			],
			[
				-0.27,
				0.516764
			],
			[
				-0.26,
				0.530635
			],
			[
				-0.25,
				0.544505
			],
			[
				-0.24,
				0.558375
			],
			[
				-0.23,
				0.572246
			],
			[
				-0.22,
				0.586116
			],
			[
				-0.21,
				0.599987
			],
			[
				-0.2,
				0.613857
			],
			[
				-0.19,
				0.627728
			],
			[
				-0.18,
				0.641598
			],
			[
				-0.17,
				0.655469
			],
			[
				-0.16,
				0.669339
			],
			[
				-0.15,
				0.683209
			],
			[
				-0.14,
				0.69708
			],
			[
				-0.13,
				0.71095
			],
			[
				-0.12,
				0.724821
			],
			[
				-0.11,
				0.738691
			],
			[
				-0.1,
				0.752562
			],
			[
				-0.09,
				0.766432
			],
			[
				-0.08,
				0.780302
			],
			[
				-0.07,
				0.794173
			],
			[
				-0.06,
				0.808043
			],
			[
				-0.05,
				0.821914
			],
			[
				-0.04,
				0.835784
			],
			[
				-0.03,
				0.849655
			],
			[
				-0.02,
				0.863525
			],
			[
				-0.01,
				0.877396
			],
			[
				0.0,
				0.891266
			]
		]
	}
}
