{
	"ID": 301,
	"name": "VACODYM_863AP_180C",
	"conductivity": 0.0,
	"relPermeability": 0.0,
	"remanence": "no information",
	"linear": false,
	"BHCurve": {
		"default": [
			[
				-0.517359,
				0.0
			],
			[
				-0.516364,
				0.0370457
			],
			[
				-0.515364,
				0.0742662
			],
			[
				-0.514364,
				0.111487
			],
			[
				-0.513364,
				0.151331
			],
			[
				-0.512364,
				0.193567
			],
			[
				-0.5113639999999999,
				0.21774
			],
			[
				-0.5103639999999999,
				0.229101
			],
			[
				-0.5093639999999999,
				0.236887
			],
			[
				-0.5083639999999999,
				0.243096
			],
			[
				-0.5073639999999999,
				0.24799
			],
			[
				-0.5063639999999999,
				0.252382
			],
			[
				-0.5053639999999999,
				0.256515
			],
			[
				-0.5043639999999999,
				0.260362
			],
			[
				-0.5033639999999999,
				0.263999
			],
			[
				-0.5023639999999999,
				0.267501
			],
			[
				-0.5013639999999999,
				0.270944
			],
			[
				-0.500364,
				0.274345
			],
			[
				-0.499364,
				0.277658
			],
			[
				-0.498364,
				0.280836
			],
			[
				-0.497364,
				0.283833
			],
			[
				-0.49636399999999997,
				0.286606
			],
			[
				-0.49536399999999997,
				0.289229
			],
			[
				-0.49436399999999997,
				0.29175
			],
			[
				-0.49336399999999997,
				0.294179
			],
			[
				-0.49236399999999997,
				0.296522
			],
			[
				-0.49136399999999997,
				0.29879
			],
			[
				-0.49036399999999997,
				0.300992
			],
			[
				-0.48936399999999997,
				0.303135
			],
			[
				-0.48836399999999996,
				0.305229
			],
			[
				-0.48736399999999996,
				0.307283
			],
			[
				-0.48636399999999996,
				0.309304
			],
			[
				-0.48536399999999996,
				0.311281
			],
			[
				-0.48436399999999996,
				0.31321
			],
			[
				-0.48336399999999996,
				0.315095
			],
			[
				-0.48236399999999996,
				0.316939
			],
			[
				-0.48136399999999996,
				0.318748
			],
			[
				-0.48036399999999996,
				0.320524
			],
			[
				-0.47936399999999996,
				0.322272
			],
			[
				-0.47836399999999996,
				0.323995
			],
			[
				-0.47736399999999996,
				0.325698
			],
			[
				-0.47636399999999995,
				0.327384
			],
			[
				-0.47536399999999995,
				0.329058
			],
			[
				-0.47436399999999995,
				0.330724
			],
			[
				-0.47336399999999995,
				0.332378
			],
			[
				-0.47236399999999995,
				0.334012
			],
			[
				-0.47136399999999995,
				0.335625
			],
			[
				-0.47036399999999995,
				0.337219
			],
			[
				-0.469364,
				0.338795
			],
			[
				-0.468364,
				0.340354
			],
			[
				-0.467364,
				0.341898
			],
			[
				-0.466364,
				0.343427
			],
			[
				-0.465364,
				0.344944
			],
			[
				-0.464364,
				0.346448
			],
			[
				-0.463364,
				0.347942
			],
			[
				-0.462364,
				0.349427
			],
			[
				-0.461364,
				0.350904
			],
			[
				-0.460364,
				0.352372
			],
			[
				-0.459364,
				0.353832
			],
			[
				-0.458364,
				0.355284
			],
			[
				-0.457364,
				0.356728
			],
			[
				-0.456364,
				0.358165
			],
			[
				-0.455364,
				0.359595
			],
			[
				-0.454364,
				0.361017
			],
			[
				-0.453364,
				0.362433
			],
			[
				-0.452364,
				0.363843
			],
			[
				-0.451364,
				0.365246
			],
			[
				-0.450364,
				0.366644
			],
			[
				-0.449364,
				0.368036
			],
			[
				-0.448364,
				0.369423
			],
			[
				-0.447364,
				0.370805
			],
			[
				-0.446364,
				0.372183
			],
			[
				-0.445364,
				0.373556
			],
			[
				-0.444364,
				0.374925
			],
			[
				-0.443364,
				0.37629
			],
			[
				-0.442364,
				0.377651
			],
			[
				-0.441364,
				0.379009
			],
			[
				-0.440364,
				0.380365
			],
			[
				-0.439364,
				0.381717
			],
			[
				-0.438364,
				0.383068
			],
			[
				-0.437364,
				0.384416
			],
			[
				-0.436364,
				0.385762
			],
			[
				-0.435364,
				0.387107
			],
			[
				-0.434364,
				0.38845
			],
			[
				-0.43336399999999997,
				0.389792
			],
			[
				-0.43236399999999997,
				0.391134
			],
			[
				-0.43136399999999997,
				0.392475
			],
			[
				-0.43036399999999997,
				0.393817
			],
			[
				-0.42936399999999997,
				0.395158
			],
			[
				-0.42836399999999997,
				0.3965
			],
			[
				-0.42,
				0.407776
			],
			[
				-0.41,
				0.421482
			],
			[
				-0.4,
				0.435228
			],
			[
				-0.39,
				0.448973
			],
			[
				-0.38,
				0.462719
			],
			[
				-0.37,
				0.476465
			],
			[
				-0.36,
				0.490211
			],
			[
				-0.35,
				0.503957
			],
			[
				-0.34,
				0.517703
			],
			[
				-0.33,
				0.531449
			],
			[
				-0.32,
				0.545195
			],
			[
				-0.31,
				0.558941
			],
			[
				-0.3,
				0.572687
			],
			[
				-0.29,
				0.586433
			],
			[
				-0.28,
				0.600178
			],
			[
				-0.27,
				0.613924
			],
			[
				-0.26,
				0.62767
			],
			[
				-0.25,
				0.641416
			],
			[
				-0.24,
				0.655162
			],
			[
				-0.23,
				0.668908
			],
			[
				-0.22,
				0.682654
			],
			[
				-0.21,
				0.6964
			],
			[
				-0.2,
				0.710146
			],
			[
				-0.19,
				0.723892
			],
			[
				-0.18,
				0.737638
			],
			[
				-0.17,
				0.751383
			],
			[
				-0.16,
				0.765129
			],
			[
				-0.15,
				0.778875
			],
			[
				-0.14,
				0.792621
			],
			[
				-0.13,
				0.806367
			],
			[
				-0.12,
				0.820113
			],
			[
				-0.11,
				0.833859
			],
			[
				-0.1,
				0.847605
			],
			[
				-0.09,
				0.861351
			],
			[
				-0.08,
				0.875097
			],
			[
				-0.07,
				0.888843
			],
			[
				-0.06,
				0.902589
			],
			[
				-0.05,
				0.916334
			],
			[
				-0.04,
				0.93008
			],
			[
				-0.03,
				0.943826
			],
			[
				-0.02,
				0.957572
			],
			[
				-0.01,
				0.971318
			],
			[
				0.0,
				0.985064
			]
		]
	}
}
