{
	"ID": 319,
	"name": "VACODYM_872AP_210C",
	"conductivity": 0.0,
	"relPermeability": 1.0,
	"remanence": 0.0,
	"linear": false,
	"BHCurve": {
		"default": [
			[
				-0.465163,
				0.0
			],
			[
				-0.464357,
				0.0275179
			],
			[
				-0.463357,
				0.0616772
			],
			[
				-0.462357,
				0.0958365
			],
			[
				-0.461357,
				0.130107
			],
			[
				-0.460357,
				0.169222
			],
			[
				-0.459357,
				0.202055
			],
			[
				-0.458357,
				0.217424
			],
			[
				-0.457357,
				0.22714
			],
			[
				-0.456357,
				0.23425
			],
			[
				-0.455357,
				0.23964
			],
			[
				-0.454357,
				0.244332
			],
			[
				-0.453357,
				0.248702
			],
			[
				-0.452357,
				0.252738
			],
			[
				-0.451357,
				0.256543
			],
			[
				-0.450357,
				0.260219
			],
			[
				-0.449357,
				0.263846
			],
			[
				-0.448357,
				0.26739
			],
			[
				-0.447357,
				0.270786
			],
			[
				-0.446357,
				0.273969
			],
			[
				-0.445357,
				0.276882
			],
			[
				-0.444357,
				0.279618
			],
			[
				-0.443357,
				0.282233
			],
			[
				-0.442357,
				0.284738
			],
			[
				-0.44135700000000005,
				0.287146
			],
			[
				-0.44035700000000005,
				0.289467
			],
			[
				-0.43935700000000005,
				0.291713
			],
			[
				-0.43835700000000005,
				0.293896
			],
			[
				-0.43735700000000005,
				0.296028
			],
			[
				-0.43635700000000005,
				0.298118
			],
			[
				-0.43535700000000005,
				0.300153
			],
			[
				-0.43435700000000005,
				0.302132
			],
			[
				-0.43335700000000005,
				0.304059
			],
			[
				-0.43235700000000005,
				0.305939
			],
			[
				-0.43135700000000005,
				0.307778
			],
			[
				-0.43035700000000005,
				0.309581
			],
			[
				-0.42935700000000004,
				0.311353
			],
			[
				-0.42835700000000004,
				0.313099
			],
			[
				-0.42735700000000004,
				0.314826
			],
			[
				-0.42635700000000004,
				0.316537
			],
			[
				-0.42535700000000004,
				0.318238
			],
			[
				-0.42435700000000004,
				0.31992
			],
			[
				-0.42335700000000004,
				0.321577
			],
			[
				-0.42235700000000004,
				0.323211
			],
			[
				-0.42135700000000004,
				0.324821
			],
			[
				-0.42035700000000004,
				0.326411
			],
			[
				-0.41935700000000004,
				0.327983
			],
			[
				-0.41835700000000003,
				0.329536
			],
			[
				-0.41735700000000003,
				0.331075
			],
			[
				-0.41635700000000003,
				0.332599
			],
			[
				-0.41535700000000003,
				0.334111
			],
			[
				-0.41435700000000003,
				0.335613
			],
			[
				-0.41335700000000003,
				0.337104
			],
			[
				-0.41235700000000003,
				0.338586
			],
			[
				-0.41135700000000003,
				0.340058
			],
			[
				-0.410357,
				0.34152
			],
			[
				-0.409357,
				0.342974
			],
			[
				-0.408357,
				0.344419
			],
			[
				-0.407357,
				0.345855
			],
			[
				-0.406357,
				0.347284
			],
			[
				-0.405357,
				0.348705
			],
			[
				-0.404357,
				0.350119
			],
			[
				-0.403357,
				0.351526
			],
			[
				-0.402357,
				0.352927
			],
			[
				-0.401357,
				0.354322
			],
			[
				-0.400357,
				0.355712
			],
			[
				-0.399357,
				0.357096
			],
			[
				-0.398357,
				0.358475
			],
			[
				-0.397357,
				0.35985
			],
			[
				-0.396357,
				0.361221
			],
			[
				-0.395357,
				0.362588
			],
			[
				-0.394357,
				0.363952
			],
			[
				-0.393357,
				0.365313
			],
			[
				-0.392357,
				0.366671
			],
			[
				-0.391357,
				0.368027
			],
			[
				-0.390357,
				0.369381
			],
			[
				-0.389357,
				0.370734
			],
			[
				-0.388357,
				0.372086
			],
			[
				-0.387357,
				0.373437
			],
			[
				-0.386357,
				0.374788
			],
			[
				-0.38,
				0.383394
			],
			[
				-0.37,
				0.397153
			],
			[
				-0.36,
				0.411023
			],
			[
				-0.35,
				0.424894
			],
			[
				-0.34,
				0.438764
			],
			[
				-0.33,
				0.452634
			],
			[
				-0.32,
				0.466505
			],
			[
				-0.31,
				0.480375
			],
			[
				-0.3,
				0.494246
			],
			[
				-0.29,
				0.508116
			],
			[
				-0.28,
				0.521987
			],
			[
				-0.27,
				0.535857
			],
			[
				-0.26,
				0.549728
			],
			[
				-0.25,
				0.563598
			],
			[
				-0.24,
				0.577468
			],
			[
				-0.23,
				0.591339
			],
			[
				-0.22,
				0.605209
			],
			[
				-0.21,
				0.61908
			],
			[
				-0.2,
				0.63295
			],
			[
				-0.19,
				0.646821
			],
			[
				-0.18,
				0.660691
			],
			[
				-0.17,
				0.674562
			],
			[
				-0.16,
				0.688432
			],
			[
				-0.15,
				0.702302
			],
			[
				-0.14,
				0.716173
			],
			[
				-0.13,
				0.730043
			],
			[
				-0.12,
				0.743914
			],
			[
				-0.11,
				0.757784
			],
			[
				-0.1,
				0.771655
			],
			[
				-0.09,
				0.785525
			],
			[
				-0.08,
				0.799395
			],
			[
				-0.07,
				0.813266
			],
			[
				-0.06,
				0.827136
			],
			[
				-0.05,
				0.841007
			],
			[
				-0.04,
				0.854877
			],
			[
				-0.03,
				0.868748
			],
			[
				-0.02,
				0.882618
			],
			[
				-0.01,
				0.896489
			],
			[
				0.0,
				0.910359
			]
		]
	}
}
