{
	"ID": 175,
	"name": "VACODYM_677AP_210C",
	"conductivity": 0.0,
	"relPermeability": 0.0,
	"remanence": "no information",
	"linear": false,
	"BHCurve": {
		"default": [
			[
				-0.403489,
				0.0
			],
			[
				-0.403163,
				0.01114
			],
			[
				-0.402163,
				0.0452187
			],
			[
				-0.401163,
				0.0792975
			],
			[
				-0.400163,
				0.113376
			],
			[
				-0.399163,
				0.147455
			],
			[
				-0.398163,
				0.181534
			],
			[
				-0.397163,
				0.216251
			],
			[
				-0.396163,
				0.255132
			],
			[
				-0.395163,
				0.284708
			],
			[
				-0.394163,
				0.299329
			],
			[
				-0.393163,
				0.308956
			],
			[
				-0.392163,
				0.315613
			],
			[
				-0.39116300000000004,
				0.320915
			],
			[
				-0.39016300000000004,
				0.325763
			],
			[
				-0.38916300000000004,
				0.330173
			],
			[
				-0.38816300000000004,
				0.334305
			],
			[
				-0.38716300000000003,
				0.338318
			],
			[
				-0.38616300000000003,
				0.342248
			],
			[
				-0.38516300000000003,
				0.345993
			],
			[
				-0.38416300000000003,
				0.349447
			],
			[
				-0.38316300000000003,
				0.352544
			],
			[
				-0.38216300000000003,
				0.355441
			],
			[
				-0.38116300000000003,
				0.358185
			],
			[
				-0.38016300000000003,
				0.360793
			],
			[
				-0.37916300000000003,
				0.363282
			],
			[
				-0.378163,
				0.36567
			],
			[
				-0.377163,
				0.367974
			],
			[
				-0.376163,
				0.370213
			],
			[
				-0.375163,
				0.372385
			],
			[
				-0.374163,
				0.374481
			],
			[
				-0.373163,
				0.376507
			],
			[
				-0.372163,
				0.378471
			],
			[
				-0.371163,
				0.380382
			],
			[
				-0.370163,
				0.382248
			],
			[
				-0.369163,
				0.384077
			],
			[
				-0.368163,
				0.385877
			],
			[
				-0.367163,
				0.387656
			],
			[
				-0.366163,
				0.389419
			],
			[
				-0.365163,
				0.391153
			],
			[
				-0.364163,
				0.392855
			],
			[
				-0.363163,
				0.394527
			],
			[
				-0.362163,
				0.39617
			],
			[
				-0.361163,
				0.397788
			],
			[
				-0.360163,
				0.399381
			],
			[
				-0.359163,
				0.400952
			],
			[
				-0.358163,
				0.402502
			],
			[
				-0.357163,
				0.404034
			],
			[
				-0.356163,
				0.405549
			],
			[
				-0.355163,
				0.407051
			],
			[
				-0.354163,
				0.408538
			],
			[
				-0.353163,
				0.410012
			],
			[
				-0.352163,
				0.411473
			],
			[
				-0.351163,
				0.412923
			],
			[
				-0.350163,
				0.414361
			],
			[
				-0.349163,
				0.415788
			],
			[
				-0.348163,
				0.417205
			],
			[
				-0.347163,
				0.418613
			],
			[
				-0.346163,
				0.420012
			],
			[
				-0.345163,
				0.421403
			],
			[
				-0.344163,
				0.422786
			],
			[
				-0.343163,
				0.424163
			],
			[
				-0.342163,
				0.425533
			],
			[
				-0.341163,
				0.426897
			],
			[
				-0.340163,
				0.428257
			],
			[
				-0.339163,
				0.429612
			],
			[
				-0.338163,
				0.430963
			],
			[
				-0.337163,
				0.432311
			],
			[
				-0.336163,
				0.433657
			],
			[
				-0.335163,
				0.435001
			],
			[
				-0.33,
				0.441934
			],
			[
				-0.32,
				0.455592
			],
			[
				-0.31,
				0.469462
			],
			[
				-0.3,
				0.483332
			],
			[
				-0.29,
				0.497203
			],
			[
				-0.28,
				0.511073
			],
			[
				-0.27,
				0.524944
			],
			[
				-0.26,
				0.538814
			],
			[
				-0.25,
				0.552685
			],
			[
				-0.24,
				0.566555
			],
			[
				-0.23,
				0.580425
			],
			[
				-0.22,
				0.594296
			],
			[
				-0.21,
				0.608166
			],
			[
				-0.2,
				0.622037
			],
			[
				-0.19,
				0.635907
			],
			[
				-0.18,
				0.649778
			],
			[
				-0.17,
				0.663648
			],
			[
				-0.16,
				0.677519
			],
			[
				-0.15,
				0.691389
			],
			[
				-0.14,
				0.705259
			],
			[
				-0.13,
				0.71913
			],
			[
				-0.12,
				0.733
			],
			[
				-0.11,
				0.746871
			],
			[
				-0.1,
				0.760741
			],
			[
				-0.09,
				0.774612
			],
			[
				-0.08,
				0.788482
			],
			[
				-0.07,
				0.802353
			],
			[
				-0.06,
				0.816223
			],
			[
				-0.05,
				0.830093
			],
			[
				-0.04,
				0.843964
			],
			[
				-0.03,
				0.857834
			],
			[
				-0.02,
				0.871705
			],
			[
				-0.01,
				0.885575
			],
			[
				0.0,
				0.899446
			]
		]
	}
}
