{
	"ID": 285,
	"name": "VACODYM_854_AP_060C",
	"conductivity": 0.0,
	"relPermeability": 0.0,
	"remanence": "no information",
	"linear": false,
	"BHCurve": {
		"default": [
			[
				-0.913864,
				0.0
			],
			[
				-0.91,
				0.00511831
			],
			[
				-0.905,
				0.0117422
			],
			[
				-0.9,
				0.0183661
			],
			[
				-0.895,
				0.02499
			],
			[
				-0.89,
				0.0316139
			],
			[
				-0.885,
				0.0382378
			],
			[
				-0.88,
				0.0448617
			],
			[
				-0.875,
				0.0514856
			],
			[
				-0.87,
				0.0581095
			],
			[
				-0.865,
				0.0647334
			],
			[
				-0.86,
				0.0713573
			],
			[
				-0.855,
				0.0779812
			],
			[
				-0.85,
				0.0846051
			],
			[
				-0.845,
				0.091229
			],
			[
				-0.84,
				0.0978529
			],
			[
				-0.835,
				0.104477
			],
			[
				-0.83,
				0.111101
			],
			[
				-0.825,
				0.117725
			],
			[
				-0.82,
				0.124349
			],
			[
				-0.815,
				0.130972
			],
			[
				-0.81,
				0.137596
			],
			[
				-0.805,
				0.14422
			],
			[
				-0.8,
				0.150844
			],
			[
				-0.795,
				0.157468
			],
			[
				-0.79,
				0.164092
			],
			[
				-0.785,
				0.170716
			],
			[
				-0.78,
				0.17734
			],
			[
				-0.775,
				0.183964
			],
			[
				-0.77,
				0.190587
			],
			[
				-0.765,
				0.197211
			],
			[
				-0.76,
				0.203835
			],
			[
				-0.755,
				0.210459
			],
			[
				-0.75,
				0.217083
			],
			[
				-0.745,
				0.223707
			],
			[
				-0.74,
				0.230331
			],
			[
				-0.735,
				0.236955
			],
			[
				-0.73,
				0.243579
			],
			[
				-0.725,
				0.250203
			],
			[
				-0.72,
				0.256826
			],
			[
				-0.715,
				0.26345
			],
			[
				-0.71,
				0.270074
			],
			[
				-0.705,
				0.276698
			],
			[
				-0.7,
				0.283322
			],
			[
				-0.695,
				0.289946
			],
			[
				-0.69,
				0.29657
			],
			[
				-0.685,
				0.303194
			],
			[
				-0.68,
				0.309818
			],
			[
				-0.675,
				0.316442
			],
			[
				-0.67,
				0.323065
			],
			[
				-0.665,
				0.329689
			],
			[
				-0.66,
				0.336313
			],
			[
				-0.655,
				0.342937
			],
			[
				-0.65,
				0.349561
			],
			[
				-0.645,
				0.356185
			],
			[
				-0.64,
				0.362809
			],
			[
				-0.635,
				0.369433
			],
			[
				-0.63,
				0.376057
			],
			[
				-0.625,
				0.382681
			],
			[
				-0.62,
				0.389304
			],
			[
				-0.615,
				0.395928
			],
			[
				-0.61,
				0.402552
			],
			[
				-0.605,
				0.409176
			],
			[
				-0.6,
				0.4158
			],
			[
				-0.595,
				0.422424
			],
			[
				-0.59,
				0.429048
			],
			[
				-0.585,
				0.435672
			],
			[
				-0.58,
				0.442296
			],
			[
				-0.575,
				0.44892
			],
			[
				-0.57,
				0.455543
			],
			[
				-0.565,
				0.462167
			],
			[
				-0.56,
				0.468791
			],
			[
				-0.555,
				0.475415
			],
			[
				-0.55,
				0.482039
			],
			[
				-0.545,
				0.488663
			],
			[
				-0.54,
				0.495287
			],
			[
				-0.535,
				0.501911
			],
			[
				-0.53,
				0.508535
			],
			[
				-0.525,
				0.515159
			],
			[
				-0.52,
				0.521782
			],
			[
				-0.515,
				0.528406
			],
			[
				-0.51,
				0.53503
			],
			[
				-0.505,
				0.541654
			],
			[
				-0.5,
				0.548278
			],
			[
				-0.495,
				0.554902
			],
			[
				-0.49,
				0.561526
			],
			[
				-0.485,
				0.56815
			],
			[
				-0.48,
				0.574774
			],
			[
				-0.475,
				0.581398
			],
			[
				-0.47,
				0.588021
			],
			[
				-0.465,
				0.594645
			],
			[
				-0.46,
				0.601269
			],
			[
				-0.455,
				0.607893
			],
			[
				-0.45,
				0.614517
			],
			[
				-0.445,
				0.621141
			],
			[
				-0.44,
				0.627765
			],
			[
				-0.435,
				0.634389
			],
			[
				-0.43,
				0.641013
			],
			[
				-0.425,
				0.647637
			],
			[
				-0.42,
				0.65426
			],
			[
				-0.415,
				0.660884
			],
			[
				-0.41,
				0.667508
			],
			[
				-0.405,
				0.674132
			],
			[
				-0.4,
				0.680756
			],
			[
				-0.395,
				0.68738
			],
			[
				-0.39,
				0.694004
			],
			[
				-0.385,
				0.700628
			],
			[
				-0.38,
				0.707252
			],
			[
				-0.375,
				0.713876
			],
			[
				-0.37,
				0.720499
			],
			[
				-0.365,
				0.727123
			],
			[
				-0.36,
				0.733747
			],
			[
				-0.355,
				0.740371
			],
			[
				-0.35,
				0.746995
			],
			[
				-0.345,
				0.753619
			],
			[
				-0.34,
				0.760243
			],
			[
				-0.335,
				0.766867
			],
			[
				-0.33,
				0.773491
			],
			[
				-0.325,
				0.780115
			],
			[
				-0.32,
				0.786738
			],
			[
				-0.315,
				0.793362
			],
			[
				-0.31,
				0.799986
			],
			[
				-0.305,
				0.80661
			],
			[
				-0.3,
				0.813234
			],
			[
				-0.295,
				0.819858
			],
			[
				-0.29,
				0.826482
			],
			[
				-0.285,
				0.833106
			],
			[
				-0.28,
				0.83973
			],
			[
				-0.275,
				0.846354
			],
			[
				-0.27,
				0.852977
			],
			[
				-0.265,
				0.859601
			],
			[
				-0.26,
				0.866225
			],
			[
				-0.255,
				0.872849
			],
			[
				-0.25,
				0.879473
			],
			[
				-0.245,
				0.886097
			],
			[
				-0.24,
				0.892721
			],
			[
				-0.235,
				0.899345
			],
			[
				-0.23,
				0.905969
			],
			[
				-0.225,
				0.912593
			],
			[
				-0.22,
				0.919216
			],
			[
				-0.215,
				0.92584
			],
			[
				-0.21,
				0.932464
			],
			[
				-0.205,
				0.939088
			],
			[
				-0.2,
				0.945712
			],
			[
				-0.195,
				0.952336
			],
			[
				-0.19,
				0.95896
			],
			[
				-0.185,
				0.965584
			],
			[
				-0.18,
				0.972208
			],
			[
				-0.175,
				0.978832
			],
			[
				-0.17,
				0.985455
			],
			[
				-0.165,
				0.992079
			],
			[
				-0.16,
				0.998703
			],
			[
				-0.155,
				1.00533
			],
			[
				-0.15,
				1.01195
			],
			[
				-0.145,
				1.01857
			],
			[
				-0.14,
				1.0252
			],
			[
				-0.135,
				1.03182
			],
			[
				-0.13,
				1.03845
			],
			[
				-0.125,
				1.04507
			],
			[
				-0.12,
				1.05169
			],
			[
				-0.115,
				1.05832
			],
			[
				-0.11,
				1.06494
			],
			[
				-0.105,
				1.07157
			],
			[
				-0.1,
				1.07819
			],
			[
				-0.095,
				1.08481
			],
			[
				-0.09,
				1.09144
			],
			[
				-0.085,
				1.09806
			],
			[
				-0.08,
				1.10469
			],
			[
				-0.075,
				1.11131
			],
			[
				-0.07,
				1.11793
			],
			[
				-0.065,
				1.12456
			],
			[
				-0.06,
				1.13118
			],
			[
				-0.055,
				1.13781
			],
			[
				-0.05,
				1.14443
			],
			[
				-0.045,
				1.15105
			],
			[
				-0.04,
				1.15768
			],
			[
				-0.035,
				1.1643
			],
			[
				-0.03,
				1.17092
			],
			[
				-0.025,
				1.17755
			],
			[
				-0.02,
				1.18417
			],
			[
				-0.015,
				1.1908
			],
			[
				-0.01,
				1.19742
			],
			[
				-0.005,
				1.20404
			],
			[
				0.0,
				1.21067
			]
		]
	}
}
