{
	"ID": 349,
	"name": "VACODYM_890AP_20C",
	"conductivity": 0.0,
	"relPermeability": 1.0,
	"remanence": 0.0,
	"linear": false,
	"BHCurve": {
		"default": [
			[
				-0.848861,
				0.0
			],
			[
				-0.84,
				0.0115921
			],
			[
				-0.83,
				0.0246738
			],
			[
				-0.82,
				0.0377556
			],
			[
				-0.81,
				0.0508374
			],
			[
				-0.8,
				0.0639191
			],
			[
				-0.79,
				0.0770009
			],
			[
				-0.78,
				0.0900826
			],
			[
				-0.77,
				0.103164
			],
			[
				-0.76,
				0.116246
			],
			[
				-0.75,
				0.129328
			],
			[
				-0.74,
				0.14241
			],
			[
				-0.73,
				0.155491
			],
			[
				-0.72,
				0.168573
			],
			[
				-0.71,
				0.181655
			],
			[
				-0.7,
				0.194737
			],
			[
				-0.69,
				0.207818
			],
			[
				-0.68,
				0.2209
			],
			[
				-0.67,
				0.233982
			],
			[
				-0.66,
				0.247064
			],
			[
				-0.65,
				0.260146
			],
			[
				-0.64,
				0.273227
			],
			[
				-0.63,
				0.286309
			],
			[
				-0.62,
				0.299391
			],
			[
				-0.61,
				0.312473
			],
			[
				-0.6,
				0.325554
			],
			[
				-0.59,
				0.338636
			],
			[
				-0.58,
				0.351718
			],
			[
				-0.57,
				0.3648
			],
			[
				-0.56,
				0.377881
			],
			[
				-0.55,
				0.390963
			],
			[
				-0.54,
				0.404045
			],
			[
				-0.53,
				0.417127
			],
			[
				-0.52,
				0.430208
			],
			[
				-0.51,
				0.44329
			],
			[
				-0.5,
				0.456372
			],
			[
				-0.49,
				0.469454
			],
			[
				-0.48,
				0.482535
			],
			[
				-0.47,
				0.495617
			],
			[
				-0.46,
				0.508699
			],
			[
				-0.45,
				0.521781
			],
			[
				-0.44,
				0.534863
			],
			[
				-0.43,
				0.547944
			],
			[
				-0.42,
				0.561026
			],
			[
				-0.41,
				0.574108
			],
			[
				-0.4,
				0.58719
			],
			[
				-0.39,
				0.600271
			],
			[
				-0.38,
				0.613353
			],
			[
				-0.37,
				0.626435
			],
			[
				-0.36,
				0.639517
			],
			[
				-0.35,
				0.652598
			],
			[
				-0.34,
				0.66568
			],
			[
				-0.33,
				0.678762
			],
			[
				-0.32,
				0.691844
			],
			[
				-0.31,
				0.704925
			],
			[
				-0.3,
				0.718007
			],
			[
				-0.29,
				0.731089
			],
			[
				-0.28,
				0.744171
			],
			[
				-0.27,
				0.757252
			],
			[
				-0.26,
				0.770334
			],
			[
				-0.25,
				0.783416
			],
			[
				-0.24,
				0.796498
			],
			[
				-0.23,
				0.809579
			],
			[
				-0.22,
				0.822661
			],
			[
				-0.21,
				0.835743
			],
			[
				-0.2,
				0.848825
			],
			[
				-0.19,
				0.861907
			],
			[
				-0.18,
				0.874988
			],
			[
				-0.17,
				0.88807
			],
			[
				-0.16,
				0.901152
			],
			[
				-0.15,
				0.914234
			],
			[
				-0.14,
				0.927315
			],
			[
				-0.13,
				0.940397
			],
			[
				-0.12,
				0.953479
			],
			[
				-0.11,
				0.966561
			],
			[
				-0.1,
				0.979642
			],
			[
				-0.09,
				0.992724
			],
			[
				-0.08,
				1.00581
			],
			[
				-0.07,
				1.01889
			],
			[
				-0.06,
				1.03197
			],
			[
				-0.05,
				1.04505
			],
			[
				-0.04,
				1.05813
			],
			[
				-0.03,
				1.07121
			],
			[
				-0.02,
				1.0843
			],
			[
				-0.01,
				1.09738
			],
			[
				0.0,
				1.11046
			]
		]
	}
}
