{
	"ID": 132,
	"name": "VACODYM_633AP_60C",
	"conductivity": 0.0,
	"relPermeability": 1.0,
	"remanence": 0.0,
	"linear": false,
	"BHCurve": {
		"default": [
			[
				-0.91811,
				0.0
			],
			[
				-0.917316,
				0.00103118
			],
			[
				-0.916316,
				0.00233041
			],
			[
				-0.915316,
				0.00363057
			],
			[
				-0.914316,
				0.00493169
			],
			[
				-0.913316,
				0.00623384
			],
			[
				-0.912316,
				0.00753708
			],
			[
				-0.911316,
				0.00884146
			],
			[
				-0.910316,
				0.010147
			],
			[
				-0.909316,
				0.0114539
			],
			[
				-0.908316,
				0.0127621
			],
			[
				-0.907316,
				0.0140716
			],
			[
				-0.906316,
				0.0153826
			],
			[
				-0.905316,
				0.0166951
			],
			[
				-0.904316,
				0.0180091
			],
			[
				-0.903316,
				0.0193248
			],
			[
				-0.902316,
				0.0206421
			],
			[
				-0.901316,
				0.0219611
			],
			[
				-0.900316,
				0.0232819
			],
			[
				-0.899316,
				0.0246046
			],
			[
				-0.898316,
				0.025929
			],
			[
				-0.897316,
				0.0272538
			],
			[
				-0.896316,
				0.0285786
			],
			[
				-0.895316,
				0.0299034
			],
			[
				-0.894316,
				0.0312282
			],
			[
				-0.893316,
				0.0325529
			],
			[
				-0.892316,
				0.0338777
			],
			[
				-0.891316,
				0.0352025
			],
			[
				-0.890316,
				0.0365273
			],
			[
				-0.889316,
				0.0378521
			],
			[
				-0.888316,
				0.0391768
			],
			[
				-0.887316,
				0.0405016
			],
			[
				-0.886316,
				0.0418264
			],
			[
				-0.885316,
				0.0431512
			],
			[
				-0.884316,
				0.044476
			],
			[
				-0.883316,
				0.0458007
			],
			[
				-0.882316,
				0.0471255
			],
			[
				-0.881316,
				0.0484503
			],
			[
				-0.880316,
				0.0497751
			],
			[
				-0.879316,
				0.0510999
			],
			[
				-0.878316,
				0.0524246
			],
			[
				-0.87,
				0.0634415
			],
			[
				-0.86,
				0.0766893
			],
			[
				-0.85,
				0.0899371
			],
			[
				-0.84,
				0.103185
			],
			[
				-0.83,
				0.116433
			],
			[
				-0.82,
				0.129681
			],
			[
				-0.81,
				0.142928
			],
			[
				-0.8,
				0.156176
			],
			[
				-0.79,
				0.169424
			],
			[
				-0.78,
				0.182672
			],
			[
				-0.77,
				0.195919
			],
			[
				-0.76,
				0.209167
			],
			[
				-0.75,
				0.222415
			],
			[
				-0.74,
				0.235663
			],
			[
				-0.73,
				0.248911
			],
			[
				-0.72,
				0.262158
			],
			[
				-0.71,
				0.275406
			],
			[
				-0.7,
				0.288654
			],
			[
				-0.69,
				0.301902
			],
			[
				-0.68,
				0.31515
			],
			[
				-0.67,
				0.328397
			],
			[
				-0.66,
				0.341645
			],
			[
				-0.65,
				0.354893
			],
			[
				-0.64,
				0.368141
			],
			[
				-0.63,
				0.381389
			],
			[
				-0.62,
				0.394636
			],
			[
				-0.61,
				0.407884
			],
			[
				-0.6,
				0.421132
			],
			[
				-0.59,
				0.43438
			],
			[
				-0.58,
				0.447628
			],
			[
				-0.57,
				0.460875
			],
			[
				-0.56,
				0.474123
			],
			[
				-0.55,
				0.487371
			],
			[
				-0.54,
				0.500619
			],
			[
				-0.53,
				0.513867
			],
			[
				-0.52,
				0.527114
			],
			[
				-0.51,
				0.540362
			],
			[
				-0.5,
				0.55361
			],
			[
				-0.49,
				0.566858
			],
			[
				-0.48,
				0.580106
			],
			[
				-0.47,
				0.593353
			],
			[
				-0.46,
				0.606601
			],
			[
				-0.45,
				0.619849
			],
			[
				-0.44,
				0.633097
			],
			[
				-0.43,
				0.646345
			],
			[
				-0.42,
				0.659592
			],
			[
				-0.41,
				0.67284
			],
			[
				-0.4,
				0.686088
			],
			[
				-0.39,
				0.699336
			],
			[
				-0.38,
				0.712584
			],
			[
				-0.37,
				0.725831
			],
			[
				-0.36,
				0.739079
			],
			[
				-0.35,
				0.752327
			],
			[
				-0.34,
				0.765575
			],
			[
				-0.33,
				0.778823
			],
			[
				-0.32,
				0.79207
			],
			[
				-0.31,
				0.805318
			],
			[
				-0.3,
				0.818566
			],
			[
				-0.29,
				0.831814
			],
			[
				-0.28,
				0.845062
			],
			[
				-0.27,
				0.858309
			],
			[
				-0.26,
				0.871557
			],
			[
				-0.25,
				0.884805
			],
			[
				-0.24,
				0.898053
			],
			[
				-0.23,
				0.911301
			],
			[
				-0.22,
				0.924548
			],
			[
				-0.21,
				0.937796
			],
			[
				-0.2,
				0.951044
			],
			[
				-0.19,
				0.964292
			],
			[
				-0.18,
				0.97754
			],
			[
				-0.17,
				0.990787
			],
			[
				-0.16,
				1.00404
			],
			[
				-0.15,
				1.01728
			],
			[
				-0.14,
				1.03053
			],
			[
				-0.13,
				1.04378
			],
			[
				-0.12,
				1.05703
			],
			[
				-0.11,
				1.07027
			],
			[
				-0.1,
				1.08352
			],
			[
				-0.09,
				1.09677
			],
			[
				-0.08,
				1.11002
			],
			[
				-0.07,
				1.12327
			],
			[
				-0.06,
				1.13651
			],
			[
				-0.05,
				1.14976
			],
			[
				-0.04,
				1.16301
			],
			[
				-0.03,
				1.17626
			],
			[
				-0.02,
				1.1895
			],
			[
				-0.01,
				1.20275
			],
			[
				0.0,
				1.216
			]
		]
	}
}
