{
	"ID": 129,
	"name": "VACODYM_633AP_120C",
	"conductivity": 0.0,
	"relPermeability": 0.0,
	"remanence": "no information",
	"linear": false,
	"BHCurve": {
		"default": [
			[
				-0.600687,
				0.0
			],
			[
				-0.599808,
				0.038363
			],
			[
				-0.598808,
				0.0820141
			],
			[
				-0.597808,
				0.125665
			],
			[
				-0.596808,
				0.169921
			],
			[
				-0.595808,
				0.221775
			],
			[
				-0.594808,
				0.260332
			],
			[
				-0.593808,
				0.273784
			],
			[
				-0.592808,
				0.282211
			],
			[
				-0.591808,
				0.288565
			],
			[
				-0.590808,
				0.294023
			],
			[
				-0.589808,
				0.298488
			],
			[
				-0.588808,
				0.302574
			],
			[
				-0.587808,
				0.306475
			],
			[
				-0.586808,
				0.310135
			],
			[
				-0.585808,
				0.313606
			],
			[
				-0.584808,
				0.316941
			],
			[
				-0.583808,
				0.320194
			],
			[
				-0.582808,
				0.323414
			],
			[
				-0.581808,
				0.326597
			],
			[
				-0.580808,
				0.329709
			],
			[
				-0.579808,
				0.33272
			],
			[
				-0.578808,
				0.335597
			],
			[
				-0.577808,
				0.33831
			],
			[
				-0.576808,
				0.340858
			],
			[
				-0.575808,
				0.343317
			],
			[
				-0.574808,
				0.345695
			],
			[
				-0.573808,
				0.348
			],
			[
				-0.572808,
				0.350239
			],
			[
				-0.571808,
				0.352416
			],
			[
				-0.570808,
				0.354539
			],
			[
				-0.569808,
				0.356614
			],
			[
				-0.568808,
				0.358647
			],
			[
				-0.567808,
				0.360645
			],
			[
				-0.566808,
				0.362613
			],
			[
				-0.565808,
				0.364558
			],
			[
				-0.564808,
				0.366467
			],
			[
				-0.563808,
				0.368337
			],
			[
				-0.562808,
				0.370171
			],
			[
				-0.561808,
				0.371972
			],
			[
				-0.560808,
				0.373742
			],
			[
				-0.559808,
				0.375485
			],
			[
				-0.558808,
				0.377204
			],
			[
				-0.557808,
				0.3789
			],
			[
				-0.556808,
				0.380577
			],
			[
				-0.555808,
				0.382238
			],
			[
				-0.554808,
				0.383885
			],
			[
				-0.553808,
				0.385522
			],
			[
				-0.552808,
				0.38715
			],
			[
				-0.551808,
				0.388773
			],
			[
				-0.550808,
				0.390386
			],
			[
				-0.549808,
				0.391982
			],
			[
				-0.548808,
				0.393562
			],
			[
				-0.547808,
				0.395127
			],
			[
				-0.546808,
				0.396678
			],
			[
				-0.545808,
				0.398215
			],
			[
				-0.544808,
				0.399739
			],
			[
				-0.543808,
				0.401251
			],
			[
				-0.542808,
				0.402751
			],
			[
				-0.541808,
				0.40424
			],
			[
				-0.540808,
				0.40572
			],
			[
				-0.539808,
				0.40719
			],
			[
				-0.538808,
				0.408651
			],
			[
				-0.537808,
				0.410104
			],
			[
				-0.536808,
				0.41155
			],
			[
				-0.535808,
				0.412989
			],
			[
				-0.534808,
				0.414421
			],
			[
				-0.533808,
				0.415846
			],
			[
				-0.532808,
				0.417264
			],
			[
				-0.531808,
				0.418676
			],
			[
				-0.530808,
				0.420083
			],
			[
				-0.529808,
				0.421483
			],
			[
				-0.528808,
				0.422877
			],
			[
				-0.5278079999999999,
				0.424266
			],
			[
				-0.5268079999999999,
				0.42565
			],
			[
				-0.5258079999999999,
				0.427028
			],
			[
				-0.5248079999999999,
				0.428402
			],
			[
				-0.5238079999999999,
				0.429771
			],
			[
				-0.5228079999999999,
				0.431135
			],
			[
				-0.5218079999999999,
				0.432495
			],
			[
				-0.5208079999999999,
				0.433852
			],
			[
				-0.519808,
				0.435204
			],
			[
				-0.518808,
				0.436552
			],
			[
				-0.517808,
				0.437897
			],
			[
				-0.516808,
				0.439239
			],
			[
				-0.515808,
				0.440578
			],
			[
				-0.514808,
				0.441913
			],
			[
				-0.513808,
				0.443246
			],
			[
				-0.512808,
				0.444577
			],
			[
				-0.511808,
				0.445906
			],
			[
				-0.510808,
				0.447232
			],
			[
				-0.509808,
				0.448556
			],
			[
				-0.508808,
				0.449879
			],
			[
				-0.507808,
				0.451201
			],
			[
				-0.506808,
				0.452521
			],
			[
				-0.505808,
				0.45384
			],
			[
				-0.504808,
				0.455158
			],
			[
				-0.503808,
				0.456476
			],
			[
				-0.502808,
				0.457793
			],
			[
				-0.501808,
				0.45911
			],
			[
				-0.500808,
				0.460427
			],
			[
				-0.499808,
				0.461744
			],
			[
				-0.498808,
				0.463062
			],
			[
				-0.497808,
				0.46438
			],
			[
				-0.49680799999999997,
				0.465699
			],
			[
				-0.49580799999999997,
				0.467019
			],
			[
				-0.49480799999999997,
				0.46834
			],
			[
				-0.49,
				0.474716
			],
			[
				-0.48,
				0.488151
			],
			[
				-0.47,
				0.501648
			],
			[
				-0.46,
				0.515145
			],
			[
				-0.45,
				0.528642
			],
			[
				-0.44,
				0.542138
			],
			[
				-0.43,
				0.555635
			],
			[
				-0.42,
				0.569132
			],
			[
				-0.41,
				0.582629
			],
			[
				-0.4,
				0.596126
			],
			[
				-0.39,
				0.609623
			],
			[
				-0.38,
				0.623119
			],
			[
				-0.37,
				0.636616
			],
			[
				-0.36,
				0.650113
			],
			[
				-0.35,
				0.66361
			],
			[
				-0.34,
				0.677107
			],
			[
				-0.33,
				0.690604
			],
			[
				-0.32,
				0.704101
			],
			[
				-0.31,
				0.717597
			],
			[
				-0.3,
				0.731094
			],
			[
				-0.29,
				0.744591
			],
			[
				-0.28,
				0.758088
			],
			[
				-0.27,
				0.771585
			],
			[
				-0.26,
				0.785082
			],
			[
				-0.25,
				0.798579
			],
			[
				-0.24,
				0.812075
			],
			[
				-0.23,
				0.825572
			],
			[
				-0.22,
				0.839069
			],
			[
				-0.21,
				0.852566
			],
			[
				-0.2,
				0.866063
			],
			[
				-0.19,
				0.87956
			],
			[
				-0.18,
				0.893057
			],
			[
				-0.17,
				0.906553
			],
			[
				-0.16,
				0.92005
			],
			[
				-0.15,
				0.933547
			],
			[
				-0.14,
				0.947044
			],
			[
				-0.13,
				0.960541
			],
			[
				-0.12,
				0.974038
			],
			[
				-0.11,
				0.987535
			],
			[
				-0.1,
				1.00103
			],
			[
				-0.09,
				1.01453
			],
			[
				-0.08,
				1.02803
			],
			[
				-0.07,
				1.04152
			],
			[
				-0.06,
				1.05502
			],
			[
				-0.05,
				1.06852
			],
			[
				-0.04,
				1.08201
			],
			[
				-0.03,
				1.09551
			],
			[
				-0.02,
				1.10901
			],
			[
				-0.01,
				1.1225
			],
			[
				0.0,
				1.136
			]
		]
	}
}
