{
	"ID": 205,
	"name": "VACODYM_764AP_120C",
	"conductivity": 0.0,
	"relPermeability": 0.0,
	"remanence": "no information",
	"linear": false,
	"BHCurve": {
		"default": [
			[
				-0.506178,
				0.0
			],
			[
				-0.505683,
				0.0220932
			],
			[
				-0.504683,
				0.0667353
			],
			[
				-0.503683,
				0.111377
			],
			[
				-0.502683,
				0.156019
			],
			[
				-0.501683,
				0.200661
			],
			[
				-0.500683,
				0.245303
			],
			[
				-0.499683,
				0.289946
			],
			[
				-0.498683,
				0.338748
			],
			[
				-0.497683,
				0.38906
			],
			[
				-0.496683,
				0.414408
			],
			[
				-0.495683,
				0.425526
			],
			[
				-0.494683,
				0.433062
			],
			[
				-0.493683,
				0.439143
			],
			[
				-0.492683,
				0.443962
			],
			[
				-0.491683,
				0.448383
			],
			[
				-0.490683,
				0.452504
			],
			[
				-0.489683,
				0.456345
			],
			[
				-0.488683,
				0.459987
			],
			[
				-0.487683,
				0.463513
			],
			[
				-0.486683,
				0.466995
			],
			[
				-0.485683,
				0.470417
			],
			[
				-0.484683,
				0.473726
			],
			[
				-0.483683,
				0.476872
			],
			[
				-0.482683,
				0.479805
			],
			[
				-0.481683,
				0.48252
			],
			[
				-0.48068299999999997,
				0.485119
			],
			[
				-0.47968299999999997,
				0.487615
			],
			[
				-0.47868299999999997,
				0.490019
			],
			[
				-0.47768299999999997,
				0.49234
			],
			[
				-0.47668299999999997,
				0.494587
			],
			[
				-0.47568299999999997,
				0.496769
			],
			[
				-0.47468299999999997,
				0.498897
			],
			[
				-0.47368299999999997,
				0.50098
			],
			[
				-0.472683,
				0.503027
			],
			[
				-0.471683,
				0.505031
			],
			[
				-0.470683,
				0.506984
			],
			[
				-0.469683,
				0.508891
			],
			[
				-0.468683,
				0.510754
			],
			[
				-0.467683,
				0.512579
			],
			[
				-0.466683,
				0.51437
			],
			[
				-0.465683,
				0.51613
			],
			[
				-0.464683,
				0.517865
			],
			[
				-0.463683,
				0.519578
			],
			[
				-0.462683,
				0.521274
			],
			[
				-0.461683,
				0.522957
			],
			[
				-0.460683,
				0.524631
			],
			[
				-0.459683,
				0.526294
			],
			[
				-0.458683,
				0.527935
			],
			[
				-0.457683,
				0.529556
			],
			[
				-0.456683,
				0.531159
			],
			[
				-0.455683,
				0.532742
			],
			[
				-0.454683,
				0.534308
			],
			[
				-0.453683,
				0.535857
			],
			[
				-0.452683,
				0.537389
			],
			[
				-0.451683,
				0.538907
			],
			[
				-0.450683,
				0.54041
			],
			[
				-0.449683,
				0.541899
			],
			[
				-0.448683,
				0.543376
			],
			[
				-0.447683,
				0.54484
			],
			[
				-0.446683,
				0.546295
			],
			[
				-0.445683,
				0.547739
			],
			[
				-0.444683,
				0.549174
			],
			[
				-0.443683,
				0.5506
			],
			[
				-0.442683,
				0.552017
			],
			[
				-0.441683,
				0.553426
			],
			[
				-0.440683,
				0.554826
			],
			[
				-0.439683,
				0.556219
			],
			[
				-0.438683,
				0.557604
			],
			[
				-0.437683,
				0.558983
			],
			[
				-0.436683,
				0.560354
			],
			[
				-0.435683,
				0.561719
			],
			[
				-0.434683,
				0.563079
			],
			[
				-0.433683,
				0.564432
			],
			[
				-0.432683,
				0.565781
			],
			[
				-0.431683,
				0.567124
			],
			[
				-0.430683,
				0.568463
			],
			[
				-0.429683,
				0.569797
			],
			[
				-0.428683,
				0.571128
			],
			[
				-0.427683,
				0.572455
			],
			[
				-0.426683,
				0.573779
			],
			[
				-0.425683,
				0.5751
			],
			[
				-0.424683,
				0.576418
			],
			[
				-0.423683,
				0.577734
			],
			[
				-0.422683,
				0.579049
			],
			[
				-0.421683,
				0.580362
			],
			[
				-0.420683,
				0.581674
			],
			[
				-0.419683,
				0.582985
			],
			[
				-0.41868299999999997,
				0.584296
			],
			[
				-0.41768299999999997,
				0.585606
			],
			[
				-0.41668299999999997,
				0.586917
			],
			[
				-0.41,
				0.595712
			],
			[
				-0.4,
				0.609116
			],
			[
				-0.39,
				0.622613
			],
			[
				-0.38,
				0.63611
			],
			[
				-0.37,
				0.649607
			],
			[
				-0.36,
				0.663103
			],
			[
				-0.35,
				0.6766
			],
			[
				-0.34,
				0.690097
			],
			[
				-0.33,
				0.703594
			],
			[
				-0.32,
				0.717091
			],
			[
				-0.31,
				0.730588
			],
			[
				-0.3,
				0.744085
			],
			[
				-0.29,
				0.757581
			],
			[
				-0.28,
				0.771078
			],
			[
				-0.27,
				0.784575
			],
			[
				-0.26,
				0.798072
			],
			[
				-0.25,
				0.811569
			],
			[
				-0.24,
				0.825066
			],
			[
				-0.23,
				0.838563
			],
			[
				-0.22,
				0.852059
			],
			[
				-0.21,
				0.865556
			],
			[
				-0.2,
				0.879053
			],
			[
				-0.19,
				0.89255
			],
			[
				-0.18,
				0.906047
			],
			[
				-0.17,
				0.919544
			],
			[
				-0.16,
				0.933041
			],
			[
				-0.15,
				0.946537
			],
			[
				-0.14,
				0.960034
			],
			[
				-0.13,
				0.973531
			],
			[
				-0.12,
				0.987028
			],
			[
				-0.11,
				1.00052
			],
			[
				-0.1,
				1.01402
			],
			[
				-0.09,
				1.02752
			],
			[
				-0.08,
				1.04102
			],
			[
				-0.07,
				1.05451
			],
			[
				-0.06,
				1.06801
			],
			[
				-0.05,
				1.08151
			],
			[
				-0.04,
				1.095
			],
			[
				-0.03,
				1.1085
			],
			[
				-0.02,
				1.122
			],
			[
				-0.01,
				1.13549
			],
			[
				0.0,
				1.14899
			]
		]
	}
}
