{
	"ID": 304,
	"name": "VACODYM_863AP_60C",
	"conductivity": 0.0,
	"relPermeability": 1.0,
	"remanence": 0.0,
	"linear": false,
	"BHCurve": {
		"default": [
			[
				-0.879476,
				0.0
			],
			[
				-0.87,
				0.0125535
			],
			[
				-0.86,
				0.0258013
			],
			[
				-0.85,
				0.0390491
			],
			[
				-0.84,
				0.0522969
			],
			[
				-0.83,
				0.0655447
			],
			[
				-0.82,
				0.0787925
			],
			[
				-0.81,
				0.0920403
			],
			[
				-0.8,
				0.105288
			],
			[
				-0.79,
				0.118536
			],
			[
				-0.78,
				0.131784
			],
			[
				-0.77,
				0.145031
			],
			[
				-0.76,
				0.158279
			],
			[
				-0.75,
				0.171527
			],
			[
				-0.74,
				0.184775
			],
			[
				-0.73,
				0.198023
			],
			[
				-0.72,
				0.21127
			],
			[
				-0.71,
				0.224518
			],
			[
				-0.7,
				0.237766
			],
			[
				-0.69,
				0.251014
			],
			[
				-0.68,
				0.264262
			],
			[
				-0.67,
				0.277509
			],
			[
				-0.66,
				0.290757
			],
			[
				-0.65,
				0.304005
			],
			[
				-0.64,
				0.317253
			],
			[
				-0.63,
				0.330501
			],
			[
				-0.62,
				0.343748
			],
			[
				-0.61,
				0.356996
			],
			[
				-0.6,
				0.370244
			],
			[
				-0.59,
				0.383492
			],
			[
				-0.58,
				0.39674
			],
			[
				-0.57,
				0.409987
			],
			[
				-0.56,
				0.423235
			],
			[
				-0.55,
				0.436483
			],
			[
				-0.54,
				0.449731
			],
			[
				-0.53,
				0.462979
			],
			[
				-0.52,
				0.476226
			],
			[
				-0.51,
				0.489474
			],
			[
				-0.5,
				0.502722
			],
			[
				-0.49,
				0.51597
			],
			[
				-0.48,
				0.529218
			],
			[
				-0.47,
				0.542465
			],
			[
				-0.46,
				0.555713
			],
			[
				-0.45,
				0.568961
			],
			[
				-0.44,
				0.582209
			],
			[
				-0.43,
				0.595457
			],
			[
				-0.42,
				0.608704
			],
			[
				-0.41,
				0.621952
			],
			[
				-0.4,
				0.6352
			],
			[
				-0.39,
				0.648448
			],
			[
				-0.38,
				0.661696
			],
			[
				-0.37,
				0.674943
			],
			[
				-0.36,
				0.688191
			],
			[
				-0.35,
				0.701439
			],
			[
				-0.34,
				0.714687
			],
			[
				-0.33,
				0.727935
			],
			[
				-0.32,
				0.741182
			],
			[
				-0.31,
				0.75443
			],
			[
				-0.3,
				0.767678
			],
			[
				-0.29,
				0.780926
			],
			[
				-0.28,
				0.794174
			],
			[
				-0.27,
				0.807421
			],
			[
				-0.26,
				0.820669
			],
			[
				-0.25,
				0.833917
			],
			[
				-0.24,
				0.847165
			],
			[
				-0.23,
				0.860413
			],
			[
				-0.22,
				0.87366
			],
			[
				-0.21,
				0.886908
			],
			[
				-0.2,
				0.900156
			],
			[
				-0.19,
				0.913404
			],
			[
				-0.18,
				0.926652
			],
			[
				-0.17,
				0.939899
			],
			[
				-0.16,
				0.953147
			],
			[
				-0.15,
				0.966395
			],
			[
				-0.14,
				0.979643
			],
			[
				-0.13,
				0.992891
			],
			[
				-0.12,
				1.00614
			],
			[
				-0.11,
				1.01939
			],
			[
				-0.1,
				1.03263
			],
			[
				-0.09,
				1.04588
			],
			[
				-0.08,
				1.05913
			],
			[
				-0.07,
				1.07238
			],
			[
				-0.06,
				1.08563
			],
			[
				-0.05,
				1.09887
			],
			[
				-0.04,
				1.11212
			],
			[
				-0.03,
				1.12537
			],
			[
				-0.02,
				1.13862
			],
			[
				-0.01,
				1.15186
			],
			[
				0.0,
				1.16511
			]
		]
	}
}
