{
	"ID": 266,
	"name": "VACODYM_837TP_150C",
	"conductivity": 0.0,
	"relPermeability": 1.0,
	"remanence": 0.0,
	"linear": false,
	"BHCurve": {
		"default": [
			[
				-0.414312,
				0.0
			],
			[
				-0.41389600000000004,
				0.0188737
			],
			[
				-0.41289600000000004,
				0.0642659
			],
			[
				-0.41189600000000004,
				0.109658
			],
			[
				-0.41089600000000004,
				0.15505
			],
			[
				-0.40989600000000004,
				0.200442
			],
			[
				-0.40889600000000004,
				0.245835
			],
			[
				-0.40789600000000004,
				0.291227
			],
			[
				-0.40689600000000004,
				0.336619
			],
			[
				-0.40589600000000003,
				0.382011
			],
			[
				-0.40489600000000003,
				0.427403
			],
			[
				-0.40389600000000003,
				0.477242
			],
			[
				-0.40289600000000003,
				0.527382
			],
			[
				-0.40189600000000003,
				0.55285
			],
			[
				-0.40089600000000003,
				0.564716
			],
			[
				-0.39989600000000003,
				0.572724
			],
			[
				-0.39889600000000003,
				0.578571
			],
			[
				-0.397896,
				0.583642
			],
			[
				-0.396896,
				0.588264
			],
			[
				-0.395896,
				0.592514
			],
			[
				-0.394896,
				0.596545
			],
			[
				-0.393896,
				0.600492
			],
			[
				-0.392896,
				0.604338
			],
			[
				-0.391896,
				0.607982
			],
			[
				-0.390896,
				0.611323
			],
			[
				-0.389896,
				0.614337
			],
			[
				-0.388896,
				0.617178
			],
			[
				-0.387896,
				0.619874
			],
			[
				-0.386896,
				0.622441
			],
			[
				-0.385896,
				0.624896
			],
			[
				-0.384896,
				0.627256
			],
			[
				-0.383896,
				0.629536
			],
			[
				-0.382896,
				0.631755
			],
			[
				-0.381896,
				0.63391
			],
			[
				-0.380896,
				0.63599
			],
			[
				-0.379896,
				0.638003
			],
			[
				-0.378896,
				0.639957
			],
			[
				-0.377896,
				0.641859
			],
			[
				-0.376896,
				0.643717
			],
			[
				-0.375896,
				0.645539
			],
			[
				-0.374896,
				0.647331
			],
			[
				-0.373896,
				0.649103
			],
			[
				-0.372896,
				0.650861
			],
			[
				-0.371896,
				0.652594
			],
			[
				-0.370896,
				0.654299
			],
			[
				-0.369896,
				0.655975
			],
			[
				-0.368896,
				0.657624
			],
			[
				-0.367896,
				0.659246
			],
			[
				-0.366896,
				0.660842
			],
			[
				-0.365896,
				0.662412
			],
			[
				-0.364896,
				0.663958
			],
			[
				-0.363896,
				0.66548
			],
			[
				-0.362896,
				0.66698
			],
			[
				-0.361896,
				0.668463
			],
			[
				-0.360896,
				0.66993
			],
			[
				-0.359896,
				0.671383
			],
			[
				-0.358896,
				0.672822
			],
			[
				-0.357896,
				0.674247
			],
			[
				-0.356896,
				0.675659
			],
			[
				-0.355896,
				0.677059
			],
			[
				-0.354896,
				0.678448
			],
			[
				-0.353896,
				0.679826
			],
			[
				-0.352896,
				0.681195
			],
			[
				-0.35189600000000004,
				0.682553
			],
			[
				-0.35089600000000004,
				0.683903
			],
			[
				-0.34989600000000004,
				0.685246
			],
			[
				-0.34889600000000004,
				0.686581
			],
			[
				-0.34789600000000004,
				0.687909
			],
			[
				-0.34689600000000004,
				0.689231
			],
			[
				-0.34589600000000004,
				0.690548
			],
			[
				-0.34489600000000004,
				0.691861
			],
			[
				-0.34389600000000003,
				0.693169
			],
			[
				-0.34289600000000003,
				0.694475
			],
			[
				-0.34189600000000003,
				0.695778
			],
			[
				-0.34089600000000003,
				0.697079
			],
			[
				-0.34,
				0.698244
			],
			[
				-0.33,
				0.711327
			],
			[
				-0.32,
				0.724791
			],
			[
				-0.31,
				0.738286
			],
			[
				-0.3,
				0.751782
			],
			[
				-0.29,
				0.765278
			],
			[
				-0.28,
				0.778773
			],
			[
				-0.27,
				0.792269
			],
			[
				-0.26,
				0.805764
			],
			[
				-0.25,
				0.81926
			],
			[
				-0.24,
				0.832756
			],
			[
				-0.23,
				0.846251
			],
			[
				-0.22,
				0.859747
			],
			[
				-0.21,
				0.873242
			],
			[
				-0.2,
				0.886738
			],
			[
				-0.19,
				0.900234
			],
			[
				-0.18,
				0.913729
			],
			[
				-0.17,
				0.927225
			],
			[
				-0.16,
				0.94072
			],
			[
				-0.15,
				0.954216
			],
			[
				-0.14,
				0.967712
			],
			[
				-0.13,
				0.981207
			],
			[
				-0.12,
				0.994703
			],
			[
				-0.11,
				1.0082
			],
			[
				-0.1,
				1.02169
			],
			[
				-0.09,
				1.03519
			],
			[
				-0.08,
				1.04869
			],
			[
				-0.07,
				1.06218
			],
			[
				-0.06,
				1.07568
			],
			[
				-0.05,
				1.08917
			],
			[
				-0.04,
				1.10267
			],
			[
				-0.03,
				1.11616
			],
			[
				-0.02,
				1.12966
			],
			[
				-0.01,
				1.14315
			],
			[
				0.0,
				1.15665
			]
		]
	}
}
