{
	"ID": 277,
	"name": "VACODYM_854TP_100C",
	"conductivity": 0.0,
	"relPermeability": 1.0,
	"remanence": 0.0,
	"linear": false,
	"BHCurve": {
		"default": [
			[
				-0.898736,
				0.0
			],
			[
				-0.8986559999999999,
				0.000166973
			],
			[
				-0.8976559999999999,
				0.00221717
			],
			[
				-0.8966559999999999,
				0.00423024
			],
			[
				-0.8956559999999999,
				0.0062096
			],
			[
				-0.8946559999999999,
				0.00815864
			],
			[
				-0.8936559999999999,
				0.0100807
			],
			[
				-0.8926559999999999,
				0.0119793
			],
			[
				-0.891656,
				0.0138578
			],
			[
				-0.890656,
				0.0157195
			],
			[
				-0.889656,
				0.0175668
			],
			[
				-0.888656,
				0.0193899
			],
			[
				-0.887656,
				0.0211864
			],
			[
				-0.886656,
				0.0229578
			],
			[
				-0.885656,
				0.0247055
			],
			[
				-0.884656,
				0.0264311
			],
			[
				-0.883656,
				0.028136
			],
			[
				-0.882656,
				0.0298216
			],
			[
				-0.881656,
				0.0314896
			],
			[
				-0.880656,
				0.0331412
			],
			[
				-0.879656,
				0.0347781
			],
			[
				-0.878656,
				0.0364017
			],
			[
				-0.877656,
				0.0380134
			],
			[
				-0.876656,
				0.0396147
			],
			[
				-0.875656,
				0.0412071
			],
			[
				-0.874656,
				0.0427921
			],
			[
				-0.873656,
				0.0443712
			],
			[
				-0.872656,
				0.0459458
			],
			[
				-0.871656,
				0.0475173
			],
			[
				-0.870656,
				0.0490837
			],
			[
				-0.869656,
				0.050639
			],
			[
				-0.868656,
				0.0521835
			],
			[
				-0.867656,
				0.0537176
			],
			[
				-0.866656,
				0.0552416
			],
			[
				-0.865656,
				0.056756
			],
			[
				-0.864656,
				0.0582609
			],
			[
				-0.863656,
				0.0597568
			],
			[
				-0.862656,
				0.0612441
			],
			[
				-0.861656,
				0.0627231
			],
			[
				-0.860656,
				0.0641941
			],
			[
				-0.859656,
				0.0656575
			],
			[
				-0.858656,
				0.0671137
			],
			[
				-0.857656,
				0.068563
			],
			[
				-0.856656,
				0.0700057
			],
			[
				-0.855656,
				0.0714422
			],
			[
				-0.854656,
				0.0728729
			],
			[
				-0.853656,
				0.0742982
			],
			[
				-0.852656,
				0.0757183
			],
			[
				-0.851656,
				0.0771341
			],
			[
				-0.850656,
				0.0785457
			],
			[
				-0.849656,
				0.0799532
			],
			[
				-0.848656,
				0.0813568
			],
			[
				-0.847656,
				0.0827564
			],
			[
				-0.846656,
				0.0841522
			],
			[
				-0.845656,
				0.0855442
			],
			[
				-0.844656,
				0.0869325
			],
			[
				-0.843656,
				0.0883172
			],
			[
				-0.842656,
				0.0896983
			],
			[
				-0.841656,
				0.091076
			],
			[
				-0.840656,
				0.0924503
			],
			[
				-0.839656,
				0.0938212
			],
			[
				-0.838656,
				0.0951889
			],
			[
				-0.837656,
				0.0965535
			],
			[
				-0.836656,
				0.0979149
			],
			[
				-0.835656,
				0.0992733
			],
			[
				-0.834656,
				0.100629
			],
			[
				-0.833656,
				0.101981
			],
			[
				-0.832656,
				0.103331
			],
			[
				-0.831656,
				0.104678
			],
			[
				-0.830656,
				0.106022
			],
			[
				-0.829656,
				0.107364
			],
			[
				-0.828656,
				0.108704
			],
			[
				-0.827656,
				0.110041
			],
			[
				-0.826656,
				0.111375
			],
			[
				-0.825656,
				0.112707
			],
			[
				-0.824656,
				0.114037
			],
			[
				-0.8236559999999999,
				0.115365
			],
			[
				-0.8226559999999999,
				0.116691
			],
			[
				-0.8216559999999999,
				0.118015
			],
			[
				-0.8206559999999999,
				0.119337
			],
			[
				-0.8196559999999999,
				0.120657
			],
			[
				-0.8186559999999999,
				0.121976
			],
			[
				-0.8176559999999999,
				0.123292
			],
			[
				-0.8166559999999999,
				0.124607
			],
			[
				-0.8156559999999999,
				0.125921
			],
			[
				-0.8146559999999999,
				0.127233
			],
			[
				-0.8136559999999999,
				0.128544
			],
			[
				-0.8126559999999999,
				0.129853
			],
			[
				-0.8116559999999999,
				0.131161
			],
			[
				-0.8106559999999999,
				0.132468
			],
			[
				-0.8096559999999999,
				0.133774
			],
			[
				-0.8086559999999999,
				0.135079
			],
			[
				-0.8076559999999999,
				0.136383
			],
			[
				-0.8066559999999999,
				0.137687
			],
			[
				-0.8056559999999999,
				0.138989
			],
			[
				-0.8046559999999999,
				0.140291
			],
			[
				-0.8036559999999999,
				0.141592
			],
			[
				-0.8026559999999999,
				0.142892
			],
			[
				-0.8016559999999999,
				0.144192
			],
			[
				-0.8006559999999999,
				0.145492
			],
			[
				-0.7996559999999999,
				0.146791
			],
			[
				-0.7986559999999999,
				0.14809
			],
			[
				-0.7976559999999999,
				0.149388
			],
			[
				-0.7966559999999999,
				0.150687
			],
			[
				-0.7956559999999999,
				0.151986
			],
			[
				-0.7946559999999999,
				0.153284
			],
			[
				-0.7936559999999999,
				0.154583
			],
			[
				-0.7926559999999999,
				0.155882
			],
			[
				-0.7916559999999999,
				0.157181
			],
			[
				-0.7906559999999999,
				0.158481
			],
			[
				-0.7896559999999999,
				0.159781
			],
			[
				-0.7886559999999999,
				0.161081
			],
			[
				-0.7876559999999999,
				0.162382
			],
			[
				-0.7866559999999999,
				0.163684
			],
			[
				-0.7856559999999999,
				0.164986
			],
			[
				-0.7846559999999999,
				0.166289
			],
			[
				-0.7836559999999999,
				0.167593
			],
			[
				-0.7826559999999999,
				0.168898
			],
			[
				-0.7816559999999999,
				0.170204
			],
			[
				-0.7806559999999999,
				0.171511
			],
			[
				-0.7796559999999999,
				0.172819
			],
			[
				-0.7786559999999999,
				0.174129
			],
			[
				-0.7776559999999999,
				0.17544
			],
			[
				-0.7766559999999999,
				0.176752
			],
			[
				-0.7756559999999999,
				0.178065
			],
			[
				-0.7746559999999999,
				0.17938
			],
			[
				-0.7736559999999999,
				0.180697
			],
			[
				-0.7726559999999999,
				0.182015
			],
			[
				-0.7716559999999999,
				0.183335
			],
			[
				-0.7706559999999999,
				0.184657
			],
			[
				-0.7696559999999999,
				0.185981
			],
			[
				-0.7686559999999999,
				0.187307
			],
			[
				-0.7676559999999999,
				0.188635
			],
			[
				-0.766656,
				0.189964
			],
			[
				-0.765656,
				0.191292
			],
			[
				-0.764656,
				0.192621
			],
			[
				-0.763656,
				0.19395
			],
			[
				-0.762656,
				0.195279
			],
			[
				-0.761656,
				0.196608
			],
			[
				-0.760656,
				0.197936
			],
			[
				-0.76,
				0.198808
			],
			[
				-0.75,
				0.212096
			],
			[
				-0.74,
				0.225384
			],
			[
				-0.73,
				0.238672
			],
			[
				-0.72,
				0.25196
			],
			[
				-0.71,
				0.265248
			],
			[
				-0.7,
				0.278536
			],
			[
				-0.69,
				0.291825
			],
			[
				-0.68,
				0.305113
			],
			[
				-0.67,
				0.318401
			],
			[
				-0.66,
				0.331689
			],
			[
				-0.65,
				0.344977
			],
			[
				-0.64,
				0.358265
			],
			[
				-0.63,
				0.371553
			],
			[
				-0.62,
				0.384841
			],
			[
				-0.61,
				0.398129
			],
			[
				-0.6,
				0.411417
			],
			[
				-0.59,
				0.424705
			],
			[
				-0.58,
				0.437993
			],
			[
				-0.57,
				0.451281
			],
			[
				-0.56,
				0.464569
			],
			[
				-0.55,
				0.477857
			],
			[
				-0.54,
				0.491145
			],
			[
				-0.53,
				0.504433
			],
			[
				-0.52,
				0.517721
			],
			[
				-0.51,
				0.531009
			],
			[
				-0.5,
				0.544297
			],
			[
				-0.49,
				0.557586
			],
			[
				-0.48,
				0.570874
			],
			[
				-0.47,
				0.584162
			],
			[
				-0.46,
				0.59745
			],
			[
				-0.45,
				0.610738
			],
			[
				-0.44,
				0.624026
			],
			[
				-0.43,
				0.637314
			],
			[
				-0.42,
				0.650602
			],
			[
				-0.41,
				0.66389
			],
			[
				-0.4,
				0.677178
			],
			[
				-0.39,
				0.690466
			],
			[
				-0.38,
				0.703754
			],
			[
				-0.37,
				0.717042
			],
			[
				-0.36,
				0.73033
			],
			[
				-0.35,
				0.743618
			],
			[
				-0.34,
				0.756906
			],
			[
				-0.33,
				0.770194
			],
			[
				-0.32,
				0.783482
			],
			[
				-0.31,
				0.79677
			],
			[
				-0.3,
				0.810058
			],
			[
				-0.29,
				0.823347
			],
			[
				-0.28,
