{
	"ID": 263,
	"name": "VACODYM_837AP_80C",
	"conductivity": 0.0,
	"relPermeability": 1.0,
	"remanence": 0.0,
	"linear": false,
	"BHCurve": {
		"default": [
			[
				-0.885032,
				0.0
			],
			[
				-0.8843179999999999,
				0.00227317
			],
			[
				-0.8833179999999999,
				0.00535301
			],
			[
				-0.8823179999999999,
				0.00835992
			],
			[
				-0.8813179999999999,
				0.0113222
			],
			[
				-0.8803179999999999,
				0.0142667
			],
			[
				-0.8793179999999999,
				0.0171894
			],
			[
				-0.8783179999999999,
				0.020072
			],
			[
				-0.8773179999999999,
				0.0228987
			],
			[
				-0.8763179999999999,
				0.0256536
			],
			[
				-0.8753179999999999,
				0.0283208
			],
			[
				-0.8743179999999999,
				0.0308842
			],
			[
				-0.873318,
				0.0333282
			],
			[
				-0.872318,
				0.035679
			],
			[
				-0.871318,
				0.0379714
			],
			[
				-0.870318,
				0.0402088
			],
			[
				-0.869318,
				0.0423947
			],
			[
				-0.868318,
				0.0445325
			],
			[
				-0.867318,
				0.0466257
			],
			[
				-0.866318,
				0.0486779
			],
			[
				-0.865318,
				0.0506924
			],
			[
				-0.864318,
				0.0526728
			],
			[
				-0.863318,
				0.0546225
			],
			[
				-0.862318,
				0.0565449
			],
			[
				-0.861318,
				0.0584437
			],
			[
				-0.860318,
				0.0603222
			],
			[
				-0.859318,
				0.0621839
			],
			[
				-0.858318,
				0.0640308
			],
			[
				-0.857318,
				0.0658525
			],
			[
				-0.856318,
				0.0676475
			],
			[
				-0.855318,
				0.0694172
			],
			[
				-0.854318,
				0.0711631
			],
			[
				-0.853318,
				0.0728867
			],
			[
				-0.852318,
				0.0745896
			],
			[
				-0.851318,
				0.0762732
			],
			[
				-0.850318,
				0.0779391
			],
			[
				-0.849318,
				0.0795888
			],
			[
				-0.848318,
				0.0812237
			],
			[
				-0.847318,
				0.0828454
			],
			[
				-0.846318,
				0.0844555
			],
			[
				-0.845318,
				0.0860553
			],
			[
				-0.844318,
				0.0876464
			],
			[
				-0.843318,
				0.0892304
			],
			[
				-0.842318,
				0.0908087
			],
			[
				-0.841318,
				0.0923828
			],
			[
				-0.840318,
				0.0939542
			],
			[
				-0.839318,
				0.0955178
			],
			[
				-0.838318,
				0.0970702
			],
			[
				-0.837318,
				0.0986116
			],
			[
				-0.836318,
				0.100142
			],
			[
				-0.835318,
				0.101663
			],
			[
				-0.834318,
				0.103174
			],
			[
				-0.833318,
				0.104676
			],
			[
				-0.832318,
				0.106168
			],
			[
				-0.831318,
				0.107653
			],
			[
				-0.830318,
				0.109128
			],
			[
				-0.829318,
				0.110597
			],
			[
				-0.828318,
				0.112057
			],
			[
				-0.827318,
				0.113511
			],
			[
				-0.826318,
				0.114958
			],
			[
				-0.825318,
				0.116399
			],
			[
				-0.824318,
				0.117834
			],
			[
				-0.823318,
				0.119263
			],
			[
				-0.822318,
				0.120688
			],
			[
				-0.821318,
				0.122108
			],
			[
				-0.820318,
				0.123523
			],
			[
				-0.819318,
				0.124935
			],
			[
				-0.818318,
				0.126342
			],
			[
				-0.817318,
				0.127746
			],
			[
				-0.816318,
				0.129145
			],
			[
				-0.815318,
				0.130541
			],
			[
				-0.814318,
				0.131933
			],
			[
				-0.813318,
				0.133321
			],
			[
				-0.812318,
				0.134706
			],
			[
				-0.811318,
				0.136087
			],
			[
				-0.810318,
				0.137464
			],
			[
				-0.809318,
				0.138839
			],
			[
				-0.808318,
				0.14021
			],
			[
				-0.807318,
				0.141578
			],
			[
				-0.806318,
				0.142942
			],
			[
				-0.805318,
				0.144304
			],
			[
				-0.804318,
				0.145663
			],
			[
				-0.803318,
				0.147018
			],
			[
				-0.802318,
				0.148371
			],
			[
				-0.801318,
				0.149722
			],
			[
				-0.800318,
				0.151069
			],
			[
				-0.799318,
				0.152414
			],
			[
				-0.798318,
				0.153757
			],
			[
				-0.797318,
				0.155097
			],
			[
				-0.796318,
				0.156435
			],
			[
				-0.795318,
				0.15777
			],
			[
				-0.794318,
				0.159103
			],
			[
				-0.793318,
				0.160434
			],
			[
				-0.792318,
				0.161763
			],
			[
				-0.791318,
				0.163091
			],
			[
				-0.790318,
				0.164416
			],
			[
				-0.789318,
				0.165739
			],
			[
				-0.788318,
				0.167061
			],
			[
				-0.787318,
				0.168381
			],
			[
				-0.786318,
				0.1697
			],
			[
				-0.785318,
				0.171017
			],
			[
				-0.784318,
				0.172333
			],
			[
				-0.783318,
				0.173647
			],
			[
				-0.782318,
				0.17496
			],
			[
				-0.781318,
				0.176272
			],
			[
				-0.780318,
				0.177583
			],
			[
				-0.779318,
				0.178892
			],
			[
				-0.778318,
				0.180201
			],
			[
				-0.777318,
				0.181509
			],
			[
				-0.776318,
				0.182817
			],
			[
				-0.775318,
				0.184123
			],
			[
				-0.774318,
				0.185429
			],
			[
				-0.773318,
				0.186734
			],
			[
				-0.772318,
				0.188039
			],
			[
				-0.771318,
				0.189344
			],
			[
				-0.770318,
				0.190648
			],
			[
				-0.769318,
				0.191952
			],
			[
				-0.768318,
				0.193255
			],
			[
				-0.767318,
				0.194559
			],
			[
				-0.7663179999999999,
				0.195863
			],
			[
				-0.7653179999999999,
				0.197167
			],
			[
				-0.7643179999999999,
				0.198471
			],
			[
				-0.7633179999999999,
				0.199775
			],
			[
				-0.7623179999999999,
				0.201079
			],
			[
				-0.7613179999999999,
				0.202384
			],
			[
				-0.7603179999999999,
				0.20369
			],
			[
				-0.7593179999999999,
				0.204995
			],
			[
				-0.7583179999999999,
				0.206302
			],
			[
				-0.7573179999999999,
				0.207609
			],
			[
				-0.7563179999999999,
				0.208917
			],
			[
				-0.7553179999999999,
				0.210226
			],
			[
				-0.7543179999999999,
				0.211536
			],
			[
				-0.7533179999999999,
				0.212847
			],
			[
				-0.7523179999999999,
				0.214159
			],
			[
				-0.7513179999999999,
				0.215472
			],
			[
				-0.7503179999999999,
				0.216786
			],
			[
				-0.7493179999999999,
				0.218102
			],
			[
				-0.748318,
				0.219419
			],
			[
				-0.747318,
				0.220738
			],
			[
				-0.746318,
				0.222058
			],
			[
				-0.745318,
				0.22338
			],
			[
				-0.744318,
				0.224703
			],
			[
				-0.743318,
				0.226028
			],
			[
				-0.742318,
				0.227356
			],
			[
				-0.741318,
				0.228685
			],
			[
				-0.740318,
				0.230016
			],
			[
				-0.739318,
				0.231349
			],
			[
				-0.738318,
				0.232682
			],
			[
				-0.737318,
				0.234015
			],
			[
				-0.736318,
				0.235348
			],
			[
				-0.735318,
				0.236681
			],
			[
				-0.73,
				0.24377
			],
			[
				-0.72,
				0.257101
			],
			[
				-0.71,
				0.270432
			],
			[
				-0.7,
				0.283763
			],
			[
				-0.69,
				0.297094
			],
			[
				-0.68,
				0.310424
			],
			[
				-0.67,
				0.323755
			],
			[
				-0.66,
				0.337086
			],
			[
				-0.65,
				0.350417
			],
			[
				-0.64,
				0.363748
			],
			[
				-0.63,
				0.377078
			],
			[
				-0.62,
				0.390409
			],
			[
				-0.61,
				0.40374
			],
			[
				-0.6,
				0.417071
			],
			[
				-0.59,
				0.430402
			],
			[
				-0.58,
				0.443733
			],
			[
				-0.57,
				0.457063
			],
			[
				-0.56,
				0.470394
			],
			[
				-0.55,
				0.483725
			],
			[
				-0.54,
				0.497056
			],
			[
				-0.53,
				0.510387
			],
			[
				-0.52,
				0.523717
			],
			[
				-0.51,
				0.537048
			],
			[
				-0.5,
				0.550379
			],
			[
				-0.49,
				0.56371
			],
			[
				-0.48,
				0.577041
			],
			[
				-0.47,
				0.590372
			],
			[
				-0.46,
				0.603702
			],
			[
				-0.45,
				0.617033
			],
			[
				-0.44,
				0.630364
			],
			[
				-0.43,
				0.643695
			],
			[
				-0.42,
				0.657026
			],
			[
				-0.41,
				0.670356
			],
			[
				-0.4,
				0.683687
			],
			[
				-0.39,
				0.697018
			],
			[
				-0.38,
				0.710349
			],
			[
				-0.37,
				0.72368
			],
			[
				-0.36,
				0.737011
			],
			[
				-0.35,
				0.750341
			],
			[
				-0.34,
				0.763672
			],
			[
				-0.33,
				0.777003
			],
			[
				-0.32,
				0.790334
			],
			[
				-0.31,
				0.803665
			],
			[
				-0.3,
				0.816995
			],
			[
				-0.29,
				0.830326
			],
			[
				-0.28,
				0.843657
			],
			[
				-0.27,
