{
	"ID": 146,
	"name": "VACODYM_655AP_80C",
	"conductivity": 0.0,
	"relPermeability": 1.0,
	"remanence": 0.0,
	"linear": false,
	"BHCurve": {
		"default": [
			[
				-0.852161,
				0.0
			],
			[
				-0.85,
				0.0028805
			],
			[
				-0.84,
				0.0162113
			],
			[
				-0.83,
				0.0295421
			],
			[
				-0.82,
				0.042873
			],
			[
				-0.81,
				0.0562038
			],
			[
				-0.8,
				0.0695346
			],
			[
				-0.79,
				0.0828654
			],
			[
				-0.78,
				0.0961962
			],
			[
				-0.77,
				0.109527
			],
			[
				-0.76,
				0.122858
			],
			[
				-0.75,
				0.136189
			],
			[
				-0.74,
				0.149519
			],
			[
				-0.73,
				0.16285
			],
			[
				-0.72,
				0.176181
			],
			[
				-0.71,
				0.189512
			],
			[
				-0.7,
				0.202843
			],
			[
				-0.69,
				0.216174
			],
			[
				-0.68,
				0.229504
			],
			[
				-0.67,
				0.242835
			],
			[
				-0.66,
				0.256166
			],
			[
				-0.65,
				0.269497
			],
			[
				-0.64,
				0.282828
			],
			[
				-0.63,
				0.296158
			],
			[
				-0.62,
				0.309489
			],
			[
				-0.61,
				0.32282
			],
			[
				-0.6,
				0.336151
			],
			[
				-0.59,
				0.349482
			],
			[
				-0.58,
				0.362813
			],
			[
				-0.57,
				0.376143
			],
			[
				-0.56,
				0.389474
			],
			[
				-0.55,
				0.402805
			],
			[
				-0.54,
				0.416136
			],
			[
				-0.53,
				0.429467
			],
			[
				-0.52,
				0.442797
			],
			[
				-0.51,
				0.456128
			],
			[
				-0.5,
				0.469459
			],
			[
				-0.49,
				0.48279
			],
			[
				-0.48,
				0.496121
			],
			[
				-0.47,
				0.509452
			],
			[
				-0.46,
				0.522782
			],
			[
				-0.45,
				0.536113
			],
			[
				-0.44,
				0.549444
			],
			[
				-0.43,
				0.562775
			],
			[
				-0.42,
				0.576106
			],
			[
				-0.41,
				0.589436
			],
			[
				-0.4,
				0.602767
			],
			[
				-0.39,
				0.616098
			],
			[
				-0.38,
				0.629429
			],
			[
				-0.37,
				0.64276
			],
			[
				-0.36,
				0.656091
			],
			[
				-0.35,
				0.669421
			],
			[
				-0.34,
				0.682752
			],
			[
				-0.33,
				0.696083
			],
			[
				-0.32,
				0.709414
			],
			[
				-0.31,
				0.722745
			],
			[
				-0.3,
				0.736075
			],
			[
				-0.29,
				0.749406
			],
			[
				-0.28,
				0.762737
			],
			[
				-0.27,
				0.776068
			],
			[
				-0.26,
				0.789399
			],
			[
				-0.25,
				0.80273
			],
			[
				-0.24,
				0.81606
			],
			[
				-0.23,
				0.829391
			],
			[
				-0.22,
				0.842722
			],
			[
				-0.21,
				0.856053
			],
			[
				-0.2,
				0.869384
			],
			[
				-0.19,
				0.882714
			],
			[
				-0.18,
				0.896045
			],
			[
				-0.17,
				0.909376
			],
			[
				-0.16,
				0.922707
			],
			[
				-0.15,
				0.936038
			],
			[
				-0.14,
				0.949369
			],
			[
				-0.13,
				0.962699
			],
			[
				-0.12,
				0.97603
			],
			[
				-0.11,
				0.989361
			],
			[
				-0.1,
				1.00269
			],
			[
				-0.09,
				1.01602
			],
			[
				-0.08,
				1.02935
			],
			[
				-0.07,
				1.04268
			],
			[
				-0.06,
				1.05602
			],
			[
				-0.05,
				1.06935
			],
			[
				-0.04,
				1.08268
			],
			[
				-0.03,
				1.09601
			],
			[
				-0.02,
				1.10934
			],
			[
				-0.01,
				1.12267
			],
			[
				0.0,
				1.136
			]
		]
	}
}
