{
	"ID": 339,
	"name": "VACODYM_881TP_120C",
	"conductivity": 0.0,
	"relPermeability": 0.0,
	"remanence": "no information",
	"linear": false,
	"BHCurve": {
		"default": [
			[
				-0.824054,
				0.0
			],
			[
				-0.82,
				0.00542033
			],
			[
				-0.81,
				0.0187914
			],
			[
				-0.8,
				0.0321625
			],
			[
				-0.79,
				0.0455335
			],
			[
				-0.78,
				0.0589046
			],
			[
				-0.77,
				0.0722757
			],
			[
				-0.76,
				0.0856467
			],
			[
				-0.75,
				0.0990178
			],
			[
				-0.74,
				0.112389
			],
			[
				-0.73,
				0.12576
			],
			[
				-0.72,
				0.139131
			],
			[
				-0.71,
				0.152502
			],
			[
				-0.7,
				0.165873
			],
			[
				-0.69,
				0.179244
			],
			[
				-0.68,
				0.192615
			],
			[
				-0.67,
				0.205986
			],
			[
				-0.66,
				0.219357
			],
			[
				-0.65,
				0.232729
			],
			[
				-0.64,
				0.2461
			],
			[
				-0.63,
				0.259471
			],
			[
				-0.62,
				0.272842
			],
			[
				-0.61,
				0.286213
			],
			[
				-0.6,
				0.299584
			],
			[
				-0.59,
				0.312955
			],
			[
				-0.58,
				0.326326
			],
			[
				-0.57,
				0.339697
			],
			[
				-0.56,
				0.353068
			],
			[
				-0.55,
				0.366439
			],
			[
				-0.54,
				0.37981
			],
			[
				-0.53,
				0.393181
			],
			[
				-0.52,
				0.406552
			],
			[
				-0.51,
				0.419923
			],
			[
				-0.5,
				0.433295
			],
			[
				-0.49,
				0.446666
			],
			[
				-0.48,
				0.460037
			],
			[
				-0.47,
				0.473408
			],
			[
				-0.46,
				0.486779
			],
			[
				-0.45,
				0.50015
			],
			[
				-0.44,
				0.513521
			],
			[
				-0.43,
				0.526892
			],
			[
				-0.42,
				0.540263
			],
			[
				-0.41,
				0.553634
			],
			[
				-0.4,
				0.567005
			],
			[
				-0.39,
				0.580376
			],
			[
				-0.38,
				0.593747
			],
			[
				-0.37,
				0.607118
			],
			[
				-0.36,
				0.62049
			],
			[
				-0.35,
				0.633861
			],
			[
				-0.34,
				0.647232
			],
			[
				-0.33,
				0.660603
			],
			[
				-0.32,
				0.673974
			],
			[
				-0.31,
				0.687345
			],
			[
				-0.3,
				0.700716
			],
			[
				-0.29,
				0.714087
			],
			[
				-0.28,
				0.727458
			],
			[
				-0.27,
				0.740829
			],
			[
				-0.26,
				0.7542
			],
			[
				-0.25,
				0.767571
			],
			[
				-0.24,
				0.780942
			],
			[
				-0.23,
				0.794313
			],
			[
				-0.22,
				0.807684
			],
			[
				-0.21,
				0.821056
			],
			[
				-0.2,
				0.834427
			],
			[
				-0.19,
				0.847798
			],
			[
				-0.18,
				0.861169
			],
			[
				-0.17,
				0.87454
			],
			[
				-0.16,
				0.887911
			],
			[
				-0.15,
				0.901282
			],
			[
				-0.14,
				0.914653
			],
			[
				-0.13,
				0.928024
			],
			[
				-0.12,
				0.941395
			],
			[
				-0.11,
				0.954766
			],
			[
				-0.1,
				0.968137
			],
			[
				-0.09,
				0.981508
			],
			[
				-0.08,
				0.994879
			],
			[
				-0.07,
				1.00825
			],
			[
				-0.06,
				1.02162
			],
			[
				-0.05,
				1.03499
			],
			[
				-0.04,
				1.04836
			],
			[
				-0.03,
				1.06173
			],
			[
				-0.02,
				1.07511
			],
			[
				-0.01,
				1.08848
			],
			[
				0.0,
				1.10185
			]
		]
	}
}
