{
	"ID": 273,
	"name": "VACODYM_854AP_180C",
	"conductivity": 0.0,
	"relPermeability": 0.0,
	"remanence": "no information",
	"linear": false,
	"BHCurve": {
		"default": [
			[
				-0.404915,
				0.0
			],
			[
				-0.404689,
				0.00885287
			],
			[
				-0.403689,
				0.0479903
			],
			[
				-0.402689,
				0.0871277
			],
			[
				-0.401689,
				0.126265
			],
			[
				-0.400689,
				0.165402
			],
			[
				-0.399689,
				0.20454
			],
			[
				-0.398689,
				0.243677
			],
			[
				-0.397689,
				0.282815
			],
			[
				-0.396689,
				0.322299
			],
			[
				-0.395689,
				0.367454
			],
			[
				-0.394689,
				0.403439
			],
			[
				-0.393689,
				0.419466
			],
			[
				-0.392689,
				0.429408
			],
			[
				-0.391689,
				0.436342
			],
			[
				-0.390689,
				0.441719
			],
			[
				-0.389689,
				0.446631
			],
			[
				-0.388689,
				0.451085
			],
			[
				-0.387689,
				0.455244
			],
			[
				-0.386689,
				0.459268
			],
			[
				-0.385689,
				0.463216
			],
			[
				-0.384689,
				0.466988
			],
			[
				-0.383689,
				0.47048
			],
			[
				-0.382689,
				0.473609
			],
			[
				-0.381689,
				0.476525
			],
			[
				-0.380689,
				0.479285
			],
			[
				-0.379689,
				0.481907
			],
			[
				-0.378689,
				0.484408
			],
			[
				-0.377689,
				0.486806
			],
			[
				-0.376689,
				0.489118
			],
			[
				-0.375689,
				0.491364
			],
			[
				-0.374689,
				0.493544
			],
			[
				-0.37368900000000005,
				0.495647
			],
			[
				-0.37268900000000005,
				0.497679
			],
			[
				-0.37168900000000005,
				0.49965
			],
			[
				-0.37068900000000005,
				0.501566
			],
			[
				-0.36968900000000005,
				0.503436
			],
			[
				-0.36868900000000004,
				0.505268
			],
			[
				-0.36768900000000004,
				0.50707
			],
			[
				-0.36668900000000004,
				0.508851
			],
			[
				-0.36568900000000004,
				0.510617
			],
			[
				-0.36468900000000004,
				0.512355
			],
			[
				-0.36368900000000004,
				0.514061
			],
			[
				-0.36268900000000004,
				0.515737
			],
			[
				-0.36168900000000004,
				0.517385
			],
			[
				-0.36068900000000004,
				0.519006
			],
			[
				-0.35968900000000004,
				0.520602
			],
			[
				-0.35868900000000004,
				0.522173
			],
			[
				-0.35768900000000003,
				0.523723
			],
			[
				-0.35668900000000003,
				0.525251
			],
			[
				-0.35568900000000003,
				0.526762
			],
			[
				-0.35468900000000003,
				0.528257
			],
			[
				-0.35368900000000003,
				0.529737
			],
			[
				-0.35268900000000003,
				0.531204
			],
			[
				-0.35168900000000003,
				0.532657
			],
			[
				-0.35068900000000003,
				0.534098
			],
			[
				-0.349689,
				0.535526
			],
			[
				-0.348689,
				0.536943
			],
			[
				-0.347689,
				0.53835
			],
			[
				-0.346689,
				0.539747
			],
			[
				-0.345689,
				0.541134
			],
			[
				-0.344689,
				0.542513
			],
			[
				-0.343689,
				0.543884
			],
			[
				-0.342689,
				0.545248
			],
			[
				-0.341689,
				0.546605
			],
			[
				-0.340689,
				0.547956
			],
			[
				-0.339689,
				0.549302
			],
			[
				-0.338689,
				0.550643
			],
			[
				-0.337689,
				0.55198
			],
			[
				-0.336689,
				0.553314
			],
			[
				-0.335689,
				0.554645
			],
			[
				-0.334689,
				0.555975
			],
			[
				-0.33,
				0.562202
			],
			[
				-0.32,
				0.575703
			],
			[
				-0.31,
				0.589449
			],
			[
				-0.3,
				0.603195
			],
			[
				-0.29,
				0.616941
			],
			[
				-0.28,
				0.630686
			],
			[
				-0.27,
				0.644432
			],
			[
				-0.26,
				0.658178
			],
			[
				-0.25,
				0.671924
			],
			[
				-0.24,
				0.68567
			],
			[
				-0.23,
				0.699416
			],
			[
				-0.22,
				0.713162
			],
			[
				-0.21,
				0.726908
			],
			[
				-0.2,
				0.740654
			],
			[
				-0.19,
				0.7544
			],
			[
				-0.18,
				0.768146
			],
			[
				-0.17,
				0.781891
			],
			[
				-0.16,
				0.795637
			],
			[
				-0.15,
				0.809383
			],
			[
				-0.14,
				0.823129
			],
			[
				-0.13,
				0.836875
			],
			[
				-0.12,
				0.850621
			],
			[
				-0.11,
				0.864367
			],
			[
				-0.1,
				0.878113
			],
			[
				-0.09,
				0.891859
			],
			[
				-0.08,
				0.905605
			],
			[
				-0.07,
				0.919351
			],
			[
				-0.06,
				0.933097
			],
			[
				-0.05,
				0.946842
			],
			[
				-0.04,
				0.960588
			],
			[
				-0.03,
				0.974334
			],
			[
				-0.02,
				0.98808
			],
			[
				-0.01,
				1.00183
			],
			[
				0.0,
				1.01557
			]
		]
	}
}
