{
	"ID": 218,
	"name": "VACODYM_776AP_150C",
	"conductivity": 0.0,
	"relPermeability": 1.0,
	"remanence": 0.0,
	"linear": false,
	"BHCurve": {
		"default": [
			[
				-0.5575140000000001,
				0.0
			],
			[
				-0.556787,
				0.0305507
			],
			[
				-0.555787,
				0.0725354
			],
			[
				-0.554787,
				0.11452
			],
			[
				-0.553787,
				0.156505
			],
			[
				-0.552787,
				0.200549
			],
			[
				-0.551787,
				0.249723
			],
			[
				-0.550787,
				0.279863
			],
			[
				-0.549787,
				0.291748
			],
			[
				-0.548787,
				0.299604
			],
			[
				-0.547787,
				0.305911
			],
			[
				-0.546787,
				0.311001
			],
			[
				-0.545787,
				0.315339
			],
			[
				-0.544787,
				0.319473
			],
			[
				-0.543787,
				0.32333
			],
			[
				-0.542787,
				0.32696
			],
			[
				-0.541787,
				0.330424
			],
			[
				-0.540787,
				0.333788
			],
			[
				-0.539787,
				0.337111
			],
			[
				-0.538787,
				0.340392
			],
			[
				-0.537787,
				0.343592
			],
			[
				-0.536787,
				0.346674
			],
			[
				-0.535787,
				0.349598
			],
			[
				-0.534787,
				0.352327
			],
			[
				-0.533787,
				0.354903
			],
			[
				-0.532787,
				0.357386
			],
			[
				-0.531787,
				0.359783
			],
			[
				-0.530787,
				0.362103
			],
			[
				-0.529787,
				0.364351
			],
			[
				-0.528787,
				0.366536
			],
			[
				-0.527787,
				0.368665
			],
			[
				-0.526787,
				0.370746
			],
			[
				-0.525787,
				0.372785
			],
			[
				-0.524787,
				0.374791
			],
			[
				-0.523787,
				0.376769
			],
			[
				-0.522787,
				0.378707
			],
			[
				-0.521787,
				0.380601
			],
			[
				-0.520787,
				0.382456
			],
			[
				-0.519787,
				0.384275
			],
			[
				-0.518787,
				0.386062
			],
			[
				-0.517787,
				0.387818
			],
			[
				-0.516787,
				0.389549
			],
			[
				-0.515787,
				0.391256
			],
			[
				-0.514787,
				0.392944
			],
			[
				-0.513787,
				0.394615
			],
			[
				-0.512787,
				0.396274
			],
			[
				-0.511787,
				0.397923
			],
			[
				-0.510787,
				0.399565
			],
			[
				-0.509787,
				0.401196
			],
			[
				-0.508787,
				0.402808
			],
			[
				-0.507787,
				0.404402
			],
			[
				-0.506787,
				0.405979
			],
			[
				-0.505787,
				0.40754
			],
			[
				-0.504787,
				0.409086
			],
			[
				-0.503787,
				0.410618
			],
			[
				-0.502787,
				0.412137
			],
			[
				-0.501787,
				0.413643
			],
			[
				-0.500787,
				0.415139
			],
			[
				-0.499787,
				0.416624
			],
			[
				-0.498787,
				0.4181
			],
			[
				-0.497787,
				0.419567
			],
			[
				-0.496787,
				0.421027
			],
			[
				-0.495787,
				0.42248
			],
			[
				-0.494787,
				0.423924
			],
			[
				-0.493787,
				0.425362
			],
			[
				-0.492787,
				0.426792
			],
			[
				-0.491787,
				0.428215
			],
			[
				-0.490787,
				0.429632
			],
			[
				-0.489787,
				0.431043
			],
			[
				-0.48878699999999997,
				0.432447
			],
			[
				-0.48778699999999997,
				0.433845
			],
			[
				-0.48678699999999997,
				0.435238
			],
			[
				-0.48578699999999997,
				0.436626
			],
			[
				-0.48478699999999997,
				0.438008
			],
			[
				-0.48378699999999997,
				0.439385
			],
			[
				-0.48278699999999997,
				0.440758
			],
			[
				-0.48178699999999997,
				0.442126
			],
			[
				-0.48078699999999996,
				0.44349
			],
			[
				-0.47978699999999996,
				0.44485
			],
			[
				-0.47878699999999996,
				0.446207
			],
			[
				-0.47778699999999996,
				0.44756
			],
			[
				-0.47678699999999996,
				0.448909
			],
			[
				-0.47578699999999996,
				0.450256
			],
			[
				-0.47478699999999996,
				0.4516
			],
			[
				-0.47378699999999996,
				0.452941
			],
			[
				-0.47278699999999996,
				0.45428
			],
			[
				-0.47178699999999996,
				0.455617
			],
			[
				-0.47078699999999996,
				0.456952
			],
			[
				-0.46978699999999995,
				0.458286
			],
			[
				-0.46878699999999995,
				0.459618
			],
			[
				-0.46778699999999995,
				0.460949
			],
			[
				-0.46678699999999995,
				0.46228
			],
			[
				-0.46578699999999995,
				0.46361
			],
			[
				-0.46478699999999995,
				0.464939
			],
			[
				-0.463787,
				0.466268
			],
			[
				-0.462787,
				0.467598
			],
			[
				-0.461787,
				0.468927
			],
			[
				-0.460787,
				0.470258
			],
			[
				-0.459787,
				0.471589
			],
			[
				-0.45,
				0.484709
			],
			[
				-0.44,
				0.49832
			],
			[
				-0.43,
				0.511941
			],
			[
				-0.42,
				0.525563
			],
			[
				-0.41,
				0.539184
			],
			[
				-0.4,
				0.552806
			],
			[
				-0.39,
				0.566427
			],
			[
				-0.38,
				0.580048
			],
			[
				-0.37,
				0.59367
			],
			[
				-0.36,
				0.607291
			],
			[
				-0.35,
				0.620913
			],
			[
				-0.34,
				0.634534
			],
			[
				-0.33,
				0.648155
			],
			[
				-0.32,
				0.661777
			],
			[
				-0.31,
				0.675398
			],
			[
				-0.3,
				0.689019
			],
			[
				-0.29,
				0.702641
			],
			[
				-0.28,
				0.716262
			],
			[
				-0.27,
				0.729884
			],
			[
				-0.26,
				0.743505
			],
			[
				-0.25,
				0.757126
			],
			[
				-0.24,
				0.770748
			],
			[
				-0.23,
				0.784369
			],
			[
				-0.22,
				0.797991
			],
			[
				-0.21,
				0.811612
			],
			[
				-0.2,
				0.825233
			],
			[
				-0.19,
				0.838855
			],
			[
				-0.18,
				0.852476
			],
			[
				-0.17,
				0.866097
			],
			[
				-0.16,
				0.879719
			],
			[
				-0.15,
				0.89334
			],
			[
				-0.14,
				0.906962
			],
			[
				-0.13,
				0.920583
			],
			[
				-0.12,
				0.934204
			],
			[
				-0.11,
				0.947826
			],
			[
				-0.1,
				0.961447
			],
			[
				-0.09,
				0.975069
			],
			[
				-0.08,
				0.98869
			],
			[
				-0.07,
				1.00231
			],
			[
				-0.06,
				1.01593
			],
			[
				-0.05,
				1.02955
			],
			[
				-0.04,
				1.04318
			],
			[
				-0.03,
				1.0568
			],
			[
				-0.02,
				1.07042
			],
			[
				-0.01,
				1.08404
			],
			[
				0.0,
				1.09766
			]
		]
	}
}
