{
	"ID": 261,
	"name": "VACODYM_837AP_20C",
	"conductivity": 0.0,
	"relPermeability": 1.0,
	"remanence": 0.0,
	"linear": false,
	"BHCurve": {
		"default": [
			[
				-0.993444,
				0.0
			],
			[
				-0.99,
				0.00450566
			],
			[
				-0.98,
				0.0175874
			],
			[
				-0.97,
				0.0306692
			],
			[
				-0.96,
				0.0437509
			],
			[
				-0.95,
				0.0568327
			],
			[
				-0.94,
				0.0699145
			],
			[
				-0.93,
				0.0829962
			],
			[
				-0.92,
				0.096078
			],
			[
				-0.91,
				0.10916
			],
			[
				-0.9,
				0.122242
			],
			[
				-0.89,
				0.135323
			],
			[
				-0.88,
				0.148405
			],
			[
				-0.87,
				0.161487
			],
			[
				-0.86,
				0.174569
			],
			[
				-0.85,
				0.18765
			],
			[
				-0.84,
				0.200732
			],
			[
				-0.83,
				0.213814
			],
			[
				-0.82,
				0.226896
			],
			[
				-0.81,
				0.239977
			],
			[
				-0.8,
				0.253059
			],
			[
				-0.79,
				0.266141
			],
			[
				-0.78,
				0.279223
			],
			[
				-0.77,
				0.292304
			],
			[
				-0.76,
				0.305386
			],
			[
				-0.75,
				0.318468
			],
			[
				-0.74,
				0.33155
			],
			[
				-0.73,
				0.344631
			],
			[
				-0.72,
				0.357713
			],
			[
				-0.71,
				0.370795
			],
			[
				-0.7,
				0.383877
			],
			[
				-0.69,
				0.396958
			],
			[
				-0.68,
				0.41004
			],
			[
				-0.67,
				0.423122
			],
			[
				-0.66,
				0.436204
			],
			[
				-0.65,
				0.449286
			],
			[
				-0.64,
				0.462367
			],
			[
				-0.63,
				0.475449
			],
			[
				-0.62,
				0.488531
			],
			[
				-0.61,
				0.501613
			],
			[
				-0.6,
				0.514694
			],
			[
				-0.59,
				0.527776
			],
			[
				-0.58,
				0.540858
			],
			[
				-0.57,
				0.55394
			],
			[
				-0.56,
				0.567021
			],
			[
				-0.55,
				0.580103
			],
			[
				-0.54,
				0.593185
			],
			[
				-0.53,
				0.606267
			],
			[
				-0.52,
				0.619348
			],
			[
				-0.51,
				0.63243
			],
			[
				-0.5,
				0.645512
			],
			[
				-0.49,
				0.658594
			],
			[
				-0.48,
				0.671675
			],
			[
				-0.47,
				0.684757
			],
			[
				-0.46,
				0.697839
			],
			[
				-0.45,
				0.710921
			],
			[
				-0.44,
				0.724003
			],
			[
				-0.43,
				0.737084
			],
			[
				-0.42,
				0.750166
			],
			[
				-0.41,
				0.763248
			],
			[
				-0.4,
				0.77633
			],
			[
				-0.39,
				0.789411
			],
			[
				-0.38,
				0.802493
			],
			[
				-0.37,
				0.815575
			],
			[
				-0.36,
				0.828657
			],
			[
				-0.35,
				0.841738
			],
			[
				-0.34,
				0.85482
			],
			[
				-0.33,
				0.867902
			],
			[
				-0.32,
				0.880984
			],
			[
				-0.31,
				0.894065
			],
			[
				-0.3,
				0.907147
			],
			[
				-0.29,
				0.920229
			],
			[
				-0.28,
				0.933311
			],
			[
				-0.27,
				0.946392
			],
			[
				-0.26,
				0.959474
			],
			[
				-0.25,
				0.972556
			],
			[
				-0.24,
				0.985638
			],
			[
				-0.23,
				0.998719
			],
			[
				-0.22,
				1.0118
			],
			[
				-0.21,
				1.02488
			],
			[
				-0.2,
				1.03796
			],
			[
				-0.19,
				1.05105
			],
			[
				-0.18,
				1.06413
			],
			[
				-0.17,
				1.07721
			],
			[
				-0.16,
				1.09029
			],
			[
				-0.15,
				1.10337
			],
			[
				-0.14,
				1.11646
			],
			[
				-0.13,
				1.12954
			],
			[
				-0.12,
				1.14262
			],
			[
				-0.11,
				1.1557
			],
			[
				-0.1,
				1.16878
			],
			[
				-0.09,
				1.18186
			],
			[
				-0.08,
				1.19495
			],
			[
				-0.07,
				1.20803
			],
			[
				-0.06,
				1.22111
			],
			[
				-0.05,
				1.23419
			],
			[
				-0.04,
				1.24727
			],
			[
				-0.03,
				1.26035
			],
			[
				-0.02,
				1.27344
			],
			[
				-0.01,
				1.28652
			],
			[
				0.0,
				1.2996
			]
		]
	}
}
