{
	"ID": 163,
	"name": "VACODYM_669TP_120C",
	"conductivity": 0.0,
	"relPermeability": 1.0,
	"remanence": 0.0,
	"linear": false,
	"BHCurve": {
		"default": [
			[
				-0.829433,
				0.0
			],
			[
				-0.82,
				0.0126123
			],
			[
				-0.81,
				0.0259834
			],
			[
				-0.8,
				0.0393544
			],
			[
				-0.79,
				0.0527255
			],
			[
				-0.78,
				0.0660966
			],
			[
				-0.77,
				0.0794676
			],
			[
				-0.76,
				0.0928387
			],
			[
				-0.75,
				0.10621
			],
			[
				-0.74,
				0.119581
			],
			[
				-0.73,
				0.132952
			],
			[
				-0.72,
				0.146323
			],
			[
				-0.71,
				0.159694
			],
			[
				-0.7,
				0.173065
			],
			[
				-0.69,
				0.186436
			],
			[
				-0.68,
				0.199807
			],
			[
				-0.67,
				0.213178
			],
			[
				-0.66,
				0.226549
			],
			[
				-0.65,
				0.23992
			],
			[
				-0.64,
				0.253292
			],
			[
				-0.63,
				0.266663
			],
			[
				-0.62,
				0.280034
			],
			[
				-0.61,
				0.293405
			],
			[
				-0.6,
				0.306776
			],
			[
				-0.59,
				0.320147
			],
			[
				-0.58,
				0.333518
			],
			[
				-0.57,
				0.346889
			],
			[
				-0.56,
				0.36026
			],
			[
				-0.55,
				0.373631
			],
			[
				-0.54,
				0.387002
			],
			[
				-0.53,
				0.400373
			],
			[
				-0.52,
				0.413744
			],
			[
				-0.51,
				0.427115
			],
			[
				-0.5,
				0.440487
			],
			[
				-0.49,
				0.453858
			],
			[
				-0.48,
				0.467229
			],
			[
				-0.47,
				0.4806
			],
			[
				-0.46,
				0.493971
			],
			[
				-0.45,
				0.507342
			],
			[
				-0.44,
				0.520713
			],
			[
				-0.43,
				0.534084
			],
			[
				-0.42,
				0.547455
			],
			[
				-0.41,
				0.560826
			],
			[
				-0.4,
				0.574197
			],
			[
				-0.39,
				0.587568
			],
			[
				-0.38,
				0.600939
			],
			[
				-0.37,
				0.61431
			],
			[
				-0.36,
				0.627681
			],
			[
				-0.35,
				0.641053
			],
			[
				-0.34,
				0.654424
			],
			[
				-0.33,
				0.667795
			],
			[
				-0.32,
				0.681166
			],
			[
				-0.31,
				0.694537
			],
			[
				-0.3,
				0.707908
			],
			[
				-0.29,
				0.721279
			],
			[
				-0.28,
				0.73465
			],
			[
				-0.27,
				0.748021
			],
			[
				-0.26,
				0.761392
			],
			[
				-0.25,
				0.774763
			],
			[
				-0.24,
				0.788134
			],
			[
				-0.23,
				0.801505
			],
			[
				-0.22,
				0.814876
			],
			[
				-0.21,
				0.828248
			],
			[
				-0.2,
				0.841619
			],
			[
				-0.19,
				0.85499
			],
			[
				-0.18,
				0.868361
			],
			[
				-0.17,
				0.881732
			],
			[
				-0.16,
				0.895103
			],
			[
				-0.15,
				0.908474
			],
			[
				-0.14,
				0.921845
			],
			[
				-0.13,
				0.935216
			],
			[
				-0.12,
				0.948587
			],
			[
				-0.11,
				0.961958
			],
			[
				-0.1,
				0.975329
			],
			[
				-0.09,
				0.9887
			],
			[
				-0.08,
				1.00207
			],
			[
				-0.07,
				1.01544
			],
			[
				-0.06,
				1.02881
			],
			[
				-0.05,
				1.04218
			],
			[
				-0.04,
				1.05556
			],
			[
				-0.03,
				1.06893
			],
			[
				-0.02,
				1.0823
			],
			[
				-0.01,
				1.09567
			],
			[
				0.0,
				1.10904
			]
		]
	}
}
