{
	"ID": 108,
	"name": "VACODYM_3230_80C",
	"conductivity": 0.0,
	"relPermeability": 1.0,
	"remanence": 0.0,
	"linear": false,
	"BHCurve": {
		"default": [
			[
				-0.8132290000000001,
				0.0
			],
			[
				-0.81,
				0.00430467
			],
			[
				-0.8,
				0.0176355
			],
			[
				-0.79,
				0.0309663
			],
			[
				-0.78,
				0.0442971
			],
			[
				-0.77,
				0.0576279
			],
			[
				-0.76,
				0.0709588
			],
			[
				-0.75,
				0.0842896
			],
			[
				-0.74,
				0.0976204
			],
			[
				-0.73,
				0.110951
			],
			[
				-0.72,
				0.124282
			],
			[
				-0.71,
				0.137613
			],
			[
				-0.7,
				0.150944
			],
			[
				-0.69,
				0.164274
			],
			[
				-0.68,
				0.177605
			],
			[
				-0.67,
				0.190936
			],
			[
				-0.66,
				0.204267
			],
			[
				-0.65,
				0.217598
			],
			[
				-0.64,
				0.230929
			],
			[
				-0.63,
				0.244259
			],
			[
				-0.62,
				0.25759
			],
			[
				-0.61,
				0.270921
			],
			[
				-0.6,
				0.284252
			],
			[
				-0.59,
				0.297583
			],
			[
				-0.58,
				0.310913
			],
			[
				-0.57,
				0.324244
			],
			[
				-0.56,
				0.337575
			],
			[
				-0.55,
				0.350906
			],
			[
				-0.54,
				0.364237
			],
			[
				-0.53,
				0.377568
			],
			[
				-0.52,
				0.390898
			],
			[
				-0.51,
				0.404229
			],
			[
				-0.5,
				0.41756
			],
			[
				-0.49,
				0.430891
			],
			[
				-0.48,
				0.444222
			],
			[
				-0.47,
				0.457552
			],
			[
				-0.46,
				0.470883
			],
			[
				-0.45,
				0.484214
			],
			[
				-0.44,
				0.497545
			],
			[
				-0.43,
				0.510876
			],
			[
				-0.42,
				0.524207
			],
			[
				-0.41,
				0.537537
			],
			[
				-0.4,
				0.550868
			],
			[
				-0.39,
				0.564199
			],
			[
				-0.38,
				0.57753
			],
			[
				-0.37,
				0.590861
			],
			[
				-0.36,
				0.604191
			],
			[
				-0.35,
				0.617522
			],
			[
				-0.34,
				0.630853
			],
			[
				-0.33,
				0.644184
			],
			[
				-0.32,
				0.657515
			],
			[
				-0.31,
				0.670846
			],
			[
				-0.3,
				0.684176
			],
			[
				-0.29,
				0.697507
			],
			[
				-0.28,
				0.710838
			],
			[
				-0.27,
				0.724169
			],
			[
				-0.26,
				0.7375
			],
			[
				-0.25,
				0.75083
			],
			[
				-0.24,
				0.764161
			],
			[
				-0.23,
				0.777492
			],
			[
				-0.22,
				0.790823
			],
			[
				-0.21,
				0.804154
			],
			[
				-0.2,
				0.817485
			],
			[
				-0.19,
				0.830815
			],
			[
				-0.18,
				0.844146
			],
			[
				-0.17,
				0.857477
			],
			[
				-0.16,
				0.870808
			],
			[
				-0.15,
				0.884139
			],
			[
				-0.14,
				0.897469
			],
			[
				-0.13,
				0.9108
			],
			[
				-0.12,
				0.924131
			],
			[
				-0.11,
				0.937462
			],
			[
				-0.1,
				0.950793
			],
			[
				-0.09,
				0.964124
			],
			[
				-0.08,
				0.977454
			],
			[
				-0.07,
				0.990785
			],
			[
				-0.06,
				1.00412
			],
			[
				-0.05,
				1.01745
			],
			[
				-0.04,
				1.03078
			],
			[
				-0.03,
				1.04411
			],
			[
				-0.02,
				1.05744
			],
			[
				-0.01,
				1.07077
			],
			[
				0.0,
				1.0841
			]
		]
	}
}
