{
	"ID": 244,
	"name": "VACODYM_787AP_100C",
	"conductivity": 0.0,
	"relPermeability": 1.0,
	"remanence": 0.0,
	"linear": false,
	"BHCurve": {
		"default": [
			[
				-0.843765,
				0.0
			],
			[
				-0.84,
				0.00504995
			],
			[
				-0.83,
				0.0184638
			],
			[
				-0.82,
				0.0318776
			],
			[
				-0.81,
				0.0452915
			],
			[
				-0.8,
				0.0587053
			],
			[
				-0.79,
				0.0721191
			],
			[
				-0.78,
				0.085533
			],
			[
				-0.77,
				0.0989468
			],
			[
				-0.76,
				0.112361
			],
			[
				-0.75,
				0.125774
			],
			[
				-0.74,
				0.139188
			],
			[
				-0.73,
				0.152602
			],
			[
				-0.72,
				0.166016
			],
			[
				-0.71,
				0.17943
			],
			[
				-0.7,
				0.192844
			],
			[
				-0.69,
				0.206257
			],
			[
				-0.68,
				0.219671
			],
			[
				-0.67,
				0.233085
			],
			[
				-0.66,
				0.246499
			],
			[
				-0.65,
				0.259913
			],
			[
				-0.64,
				0.273327
			],
			[
				-0.63,
				0.286741
			],
			[
				-0.62,
				0.300154
			],
			[
				-0.61,
				0.313568
			],
			[
				-0.6,
				0.326982
			],
			[
				-0.59,
				0.340396
			],
			[
				-0.58,
				0.35381
			],
			[
				-0.57,
				0.367224
			],
			[
				-0.56,
				0.380637
			],
			[
				-0.55,
				0.394051
			],
			[
				-0.54,
				0.407465
			],
			[
				-0.53,
				0.420879
			],
			[
				-0.52,
				0.434293
			],
			[
				-0.51,
				0.447707
			],
			[
				-0.5,
				0.46112
			],
			[
				-0.49,
				0.474534
			],
			[
				-0.48,
				0.487948
			],
			[
				-0.47,
				0.501362
			],
			[
				-0.46,
				0.514776
			],
			[
				-0.45,
				0.52819
			],
			[
				-0.44,
				0.541603
			],
			[
				-0.43,
				0.555017
			],
			[
				-0.42,
				0.568431
			],
			[
				-0.41,
				0.581845
			],
			[
				-0.4,
				0.595259
			],
			[
				-0.39,
				0.608673
			],
			[
				-0.38,
				0.622086
			],
			[
				-0.37,
				0.6355
			],
			[
				-0.36,
				0.648914
			],
			[
				-0.35,
				0.662328
			],
			[
				-0.34,
				0.675742
			],
			[
				-0.33,
				0.689156
			],
			[
				-0.32,
				0.702569
			],
			[
				-0.31,
				0.715983
			],
			[
				-0.3,
				0.729397
			],
			[
				-0.29,
				0.742811
			],
			[
				-0.28,
				0.756225
			],
			[
				-0.27,
				0.769639
			],
			[
				-0.26,
				0.783052
			],
			[
				-0.25,
				0.796466
			],
			[
				-0.24,
				0.80988
			],
			[
				-0.23,
				0.823294
			],
			[
				-0.22,
				0.836708
			],
			[
				-0.21,
				0.850122
			],
			[
				-0.2,
				0.863535
			],
			[
				-0.19,
				0.876949
			],
			[
				-0.18,
				0.890363
			],
			[
				-0.17,
				0.903777
			],
			[
				-0.16,
				0.917191
			],
			[
				-0.15,
				0.930605
			],
			[
				-0.14,
				0.944019
			],
			[
				-0.13,
				0.957432
			],
			[
				-0.12,
				0.970846
			],
			[
				-0.11,
				0.98426
			],
			[
				-0.1,
				0.997674
			],
			[
				-0.09,
				1.01109
			],
			[
				-0.08,
				1.0245
			],
			[
				-0.07,
				1.03792
			],
			[
				-0.06,
				1.05133
			],
			[
				-0.05,
				1.06474
			],
			[
				-0.04,
				1.07816
			],
			[
				-0.03,
				1.09157
			],
			[
				-0.02,
				1.10498
			],
			[
				-0.01,
				1.1184
			],
			[
				0.0,
				1.13181
			]
		]
	}
}
