{
	"ID": 330,
	"name": "VACODYM_881AP_100C",
	"conductivity": 0.0,
	"relPermeability": 0.0,
	"remanence": "no information",
	"linear": false,
	"BHCurve": {
		"default": [
			[
				-0.786904,
				0.0
			],
			[
				-0.78,
				0.00926075
			],
			[
				-0.77,
				0.0226746
			],
			[
				-0.76,
				0.0360884
			],
			[
				-0.75,
				0.0495023
			],
			[
				-0.74,
				0.0629161
			],
			[
				-0.73,
				0.0763299
			],
			[
				-0.72,
				0.0897438
			],
			[
				-0.71,
				0.103158
			],
			[
				-0.7,
				0.116571
			],
			[
				-0.69,
				0.129985
			],
			[
				-0.68,
				0.143399
			],
			[
				-0.67,
				0.156813
			],
			[
				-0.66,
				0.170227
			],
			[
				-0.65,
				0.183641
			],
			[
				-0.64,
				0.197054
			],
			[
				-0.63,
				0.210468
			],
			[
				-0.62,
				0.223882
			],
			[
				-0.61,
				0.237296
			],
			[
				-0.6,
				0.25071
			],
			[
				-0.59,
				0.264124
			],
			[
				-0.58,
				0.277537
			],
			[
				-0.57,
				0.290951
			],
			[
				-0.56,
				0.304365
			],
			[
				-0.55,
				0.317779
			],
			[
				-0.54,
				0.331193
			],
			[
				-0.53,
				0.344607
			],
			[
				-0.52,
				0.358021
			],
			[
				-0.51,
				0.371434
			],
			[
				-0.5,
				0.384848
			],
			[
				-0.49,
				0.398262
			],
			[
				-0.48,
				0.411676
			],
			[
				-0.47,
				0.42509
			],
			[
				-0.46,
				0.438504
			],
			[
				-0.45,
				0.451917
			],
			[
				-0.44,
				0.465331
			],
			[
				-0.43,
				0.478745
			],
			[
				-0.42,
				0.492159
			],
			[
				-0.41,
				0.505573
			],
			[
				-0.4,
				0.518987
			],
			[
				-0.39,
				0.5324
			],
			[
				-0.38,
				0.545814
			],
			[
				-0.37,
				0.559228
			],
			[
				-0.36,
				0.572642
			],
			[
				-0.35,
				0.586056
			],
			[
				-0.34,
				0.59947
			],
			[
				-0.33,
				0.612883
			],
			[
				-0.32,
				0.626297
			],
			[
				-0.31,
				0.639711
			],
			[
				-0.3,
				0.653125
			],
			[
				-0.29,
				0.666539
			],
			[
				-0.28,
				0.679953
			],
			[
				-0.27,
				0.693366
			],
			[
				-0.26,
				0.70678
			],
			[
				-0.25,
				0.720194
			],
			[
				-0.24,
				0.733608
			],
			[
				-0.23,
				0.747022
			],
			[
				-0.22,
				0.760436
			],
			[
				-0.21,
				0.773849
			],
			[
				-0.2,
				0.787263
			],
			[
				-0.19,
				0.800677
			],
			[
				-0.18,
				0.814091
			],
			[
				-0.17,
				0.827505
			],
			[
				-0.16,
				0.840919
			],
			[
				-0.15,
				0.854332
			],
			[
				-0.14,
				0.867746
			],
			[
				-0.13,
				0.88116
			],
			[
				-0.12,
				0.894574
			],
			[
				-0.11,
				0.907988
			],
			[
				-0.1,
				0.921402
			],
			[
				-0.09,
				0.934815
			],
			[
				-0.08,
				0.948229
			],
			[
				-0.07,
				0.961643
			],
			[
				-0.06,
				0.975057
			],
			[
				-0.05,
				0.988471
			],
			[
				-0.04,
				1.00188
			],
			[
				-0.03,
				1.0153
			],
			[
				-0.02,
				1.02871
			],
			[
				-0.01,
				1.04213
			],
			[
				0.0,
				1.05554
			]
		]
	}
}
