{
	"ID": 322,
	"name": "VACODYM_872TP_100C",
	"conductivity": 0.0,
	"relPermeability": 0.0,
	"remanence": "no information",
	"linear": false,
	"BHCurve": {
		"default": [
			[
				-0.86939,
				0.0
			],
			[
				-0.86,
				0.0124777
			],
			[
				-0.85,
				0.0257657
			],
			[
				-0.84,
				0.0390538
			],
			[
				-0.83,
				0.0523418
			],
			[
				-0.82,
				0.0656299
			],
			[
				-0.81,
				0.0789179
			],
			[
				-0.8,
				0.092206
			],
			[
				-0.79,
				0.105494
			],
			[
				-0.78,
				0.118782
			],
			[
				-0.77,
				0.13207
			],
			[
				-0.76,
				0.145358
			],
			[
				-0.75,
				0.158646
			],
			[
				-0.74,
				0.171934
			],
			[
				-0.73,
				0.185222
			],
			[
				-0.72,
				0.19851
			],
			[
				-0.71,
				0.211798
			],
			[
				-0.7,
				0.225086
			],
			[
				-0.69,
				0.238375
			],
			[
				-0.68,
				0.251663
			],
			[
				-0.67,
				0.264951
			],
			[
				-0.66,
				0.278239
			],
			[
				-0.65,
				0.291527
			],
			[
				-0.64,
				0.304815
			],
			[
				-0.63,
				0.318103
			],
			[
				-0.62,
				0.331391
			],
			[
				-0.61,
				0.344679
			],
			[
				-0.6,
				0.357967
			],
			[
				-0.59,
				0.371255
			],
			[
				-0.58,
				0.384543
			],
			[
				-0.57,
				0.397831
			],
			[
				-0.56,
				0.411119
			],
			[
				-0.55,
				0.424407
			],
			[
				-0.54,
				0.437695
			],
			[
				-0.53,
				0.450983
			],
			[
				-0.52,
				0.464271
			],
			[
				-0.51,
				0.477559
			],
			[
				-0.5,
				0.490847
			],
			[
				-0.49,
				0.504136
			],
			[
				-0.48,
				0.517424
			],
			[
				-0.47,
				0.530712
			],
			[
				-0.46,
				0.544
			],
			[
				-0.45,
				0.557288
			],
			[
				-0.44,
				0.570576
			],
			[
				-0.43,
				0.583864
			],
			[
				-0.42,
				0.597152
			],
			[
				-0.41,
				0.61044
			],
			[
				-0.4,
				0.623728
			],
			[
				-0.39,
				0.637016
			],
			[
				-0.38,
				0.650304
			],
			[
				-0.37,
				0.663592
			],
			[
				-0.36,
				0.67688
			],
			[
				-0.35,
				0.690168
			],
			[
				-0.34,
				0.703456
			],
			[
				-0.33,
				0.716744
			],
			[
				-0.32,
				0.730032
			],
			[
				-0.31,
				0.74332
			],
			[
				-0.3,
				0.756608
			],
			[
				-0.29,
				0.769897
			],
			[
				-0.28,
				0.783185
			],
			[
				-0.27,
				0.796473
			],
			[
				-0.26,
				0.809761
			],
			[
				-0.25,
				0.823049
			],
			[
				-0.24,
				0.836337
			],
			[
				-0.23,
				0.849625
			],
			[
				-0.22,
				0.862913
			],
			[
				-0.21,
				0.876201
			],
			[
				-0.2,
				0.889489
			],
			[
				-0.19,
				0.902777
			],
			[
				-0.18,
				0.916065
			],
			[
				-0.17,
				0.929353
			],
			[
				-0.16,
				0.942641
			],
			[
				-0.15,
				0.955929
			],
			[
				-0.14,
				0.969217
			],
			[
				-0.13,
				0.982505
			],
			[
				-0.12,
				0.995793
			],
			[
				-0.11,
				1.00908
			],
			[
				-0.1,
				1.02237
			],
			[
				-0.09,
				1.03566
			],
			[
				-0.08,
				1.04895
			],
			[
				-0.07,
				1.06223
			],
			[
				-0.06,
				1.07552
			],
			[
				-0.05,
				1.08881
			],
			[
				-0.04,
				1.1021
			],
			[
				-0.03,
				1.11539
			],
			[
				-0.02,
				1.12867
			],
			[
				-0.01,
				1.14196
			],
			[
				0.0,
				1.15525
			]
		]
	}
}
