{
	"ID": 174,
	"name": "VACODYM_677AP_20C",
	"conductivity": 0.0,
	"relPermeability": 1.0,
	"remanence": 0.0,
	"linear": false,
	"BHCurve": {
		"default": [
			[
				-0.863798,
				0.0
			],
			[
				-0.86,
				0.00496855
			],
			[
				-0.85,
				0.0180503
			],
			[
				-0.84,
				0.0311321
			],
			[
				-0.83,
				0.0442138
			],
			[
				-0.82,
				0.0572956
			],
			[
				-0.81,
				0.0703774
			],
			[
				-0.8,
				0.0834591
			],
			[
				-0.79,
				0.0965409
			],
			[
				-0.78,
				0.109623
			],
			[
				-0.77,
				0.122704
			],
			[
				-0.76,
				0.135786
			],
			[
				-0.75,
				0.148868
			],
			[
				-0.74,
				0.16195
			],
			[
				-0.73,
				0.175031
			],
			[
				-0.72,
				0.188113
			],
			[
				-0.71,
				0.201195
			],
			[
				-0.7,
				0.214277
			],
			[
				-0.69,
				0.227358
			],
			[
				-0.68,
				0.24044
			],
			[
				-0.67,
				0.253522
			],
			[
				-0.66,
				0.266604
			],
			[
				-0.65,
				0.279686
			],
			[
				-0.64,
				0.292767
			],
			[
				-0.63,
				0.305849
			],
			[
				-0.62,
				0.318931
			],
			[
				-0.61,
				0.332013
			],
			[
				-0.6,
				0.345094
			],
			[
				-0.59,
				0.358176
			],
			[
				-0.58,
				0.371258
			],
			[
				-0.57,
				0.38434
			],
			[
				-0.56,
				0.397421
			],
			[
				-0.55,
				0.410503
			],
			[
				-0.54,
				0.423585
			],
			[
				-0.53,
				0.436667
			],
			[
				-0.52,
				0.449748
			],
			[
				-0.51,
				0.46283
			],
			[
				-0.5,
				0.475912
			],
			[
				-0.49,
				0.488994
			],
			[
				-0.48,
				0.502075
			],
			[
				-0.47,
				0.515157
			],
			[
				-0.46,
				0.528239
			],
			[
				-0.45,
				0.541321
			],
			[
				-0.44,
				0.554403
			],
			[
				-0.43,
				0.567484
			],
			[
				-0.42,
				0.580566
			],
			[
				-0.41,
				0.593648
			],
			[
				-0.4,
				0.60673
			],
			[
				-0.39,
				0.619811
			],
			[
				-0.38,
				0.632893
			],
			[
				-0.37,
				0.645975
			],
			[
				-0.36,
				0.659057
			],
			[
				-0.35,
				0.672138
			],
			[
				-0.34,
				0.68522
			],
			[
				-0.33,
				0.698302
			],
			[
				-0.32,
				0.711384
			],
			[
				-0.31,
				0.724465
			],
			[
				-0.3,
				0.737547
			],
			[
				-0.29,
				0.750629
			],
			[
				-0.28,
				0.763711
			],
			[
				-0.27,
				0.776792
			],
			[
				-0.26,
				0.789874
			],
			[
				-0.25,
				0.802956
			],
			[
				-0.24,
				0.816038
			],
			[
				-0.23,
				0.829119
			],
			[
				-0.22,
				0.842201
			],
			[
				-0.21,
				0.855283
			],
			[
				-0.2,
				0.868365
			],
			[
				-0.19,
				0.881447
			],
			[
				-0.18,
				0.894528
			],
			[
				-0.17,
				0.90761
			],
			[
				-0.16,
				0.920692
			],
			[
				-0.15,
				0.933774
			],
			[
				-0.14,
				0.946855
			],
			[
				-0.13,
				0.959937
			],
			[
				-0.12,
				0.973019
			],
			[
				-0.11,
				0.986101
			],
			[
				-0.1,
				0.999182
			],
			[
				-0.09,
				1.01226
			],
			[
				-0.08,
				1.02535
			],
			[
				-0.07,
				1.03843
			],
			[
				-0.06,
				1.05151
			],
			[
				-0.05,
				1.06459
			],
			[
				-0.04,
				1.07767
			],
			[
				-0.03,
				1.09075
			],
			[
				-0.02,
				1.10384
			],
			[
				-0.01,
				1.11692
			],
			[
				0.0,
				1.13
			]
		]
	}
}
