{
	"ID": 230,
	"name": "VACODYM_776_AP_020C",
	"conductivity": 0.0,
	"relPermeability": 1.0,
	"remanence": 0.0,
	"linear": false,
	"BHCurve": {
		"default": [
			[
				-0.962989,
				0.0
			],
			[
				-0.96,
				0.00390994
			],
			[
				-0.955,
				0.0104508
			],
			[
				-0.95,
				0.0169917
			],
			[
				-0.945,
				0.0235326
			],
			[
				-0.94,
				0.0300735
			],
			[
				-0.935,
				0.0366143
			],
			[
				-0.93,
				0.0431552
			],
			[
				-0.925,
				0.0496961
			],
			[
				-0.92,
				0.056237
			],
			[
				-0.915,
				0.0627779
			],
			[
				-0.91,
				0.0693187
			],
			[
				-0.905,
				0.0758596
			],
			[
				-0.9,
				0.0824005
			],
			[
				-0.895,
				0.0889414
			],
			[
				-0.89,
				0.0954823
			],
			[
				-0.885,
				0.102023
			],
			[
				-0.88,
				0.108564
			],
			[
				-0.875,
				0.115105
			],
			[
				-0.87,
				0.121646
			],
			[
				-0.865,
				0.128187
			],
			[
				-0.86,
				0.134728
			],
			[
				-0.855,
				0.141268
			],
			[
				-0.85,
				0.147809
			],
			[
				-0.845,
				0.15435
			],
			[
				-0.84,
				0.160891
			],
			[
				-0.835,
				0.167432
			],
			[
				-0.83,
				0.173973
			],
			[
				-0.825,
				0.180514
			],
			[
				-0.82,
				0.187055
			],
			[
				-0.815,
				0.193595
			],
			[
				-0.81,
				0.200136
			],
			[
				-0.805,
				0.206677
			],
			[
				-0.8,
				0.213218
			],
			[
				-0.795,
				0.219759
			],
			[
				-0.79,
				0.2263
			],
			[
				-0.785,
				0.232841
			],
			[
				-0.78,
				0.239382
			],
			[
				-0.775,
				0.245923
			],
			[
				-0.77,
				0.252463
			],
			[
				-0.765,
				0.259004
			],
			[
				-0.76,
				0.265545
			],
			[
				-0.755,
				0.272086
			],
			[
				-0.75,
				0.278627
			],
			[
				-0.745,
				0.285168
			],
			[
				-0.74,
				0.291709
			],
			[
				-0.735,
				0.29825
			],
			[
				-0.73,
				0.30479
			],
			[
				-0.725,
				0.311331
			],
			[
				-0.72,
				0.317872
			],
			[
				-0.715,
				0.324413
			],
			[
				-0.71,
				0.330954
			],
			[
				-0.705,
				0.337495
			],
			[
				-0.7,
				0.344036
			],
			[
				-0.695,
				0.350577
			],
			[
				-0.69,
				0.357117
			],
			[
				-0.685,
				0.363658
			],
			[
				-0.68,
				0.370199
			],
			[
				-0.675,
				0.37674
			],
			[
				-0.67,
				0.383281
			],
			[
				-0.665,
				0.389822
			],
			[
				-0.66,
				0.396363
			],
			[
				-0.655,
				0.402904
			],
			[
				-0.65,
				0.409445
			],
			[
				-0.645,
				0.415985
			],
			[
				-0.64,
				0.422526
			],
			[
				-0.635,
				0.429067
			],
			[
				-0.63,
				0.435608
			],
			[
				-0.625,
				0.442149
			],
			[
				-0.62,
				0.44869
			],
			[
				-0.615,
				0.455231
			],
			[
				-0.61,
				0.461772
			],
			[
				-0.605,
				0.468312
			],
			[
				-0.6,
				0.474853
			],
			[
				-0.595,
				0.481394
			],
			[
				-0.59,
				0.487935
			],
			[
				-0.585,
				0.494476
			],
			[
				-0.58,
				0.501017
			],
			[
				-0.575,
				0.507558
			],
			[
				-0.57,
				0.514099
			],
			[
				-0.565,
				0.520639
			],
			[
				-0.56,
				0.52718
			],
			[
				-0.555,
				0.533721
			],
			[
				-0.55,
				0.540262
			],
			[
				-0.545,
				0.546803
			],
			[
				-0.54,
				0.553344
			],
			[
				-0.535,
				0.559885
			],
			[
				-0.53,
				0.566426
			],
			[
				-0.525,
				0.572967
			],
			[
				-0.52,
				0.579507
			],
			[
				-0.515,
				0.586048
			],
			[
				-0.51,
				0.592589
			],
			[
				-0.505,
				0.59913
			],
			[
				-0.5,
				0.605671
			],
			[
				-0.495,
				0.612212
			],
			[
				-0.49,
				0.618753
			],
			[
				-0.485,
				0.625294
			],
			[
				-0.48,
				0.631834
			],
			[
				-0.475,
				0.638375
			],
			[
				-0.47,
				0.644916
			],
			[
				-0.465,
				0.651457
			],
			[
				-0.46,
				0.657998
			],
			[
				-0.455,
				0.664539
			],
			[
				-0.45,
				0.67108
			],
			[
				-0.445,
				0.677621
			],
			[
				-0.44,
				0.684162
			],
			[
				-0.435,
				0.690702
			],
			[
				-0.43,
				0.697243
			],
			[
				-0.425,
				0.703784
			],
			[
				-0.42,
				0.710325
			],
			[
				-0.415,
				0.716866
			],
			[
				-0.41,
				0.723407
			],
			[
				-0.405,
				0.729948
			],
			[
				-0.4,
				0.736489
			],
			[
				-0.395,
				0.743029
			],
			[
				-0.39,
				0.74957
			],
			[
				-0.385,
				0.756111
			],
			[
				-0.38,
				0.762652
			],
			[
				-0.375,
				0.769193
			],
			[
				-0.37,
				0.775734
			],
			[
				-0.365,
				0.782275
			],
			[
				-0.36,
				0.788816
			],
			[
				-0.355,
				0.795356
			],
			[
				-0.35,
				0.801897
			],
			[
				-0.345,
				0.808438
			],
			[
				-0.34,
				0.814979
			],
			[
				-0.335,
				0.82152
			],
			[
				-0.33,
				0.828061
			],
			[
				-0.325,
				0.834602
			],
			[
				-0.32,
				0.841143
			],
			[
				-0.315,
				0.847684
			],
			[
				-0.31,
				0.854224
			],
			[
				-0.305,
				0.860765
			],
			[
				-0.3,
				0.867306
			],
			[
				-0.295,
				0.873847
			],
			[
				-0.29,
				0.880388
			],
			[
				-0.285,
				0.886929
			],
			[
				-0.28,
				0.89347
			],
			[
				-0.275,
				0.900011
			],
			[
				-0.27,
				0.906551
			],
			[
				-0.265,
				0.913092
			],
			[
				-0.26,
				0.919633
			],
			[
				-0.255,
				0.926174
			],
			[
				-0.25,
				0.932715
			],
			[
				-0.245,
				0.939256
			],
			[
				-0.24,
				0.945797
			],
			[
				-0.235,
				0.952338
			],
			[
				-0.23,
				0.958878
			],
			[
				-0.225,
				0.965419
			],
			[
				-0.22,
				0.97196
			],
			[
				-0.215,
				0.978501
			],
			[
				-0.21,
				0.985042
			],
			[
				-0.205,
				0.991583
			],
			[
				-0.2,
				0.998124
			],
			[
				-0.195,
				1.00466
			],
			[
				-0.19,
				1.01121
			],
			[
				-0.185,
				1.01775
			],
			[
				-0.18,
				1.02429
			],
			[
				-0.175,
				1.03083
			],
			[
				-0.17,
				1.03737
			],
			[
				-0.165,
				1.04391
			],
			[
				-0.16,
				1.05045
			],
			[
				-0.155,
				1.05699
			],
			[
				-0.15,
				1.06353
			],
			[
				-0.145,
				1.07007
			],
			[
				-0.14,
				1.07661
			],
			[
				-0.135,
				1.08316
			],
			[
				-0.13,
				1.0897
			],
			[
				-0.125,
				1.09624
			],
			[
				-0.12,
				1.10278
			],
			[
				-0.115,
				1.10932
			],
			[
				-0.11,
				1.11586
			],
			[
				-0.105,
				1.1224
			],
			[
				-0.1,
				1.12894
			],
			[
				-0.095,
				1.13548
			],
			[
				-0.09,
				1.14202
			],
			[
				-0.085,
				1.14856
			],
			[
				-0.08,
				1.1551
			],
			[
				-0.075,
				1.16165
			],
			[
				-0.07,
				1.16819
			],
			[
				-0.065,
				1.17473
			],
			[
				-0.06,
				1.18127
			],
			[
				-0.055,
				1.18781
			],
			[
				-0.05,
				1.19435
			],
			[
				-0.045,
				1.20089
			],
			[
				-0.04,
				1.20743
			],
			[
				-0.035,
				1.21397
			],
			[
				-0.03,
				1.22051
			],
			[
				-0.025,
				1.22705
			],
			[
				-0.02,
				1.2336
			],
			[
				-0.015,
				1.24014
			],
			[
				-0.01,
				1.24668
			],
			[
				-0.005,
				1.25322
			],
			[
				0.0,
				1.25976
			]
		]
	}
}
