{
	"ID": 298,
	"name": "VACODYM_863AP_100C",
	"conductivity": 0.0,
	"relPermeability": 1.0,
	"remanence": 0.0,
	"linear": false,
	"BHCurve": {
		"default": [
			[
				-0.8296209999999999,
				0.0
			],
			[
				-0.82,
				0.0129054
			],
			[
				-0.81,
				0.0263192
			],
			[
				-0.8,
				0.0397331
			],
			[
				-0.79,
				0.0531469
			],
			[
				-0.78,
				0.0665608
			],
			[
				-0.77,
				0.0799746
			],
			[
				-0.76,
				0.0933884
			],
			[
				-0.75,
				0.106802
			],
			[
				-0.74,
				0.120216
			],
			[
				-0.73,
				0.13363
			],
			[
				-0.72,
				0.147044
			],
			[
				-0.71,
				0.160458
			],
			[
				-0.7,
				0.173871
			],
			[
				-0.69,
				0.187285
			],
			[
				-0.68,
				0.200699
			],
			[
				-0.67,
				0.214113
			],
			[
				-0.66,
				0.227527
			],
			[
				-0.65,
				0.240941
			],
			[
				-0.64,
				0.254354
			],
			[
				-0.63,
				0.267768
			],
			[
				-0.62,
				0.281182
			],
			[
				-0.61,
				0.294596
			],
			[
				-0.6,
				0.30801
			],
			[
				-0.59,
				0.321424
			],
			[
				-0.58,
				0.334837
			],
			[
				-0.57,
				0.348251
			],
			[
				-0.56,
				0.361665
			],
			[
				-0.55,
				0.375079
			],
			[
				-0.54,
				0.388493
			],
			[
				-0.53,
				0.401907
			],
			[
				-0.52,
				0.415321
			],
			[
				-0.51,
				0.428734
			],
			[
				-0.5,
				0.442148
			],
			[
				-0.49,
				0.455562
			],
			[
				-0.48,
				0.468976
			],
			[
				-0.47,
				0.48239
			],
			[
				-0.46,
				0.495804
			],
			[
				-0.45,
				0.509217
			],
			[
				-0.44,
				0.522631
			],
			[
				-0.43,
				0.536045
			],
			[
				-0.42,
				0.549459
			],
			[
				-0.41,
				0.562873
			],
			[
				-0.4,
				0.576287
			],
			[
				-0.39,
				0.5897
			],
			[
				-0.38,
				0.603114
			],
			[
				-0.37,
				0.616528
			],
			[
				-0.36,
				0.629942
			],
			[
				-0.35,
				0.643356
			],
			[
				-0.34,
				0.65677
			],
			[
				-0.33,
				0.670183
			],
			[
				-0.32,
				0.683597
			],
			[
				-0.31,
				0.697011
			],
			[
				-0.3,
				0.710425
			],
			[
				-0.29,
				0.723839
			],
			[
				-0.28,
				0.737253
			],
			[
				-0.27,
				0.750666
			],
			[
				-0.26,
				0.76408
			],
			[
				-0.25,
				0.777494
			],
			[
				-0.24,
				0.790908
			],
			[
				-0.23,
				0.804322
			],
			[
				-0.22,
				0.817736
			],
			[
				-0.21,
				0.831149
			],
			[
				-0.2,
				0.844563
			],
			[
				-0.19,
				0.857977
			],
			[
				-0.18,
				0.871391
			],
			[
				-0.17,
				0.884805
			],
			[
				-0.16,
				0.898219
			],
			[
				-0.15,
				0.911632
			],
			[
				-0.14,
				0.925046
			],
			[
				-0.13,
				0.93846
			],
			[
				-0.12,
				0.951874
			],
			[
				-0.11,
				0.965288
			],
			[
				-0.1,
				0.978702
			],
			[
				-0.09,
				0.992115
			],
			[
				-0.08,
				1.00553
			],
			[
				-0.07,
				1.01894
			],
			[
				-0.06,
				1.03236
			],
			[
				-0.05,
				1.04577
			],
			[
				-0.04,
				1.05918
			],
			[
				-0.03,
				1.0726
			],
			[
				-0.02,
				1.08601
			],
			[
				-0.01,
				1.09943
			],
			[
				0.0,
				1.11284
			]
		]
	}
}
