{
	"ID": 167,
	"name": "VACODYM_669TP_210C",
	"conductivity": 0.0,
	"relPermeability": 1.0,
	"remanence": 0.0,
	"linear": false,
	"BHCurve": {
		"default": [
			[
				-0.323278,
				0.0
			],
			[
				-0.32261700000000004,
				0.024733
			],
			[
				-0.32161700000000004,
				0.0621578
			],
			[
				-0.32061700000000004,
				0.0995826
			],
			[
				-0.31961700000000004,
				0.137007
			],
			[
				-0.31861700000000004,
				0.174432
			],
			[
				-0.31761700000000004,
				0.211857
			],
			[
				-0.31661700000000004,
				0.249282
			],
			[
				-0.31561700000000004,
				0.286707
			],
			[
				-0.31461700000000004,
				0.324132
			],
			[
				-0.31361700000000003,
				0.361557
			],
			[
				-0.31261700000000003,
				0.400057
			],
			[
				-0.31161700000000003,
				0.442022
			],
			[
				-0.31061700000000003,
				0.472934
			],
			[
				-0.30961700000000003,
				0.489485
			],
			[
				-0.30861700000000003,
				0.499079
			],
			[
				-0.30761700000000003,
				0.505696
			],
			[
				-0.30661700000000003,
				0.511445
			],
			[
				-0.305617,
				0.516578
			],
			[
				-0.304617,
				0.521463
			],
			[
				-0.303617,
				0.526148
			],
			[
				-0.302617,
				0.53037
			],
			[
				-0.301617,
				0.533986
			],
			[
				-0.300617,
				0.53729
			],
			[
				-0.299617,
				0.540347
			],
			[
				-0.298617,
				0.543196
			],
			[
				-0.297617,
				0.545876
			],
			[
				-0.296617,
				0.548423
			],
			[
				-0.295617,
				0.550844
			],
			[
				-0.294617,
				0.553139
			],
			[
				-0.293617,
				0.555325
			],
			[
				-0.292617,
				0.55742
			],
			[
				-0.291617,
				0.559444
			],
			[
				-0.290617,
				0.561413
			],
			[
				-0.289617,
				0.563347
			],
			[
				-0.288617,
				0.565239
			],
			[
				-0.287617,
				0.567081
			],
			[
				-0.286617,
				0.568872
			],
			[
				-0.285617,
				0.570613
			],
			[
				-0.284617,
				0.572304
			],
			[
				-0.283617,
				0.573947
			],
			[
				-0.282617,
				0.575542
			],
			[
				-0.281617,
				0.577102
			],
			[
				-0.280617,
				0.578634
			],
			[
				-0.279617,
				0.580141
			],
			[
				-0.278617,
				0.581624
			],
			[
				-0.277617,
				0.583085
			],
			[
				-0.276617,
				0.584525
			],
			[
				-0.275617,
				0.585946
			],
			[
				-0.274617,
				0.587349
			],
			[
				-0.273617,
				0.588735
			],
			[
				-0.272617,
				0.590107
			],
			[
				-0.271617,
				0.591466
			],
			[
				-0.270617,
				0.592812
			],
			[
				-0.269617,
				0.594149
			],
			[
				-0.268617,
				0.595477
			],
			[
				-0.267617,
				0.596798
			],
			[
				-0.26,
				0.606781
			],
			[
				-0.25,
				0.62035
			],
			[
				-0.24,
				0.634094
			],
			[
				-0.23,
				0.647839
			],
			[
				-0.22,
				0.661584
			],
			[
				-0.21,
				0.675328
			],
			[
				-0.2,
				0.689073
			],
			[
				-0.19,
				0.702818
			],
			[
				-0.18,
				0.716562
			],
			[
				-0.17,
				0.730307
			],
			[
				-0.16,
				0.744052
			],
			[
				-0.15,
				0.757796
			],
			[
				-0.14,
				0.771541
			],
			[
				-0.13,
				0.785285
			],
			[
				-0.12,
				0.79903
			],
			[
				-0.11,
				0.812775
			],
			[
				-0.1,
				0.826519
			],
			[
				-0.09,
				0.840264
			],
			[
				-0.08,
				0.854009
			],
			[
				-0.07,
				0.867753
			],
			[
				-0.06,
				0.881498
			],
			[
				-0.05,
				0.895243
			],
			[
				-0.04,
				0.908987
			],
			[
				-0.03,
				0.922732
			],
			[
				-0.02,
				0.936477
			],
			[
				-0.01,
				0.950221
			],
			[
				0.0,
				0.963966
			]
		]
	}
}
