{
	"ID": 200,
	"name": "VACODYM_688TP_210C",
	"conductivity": 0.0,
	"relPermeability": 1.0,
	"remanence": 0.0,
	"linear": false,
	"BHCurve": {
		"default": [
			[
				-0.565091,
				0.0
			],
			[
				-0.564551,
				0.0204666
			],
			[
				-0.563551,
				0.0557272
			],
			[
				-0.562551,
				0.0726703
			],
			[
				-0.561551,
				0.0824298
			],
			[
				-0.560551,
				0.0894975
			],
			[
				-0.559551,
				0.0953235
			],
			[
				-0.558551,
				0.1
			],
			[
				-0.557551,
				0.104202
			],
			[
				-0.556551,
				0.108207
			],
			[
				-0.555551,
				0.111949
			],
			[
				-0.554551,
				0.11549
			],
			[
				-0.553551,
				0.118889
			],
			[
				-0.552551,
				0.122205
			],
			[
				-0.551551,
				0.125491
			],
			[
				-0.550551,
				0.128728
			],
			[
				-0.549551,
				0.13188
			],
			[
				-0.548551,
				0.134909
			],
			[
				-0.547551,
				0.137782
			],
			[
				-0.546551,
				0.140462
			],
			[
				-0.545551,
				0.143007
			],
			[
				-0.544551,
				0.145464
			],
			[
				-0.543551,
				0.147838
			],
			[
				-0.542551,
				0.150136
			],
			[
				-0.541551,
				0.152367
			],
			[
				-0.540551,
				0.154537
			],
			[
				-0.539551,
				0.156652
			],
			[
				-0.538551,
				0.158721
			],
			[
				-0.537551,
				0.16075
			],
			[
				-0.536551,
				0.162747
			],
			[
				-0.535551,
				0.164717
			],
			[
				-0.534551,
				0.166648
			],
			[
				-0.533551,
				0.168538
			],
			[
				-0.532551,
				0.170389
			],
			[
				-0.531551,
				0.172205
			],
			[
				-0.530551,
				0.173988
			],
			[
				-0.529551,
				0.175743
			],
			[
				-0.528551,
				0.177471
			],
			[
				-0.527551,
				0.179176
			],
			[
				-0.526551,
				0.180862
			],
			[
				-0.525551,
				0.182531
			],
			[
				-0.524551,
				0.184187
			],
			[
				-0.5235510000000001,
				0.185832
			],
			[
				-0.5225510000000001,
				0.187471
			],
			[
				-0.5215510000000001,
				0.189101
			],
			[
				-0.5205510000000001,
				0.190713
			],
			[
				-0.5195510000000001,
				0.192307
			],
			[
				-0.5185510000000001,
				0.193884
			],
			[
				-0.5175510000000001,
				0.195445
			],
			[
				-0.5165510000000001,
				0.196991
			],
			[
				-0.5155510000000001,
				0.198523
			],
			[
				-0.5145510000000001,
				0.200043
			],
			[
				-0.5135510000000001,
				0.201551
			],
			[
				-0.5125510000000001,
				0.203048
			],
			[
				-0.511551,
				0.204536
			],
			[
				-0.510551,
				0.206016
			],
			[
				-0.509551,
				0.207489
			],
			[
				-0.508551,
				0.208956
			],
			[
				-0.507551,
				0.210417
			],
			[
				-0.506551,
				0.211871
			],
			[
				-0.505551,
				0.213318
			],
			[
				-0.504551,
				0.214759
			],
			[
				-0.503551,
				0.216193
			],
			[
				-0.502551,
				0.217622
			],
			[
				-0.501551,
				0.219044
			],
			[
				-0.500551,
				0.220461
			],
			[
				-0.49955099999999997,
				0.221873
			],
			[
				-0.49855099999999997,
				0.22328
			],
			[
				-0.49755099999999997,
				0.224681
			],
			[
				-0.49655099999999996,
				0.226078
			],
			[
				-0.49555099999999996,
				0.22747
			],
			[
				-0.49455099999999996,
				0.228858
			],
			[
				-0.49355099999999996,
				0.230242
			],
			[
				-0.49255099999999996,
				0.231622
			],
			[
				-0.49155099999999996,
				0.232998
			],
			[
				-0.490551,
				0.23437
			],
			[
				-0.489551,
				0.235739
			],
			[
				-0.488551,
				0.237106
			],
			[
				-0.487551,
				0.238469
			],
			[
				-0.486551,
				0.239829
			],
			[
				-0.485551,
				0.241187
			],
			[
				-0.484551,
				0.242543
			],
			[
				-0.483551,
				0.243897
			],
			[
				-0.482551,
				0.245249
			],
			[
				-0.481551,
				0.246599
			],
			[
				-0.480551,
				0.247948
			],
			[
				-0.479551,
				0.249295
			],
			[
				-0.478551,
				0.250642
			],
			[
				-0.477551,
				0.251988
			],
			[
				-0.476551,
				0.253333
			],
			[
				-0.475551,
				0.254677
			],
			[
				-0.474551,
				0.256022
			],
			[
				-0.473551,
				0.257367
			],
			[
				-0.472551,
				0.258711
			],
			[
				-0.471551,
				0.260057
			],
			[
				-0.470551,
				0.261403
			],
			[
				-0.469551,
				0.262749
			],
			[
				-0.46,
				0.275695
			],
			[
				-0.45,
				0.289431
			],
			[
				-0.44,
				0.303175
			],
			[
				-0.43,
				0.31692
			],
			[
				-0.42,
				0.330665
			],
			[
				-0.41,
				0.344409
			],
			[
				-0.4,
				0.358154
			],
			[
				-0.39,
				0.371899
			],
			[
				-0.38,
				0.385643
			],
			[
				-0.37,
				0.399388
			],
			[
				-0.36,
				0.413133
			],
			[
				-0.35,
				0.426877
			],
			[
				-0.34,
				0.440622
			],
			[
				-0.33,
				0.454367
			],
			[
				-0.32,
				0.468111
			],
			[
				-0.31,
				0.481856
			],
			[
				-0.3,
				0.4956
			],
			[
				-0.29,
				0.509345
			],
			[
				-0.28,
				0.52309
			],
			[
				-0.27,
				0.536834
			],
			[
				-0.26,
				0.550579
			],
			[
				-0.25,
				0.564324
			],
			[
				-0.24,
				0.578068
			],
			[
				-0.23,
				0.591813
			],
			[
				-0.22,
				0.605558
			],
			[
				-0.21,
				0.619302
			],
			[
				-0.2,
				0.633047
			],
			[
				-0.19,
				0.646792
			],
			[
				-0.18,
				0.660536
			],
			[
				-0.17,
				0.674281
			],
			[
				-0.16,
				0.688026
			],
			[
				-0.15,
				0.70177
			],
			[
				-0.14,
				0.715515
			],
			[
				-0.13,
				0.72926
			],
			[
				-0.12,
				0.743004
			],
			[
				-0.11,
				0.756749
			],
			[
				-0.1,
				0.770494
			],
			[
				-0.09,
				0.784238
			],
			[
				-0.08,
				0.797983
			],
			[
				-0.07,
				0.811728
			],
			[
				-0.06,
				0.825472
			],
			[
				-0.05,
				0.839217
			],
			[
				-0.04,
				0.852961
			],
			[
				-0.03,
				0.866706
			],
			[
				-0.02,
				0.880451
			],
			[
				-0.01,
				0.894195
			],
			[
				0.0,
				0.90794
			]
		]
	}
}
