{
	"ID": 109,
	"name": "VACODYM_3625_020C",
	"conductivity": 0.0,
	"relPermeability": 1.0,
	"remanence": 0.0,
	"linear": false,
	"BHCurve": {
		"default": [
			[
				-0.924936,
				0.0
			],
			[
				-0.92,
				0.00645748
			],
			[
				-0.915,
				0.0129984
			],
			[
				-0.91,
				0.0195392
			],
			[
				-0.905,
				0.0260801
			],
			[
				-0.9,
				0.032621
			],
			[
				-0.895,
				0.0391619
			],
			[
				-0.89,
				0.0457028
			],
			[
				-0.885,
				0.0522436
			],
			[
				-0.88,
				0.0587845
			],
			[
				-0.875,
				0.0653254
			],
			[
				-0.87,
				0.0718663
			],
			[
				-0.865,
				0.0784072
			],
			[
				-0.86,
				0.084948
			],
			[
				-0.855,
				0.0914889
			],
			[
				-0.85,
				0.0980298
			],
			[
				-0.845,
				0.104571
			],
			[
				-0.84,
				0.111112
			],
			[
				-0.835,
				0.117652
			],
			[
				-0.83,
				0.124193
			],
			[
				-0.825,
				0.130734
			],
			[
				-0.82,
				0.137275
			],
			[
				-0.815,
				0.143816
			],
			[
				-0.81,
				0.150357
			],
			[
				-0.805,
				0.156898
			],
			[
				-0.8,
				0.163439
			],
			[
				-0.795,
				0.169979
			],
			[
				-0.79,
				0.17652
			],
			[
				-0.785,
				0.183061
			],
			[
				-0.78,
				0.189602
			],
			[
				-0.775,
				0.196143
			],
			[
				-0.77,
				0.202684
			],
			[
				-0.765,
				0.209225
			],
			[
				-0.76,
				0.215766
			],
			[
				-0.755,
				0.222307
			],
			[
				-0.75,
				0.228847
			],
			[
				-0.745,
				0.235388
			],
			[
				-0.74,
				0.241929
			],
			[
				-0.735,
				0.24847
			],
			[
				-0.73,
				0.255011
			],
			[
				-0.725,
				0.261552
			],
			[
				-0.72,
				0.268093
			],
			[
				-0.715,
				0.274634
			],
			[
				-0.71,
				0.281174
			],
			[
				-0.705,
				0.287715
			],
			[
				-0.7,
				0.294256
			],
			[
				-0.695,
				0.300797
			],
			[
				-0.69,
				0.307338
			],
			[
				-0.685,
				0.313879
			],
			[
				-0.68,
				0.32042
			],
			[
				-0.675,
				0.326961
			],
			[
				-0.67,
				0.333502
			],
			[
				-0.665,
				0.340042
			],
			[
				-0.66,
				0.346583
			],
			[
				-0.655,
				0.353124
			],
			[
				-0.65,
				0.359665
			],
			[
				-0.645,
				0.366206
			],
			[
				-0.64,
				0.372747
			],
			[
				-0.635,
				0.379288
			],
			[
				-0.63,
				0.385829
			],
			[
				-0.625,
				0.392369
			],
			[
				-0.62,
				0.39891
			],
			[
				-0.615,
				0.405451
			],
			[
				-0.61,
				0.411992
			],
			[
				-0.605,
				0.418533
			],
			[
				-0.6,
				0.425074
			],
			[
				-0.595,
				0.431615
			],
			[
				-0.59,
				0.438156
			],
			[
				-0.585,
				0.444696
			],
			[
				-0.58,
				0.451237
			],
			[
				-0.575,
				0.457778
			],
			[
				-0.57,
				0.464319
			],
			[
				-0.565,
				0.47086
			],
			[
				-0.56,
				0.477401
			],
			[
				-0.555,
				0.483942
			],
			[
				-0.55,
				0.490483
			],
			[
				-0.545,
				0.497024
			],
			[
				-0.54,
				0.503564
			],
			[
				-0.535,
				0.510105
			],
			[
				-0.53,
				0.516646
			],
			[
				-0.525,
				0.523187
			],
			[
				-0.52,
				0.529728
			],
			[
				-0.515,
				0.536269
			],
			[
				-0.51,
				0.54281
			],
			[
				-0.505,
				0.549351
			],
			[
				-0.5,
				0.555891
			],
			[
				-0.495,
				0.562432
			],
			[
				-0.49,
				0.568973
			],
			[
				-0.485,
				0.575514
			],
			[
				-0.48,
				0.582055
			],
			[
				-0.475,
				0.588596
			],
			[
				-0.47,
				0.595137
			],
			[
				-0.465,
				0.601678
			],
			[
				-0.46,
				0.608218
			],
			[
				-0.455,
				0.614759
			],
			[
				-0.45,
				0.6213
			],
			[
				-0.445,
				0.627841
			],
			[
				-0.44,
				0.634382
			],
			[
				-0.435,
				0.640923
			],
			[
				-0.43,
				0.647464
			],
			[
				-0.425,
				0.654005
			],
			[
				-0.42,
				0.660546
			],
			[
				-0.415,
				0.667086
			],
			[
				-0.41,
				0.673627
			],
			[
				-0.405,
				0.680168
			],
			[
				-0.4,
				0.686709
			],
			[
				-0.395,
				0.69325
			],
			[
				-0.39,
				0.699791
			],
			[
				-0.385,
				0.706332
			],
			[
				-0.38,
				0.712873
			],
			[
				-0.375,
				0.719413
			],
			[
				-0.37,
				0.725954
			],
			[
				-0.365,
				0.732495
			],
			[
				-0.36,
				0.739036
			],
			[
				-0.355,
				0.745577
			],
			[
				-0.35,
				0.752118
			],
			[
				-0.345,
				0.758659
			],
			[
				-0.34,
				0.7652
			],
			[
				-0.335,
				0.77174
			],
			[
				-0.33,
				0.778281
			],
			[
				-0.325,
				0.784822
			],
			[
				-0.32,
				0.791363
			],
			[
				-0.315,
				0.797904
			],
			[
				-0.31,
				0.804445
			],
			[
				-0.305,
				0.810986
			],
			[
				-0.3,
				0.817527
			],
			[
				-0.295,
				0.824068
			],
			[
				-0.29,
				0.830608
			],
			[
				-0.285,
				0.837149
			],
			[
				-0.28,
				0.84369
			],
			[
				-0.275,
				0.850231
			],
			[
				-0.27,
				0.856772
			],
			[
				-0.265,
				0.863313
			],
			[
				-0.26,
				0.869854
			],
			[
				-0.255,
				0.876395
			],
			[
				-0.25,
				0.882935
			],
			[
				-0.245,
				0.889476
			],
			[
				-0.24,
				0.896017
			],
			[
				-0.235,
				0.902558
			],
			[
				-0.23,
				0.909099
			],
			[
				-0.225,
				0.91564
			],
			[
				-0.22,
				0.922181
			],
			[
				-0.215,
				0.928722
			],
			[
				-0.21,
				0.935263
			],
			[
				-0.205,
				0.941803
			],
			[
				-0.2,
				0.948344
			],
			[
				-0.195,
				0.954885
			],
			[
				-0.19,
				0.961426
			],
			[
				-0.185,
				0.967967
			],
			[
				-0.18,
				0.974508
			],
			[
				-0.175,
				0.981049
			],
			[
				-0.17,
				0.98759
			],
			[
				-0.165,
				0.99413
			],
			[
				-0.16,
				1.00067
			],
			[
				-0.155,
				1.00721
			],
			[
				-0.15,
				1.01375
			],
			[
				-0.145,
				1.02029
			],
			[
				-0.14,
				1.02683
			],
			[
				-0.135,
				1.03338
			],
			[
				-0.13,
				1.03992
			],
			[
				-0.125,
				1.04646
			],
			[
				-0.12,
				1.053
			],
			[
				-0.115,
				1.05954
			],
			[
				-0.11,
				1.06608
			],
			[
				-0.105,
				1.07262
			],
			[
				-0.1,
				1.07916
			],
			[
				-0.095,
				1.0857
			],
			[
				-0.09,
				1.09224
			],
			[
				-0.085,
				1.09878
			],
			[
				-0.08,
				1.10533
			],
			[
				-0.075,
				1.11187
			],
			[
				-0.07,
				1.11841
			],
			[
				-0.065,
				1.12495
			],
			[
				-0.06,
				1.13149
			],
			[
				-0.055,
				1.13803
			],
			[
				-0.05,
				1.14457
			],
			[
				-0.045,
				1.15111
			],
			[
				-0.04,
				1.15765
			],
			[
				-0.035,
				1.16419
			],
			[
				-0.03,
				1.17073
			],
			[
				-0.025,
				1.17728
			],
			[
				-0.02,
				1.18382
			],
			[
				-0.015,
				1.19036
			],
			[
				-0.01,
				1.1969
			],
			[
				-0.005,
				1.20344
			],
			[
				0.0,
				1.20998
			]
		]
	}
}
