{
	"ID": 114,
	"name": "VACODYM_3625_150C",
	"conductivity": 0.0,
	"relPermeability": 0.0,
	"remanence": "no information",
	"linear": false,
	"BHCurve": {
		"default": [
			[
				-0.699168,
				0.0
			],
			[
				-0.698696,
				0.00609944
			],
			[
				-0.697696,
				0.0144817
			],
			[
				-0.696696,
				0.0206846
			],
			[
				-0.695696,
				0.0262079
			],
			[
				-0.694696,
				0.030804
			],
			[
				-0.693696,
				0.0348031
			],
			[
				-0.692696,
				0.0386276
			],
			[
				-0.691696,
				0.0422768
			],
			[
				-0.690696,
				0.0457321
			],
			[
				-0.689696,
				0.049032
			],
			[
				-0.688696,
				0.0522153
			],
			[
				-0.687696,
				0.0553206
			],
			[
				-0.686696,
				0.0583866
			],
			[
				-0.685696,
				0.0614334
			],
			[
				-0.684696,
				0.0644376
			],
			[
				-0.6836960000000001,
				0.0673771
			],
			[
				-0.6826960000000001,
				0.0702296
			],
			[
				-0.6816960000000001,
				0.0729728
			],
			[
				-0.6806960000000001,
				0.0755845
			],
			[
				-0.6796960000000001,
				0.0780541
			],
			[
				-0.6786960000000001,
				0.0804406
			],
			[
				-0.6776960000000001,
				0.0827595
			],
			[
				-0.6766960000000001,
				0.0850156
			],
			[
				-0.6756960000000001,
				0.0872135
			],
			[
				-0.6746960000000001,
				0.0893579
			],
			[
				-0.6736960000000001,
				0.0914535
			],
			[
				-0.6726960000000001,
				0.0935049
			],
			[
				-0.6716960000000001,
				0.0955169
			],
			[
				-0.6706960000000001,
				0.0974942
			],
			[
				-0.6696960000000001,
				0.0994413
			],
			[
				-0.6686960000000001,
				0.101363
			],
			[
				-0.6676960000000001,
				0.103264
			],
			[
				-0.6666960000000001,
				0.105145
			],
			[
				-0.6656960000000001,
				0.106994
			],
			[
				-0.6646960000000001,
				0.108812
			],
			[
				-0.6636960000000001,
				0.1106
			],
			[
				-0.6626960000000001,
				0.112361
			],
			[
				-0.6616960000000001,
				0.114096
			],
			[
				-0.6606960000000001,
				0.115808
			],
			[
				-0.6596960000000001,
				0.117499
			],
			[
				-0.6586960000000001,
				0.119171
			],
			[
				-0.6576960000000001,
				0.120826
			],
			[
				-0.6566960000000001,
				0.122465
			],
			[
				-0.6556960000000001,
				0.124091
			],
			[
				-0.6546960000000001,
				0.125707
			],
			[
				-0.653696,
				0.127313
			],
			[
				-0.652696,
				0.128913
			],
			[
				-0.651696,
				0.130508
			],
			[
				-0.650696,
				0.132098
			],
			[
				-0.649696,
				0.133675
			],
			[
				-0.648696,
				0.135237
			],
			[
				-0.647696,
				0.136786
			],
			[
				-0.646696,
				0.138323
			],
			[
				-0.645696,
				0.139847
			],
			[
				-0.644696,
				0.14136
			],
			[
				-0.643696,
				0.142863
			],
			[
				-0.642696,
				0.144356
			],
			[
				-0.641696,
				0.14584
			],
			[
				-0.640696,
				0.147316
			],
			[
				-0.639696,
				0.148784
			],
			[
				-0.638696,
				0.150246
			],
			[
				-0.637696,
				0.151701
			],
			[
				-0.636696,
				0.153152
			],
			[
				-0.635696,
				0.154598
			],
			[
				-0.634696,
				0.15604
			],
			[
				-0.633696,
				0.157477
			],
			[
				-0.632696,
				0.15891
			],
			[
				-0.631696,
				0.160338
			],
			[
				-0.630696,
				0.161761
			],
			[
				-0.629696,
				0.16318
			],
			[
				-0.628696,
				0.164594
			],
			[
				-0.627696,
				0.166004
			],
			[
				-0.626696,
				0.16741
			],
			[
				-0.625696,
				0.168812
			],
			[
				-0.624696,
				0.17021
			],
			[
				-0.623696,
				0.171604
			],
			[
				-0.622696,
				0.172994
			],
			[
				-0.621696,
				0.174381
			],
			[
				-0.620696,
				0.175765
			],
			[
				-0.619696,
				0.177145
			],
			[
				-0.618696,
				0.178522
			],
			[
				-0.617696,
				0.179896
			],
			[
				-0.616696,
				0.181267
			],
			[
				-0.615696,
				0.182635
			],
			[
				-0.614696,
				0.184001
			],
			[
				-0.613696,
				0.185364
			],
			[
				-0.612696,
				0.186724
			],
			[
				-0.611696,
				0.188082
			],
			[
				-0.610696,
				0.189438
			],
			[
				-0.609696,
				0.190791
			],
			[
				-0.608696,
				0.192143
			],
			[
				-0.607696,
				0.193493
			],
			[
				-0.606696,
				0.194841
			],
			[
				-0.605696,
				0.196187
			],
			[
				-0.604696,
				0.197532
			],
			[
				-0.603696,
				0.198875
			],
			[
				-0.602696,
				0.200217
			],
			[
				-0.601696,
				0.201558
			],
			[
				-0.600696,
				0.202898
			],
			[
				-0.599696,
				0.204236
			],
			[
				-0.598696,
				0.205574
			],
			[
				-0.597696,
				0.206912
			],
			[
				-0.596696,
				0.208249
			],
			[
				-0.595696,
				0.209585
			],
			[
				-0.594696,
				0.210921
			],
			[
				-0.593696,
				0.212256
			],
			[
				-0.592696,
				0.213592
			],
			[
				-0.591696,
				0.214928
			],
			[
				-0.590696,
				0.216263
			],
			[
				-0.589696,
				0.217599
			],
			[
				-0.588696,
				0.218936
			],
			[
				-0.587696,
				0.220272
			],
			[
				-0.586696,
				0.22161
			],
			[
				-0.585696,
				0.222948
			],
			[
				-0.584696,
				0.224287
			],
			[
				-0.583696,
				0.225627
			],
			[
				-0.582696,
				0.226968
			],
			[
				-0.581696,
				0.22831
			],
			[
				-0.580696,
				0.229653
			],
			[
				-0.579696,
				0.230998
			],
			[
				-0.578696,
				0.232345
			],
			[
				-0.57,
				0.244134
			],
			[
				-0.56,
				0.257755
			],
			[
				-0.55,
				0.271377
			],
			[
				-0.54,
				0.284998
			],
			[
				-0.53,
				0.29862
			],
			[
				-0.52,
				0.312241
			],
			[
				-0.51,
				0.325862
			],
			[
				-0.5,
				0.339484
			],
			[
				-0.49,
				0.353105
			],
			[
				-0.48,
				0.366727
			],
			[
				-0.47,
				0.380348
			],
			[
				-0.46,
				0.393969
			],
			[
				-0.45,
				0.407591
			],
			[
				-0.44,
				0.421212
			],
			[
				-0.43,
				0.434833
			],
			[
				-0.42,
				0.448455
			],
			[
				-0.41,
				0.462076
			],
			[
				-0.4,
				0.475698
			],
			[
				-0.39,
				0.489319
			],
			[
				-0.38,
				0.50294
			],
			[
				-0.37,
				0.516562
			],
			[
				-0.36,
				0.530183
			],
			[
				-0.35,
				0.543805
			],
			[
				-0.34,
				0.557426
			],
			[
				-0.33,
				0.571047
			],
			[
				-0.32,
				0.584669
			],
			[
				-0.31,
				0.59829
			],
			[
				-0.3,
				0.611911
			],
			[
				-0.29,
				0.625533
			],
			[
				-0.28,
				0.639154
			],
			[
				-0.27,
				0.652776
			],
			[
				-0.26,
				0.666397
			],
			[
				-0.25,
				0.680018
			],
			[
				-0.24,
				0.69364
			],
			[
				-0.23,
				0.707261
			],
			[
				-0.22,
				0.720883
			],
			[
				-0.21,
				0.734504
			],
			[
				-0.2,
				0.748125
			],
			[
				-0.19,
				0.761747
			],
			[
				-0.18,
				0.775368
			],
			[
				-0.17,
				0.788989
			],
			[
				-0.16,
				0.802611
			],
			[
				-0.15,
				0.816232
			],
			[
				-0.14,
				0.829854
			],
			[
				-0.13,
				0.843475
			],
			[
				-0.12,
				0.857096
			],
			[
				-0.11,
				0.870718
			],
			[
				-0.1,
				0.884339
			],
			[
				-0.09,
				0.897961
			],
			[
				-0.08,
				0.911582
			],
			[
				-0.07,
				0.925203
			],
			[
				-0.06,
				0.938825
			],
			[
				-0.05,
				0.952446
			],
			[
				-0.04,
				0.966067
			],
			[
				-0.03,
				0.979689
			],
			[
				-0.02,
				0.99331
			],
			[
				-0.01,
				1.00693
			],
			[
				0.0,
				1.02055
			]
		]
	}
}
