{
	"ID": 210,
	"name": "VACODYM_764TP_100C",
	"conductivity": 0.0,
	"relPermeability": 0.0,
	"remanence": "no information",
	"linear": false,
	"BHCurve": {
		"default": [
			[
				-0.6141369999999999,
				0.0
			],
			[
				-0.613348,
				0.0383766
			],
			[
				-0.612348,
				0.0870321
			],
			[
				-0.611348,
				0.135688
			],
			[
				-0.610348,
				0.184343
			],
			[
				-0.609348,
				0.232999
			],
			[
				-0.608348,
				0.285653
			],
			[
				-0.607348,
				0.342078
			],
			[
				-0.606348,
				0.37087
			],
			[
				-0.605348,
				0.381831
			],
			[
				-0.604348,
				0.389051
			],
			[
				-0.603348,
				0.395046
			],
			[
				-0.602348,
				0.400067
			],
			[
				-0.601348,
				0.404311
			],
			[
				-0.600348,
				0.408326
			],
			[
				-0.599348,
				0.412124
			],
			[
				-0.598348,
				0.415701
			],
			[
				-0.597348,
				0.419107
			],
			[
				-0.596348,
				0.422394
			],
			[
				-0.595348,
				0.425612
			],
			[
				-0.594348,
				0.428804
			],
			[
				-0.593348,
				0.431953
			],
			[
				-0.592348,
				0.435029
			],
			[
				-0.591348,
				0.438
			],
			[
				-0.590348,
				0.440838
			],
			[
				-0.589348,
				0.443512
			],
			[
				-0.588348,
				0.446034
			],
			[
				-0.587348,
				0.448471
			],
			[
				-0.586348,
				0.450831
			],
			[
				-0.585348,
				0.453119
			],
			[
				-0.584348,
				0.455343
			],
			[
				-0.583348,
				0.457508
			],
			[
				-0.582348,
				0.45962
			],
			[
				-0.581348,
				0.461686
			],
			[
				-0.580348,
				0.46371
			],
			[
				-0.579348,
				0.465701
			],
			[
				-0.578348,
				0.467662
			],
			[
				-0.577348,
				0.4696
			],
			[
				-0.576348,
				0.471505
			],
			[
				-0.575348,
				0.473372
			],
			[
				-0.574348,
				0.475203
			],
			[
				-0.573348,
				0.477002
			],
			[
				-0.572348,
				0.478771
			],
			[
				-0.571348,
				0.480512
			],
			[
				-0.570348,
				0.482229
			],
			[
				-0.569348,
				0.483925
			],
			[
				-0.568348,
				0.485601
			],
			[
				-0.567348,
				0.48726
			],
			[
				-0.566348,
				0.488906
			],
			[
				-0.565348,
				0.49054
			],
			[
				-0.564348,
				0.492166
			],
			[
				-0.563348,
				0.493786
			],
			[
				-0.562348,
				0.495399
			],
			[
				-0.561348,
				0.496998
			],
			[
				-0.560348,
				0.498581
			],
			[
				-0.559348,
				0.500151
			],
			[
				-0.558348,
				0.501706
			],
			[
				-0.557348,
				0.503248
			],
			[
				-0.556348,
				0.504777
			],
			[
				-0.555348,
				0.506293
			],
			[
				-0.554348,
				0.507797
			],
			[
				-0.553348,
				0.509289
			],
			[
				-0.552348,
				0.510769
			],
			[
				-0.551348,
				0.512239
			],
			[
				-0.550348,
				0.513698
			],
			[
				-0.549348,
				0.515147
			],
			[
				-0.548348,
				0.516586
			],
			[
				-0.547348,
				0.518016
			],
			[
				-0.546348,
				0.51944
			],
			[
				-0.5453479999999999,
				0.520856
			],
			[
				-0.5443479999999999,
				0.522264
			],
			[
				-0.5433479999999999,
				0.523666
			],
			[
				-0.5423479999999999,
				0.525061
			],
			[
				-0.5413479999999999,
				0.52645
			],
			[
				-0.5403479999999999,
				0.527832
			],
			[
				-0.5393479999999999,
				0.529208
			],
			[
				-0.5383479999999999,
				0.530578
			],
			[
				-0.5373479999999999,
				0.531943
			],
			[
				-0.5363479999999999,
				0.533302
			],
			[
				-0.5353479999999999,
				0.534656
			],
			[
				-0.5343479999999999,
				0.536005
			],
			[
				-0.5333479999999999,
				0.537349
			],
			[
				-0.5323479999999999,
				0.538689
			],
			[
				-0.5313479999999999,
				0.540024
			],
			[
				-0.5303479999999999,
				0.541355
			],
			[
				-0.5293479999999999,
				0.542682
			],
			[
				-0.5283479999999999,
				0.544006
			],
			[
				-0.5273479999999999,
				0.545326
			],
			[
				-0.5263479999999999,
				0.546642
			],
			[
				-0.5253479999999999,
				0.547956
			],
			[
				-0.5243479999999999,
				0.549267
			],
			[
				-0.5233479999999999,
				0.550575
			],
			[
				-0.5223479999999999,
				0.55188
			],
			[
				-0.5213479999999999,
				0.553184
			],
			[
				-0.5203479999999999,
				0.554485
			],
			[
				-0.5193479999999999,
				0.555785
			],
			[
				-0.5183479999999999,
				0.557083
			],
			[
				-0.5173479999999999,
				0.558379
			],
			[
				-0.5163479999999999,
				0.559675
			],
			[
				-0.5153479999999999,
				0.560969
			],
			[
				-0.5143479999999999,
				0.562263
			],
			[
				-0.5133479999999999,
				0.563557
			],
			[
				-0.5123479999999999,
				0.56485
			],
			[
				-0.511348,
				0.566143
			],
			[
				-0.510348,
				0.567436
			],
			[
				-0.509348,
				0.568729
			],
			[
				-0.508348,
				0.570023
			],
			[
				-0.507348,
				0.571318
			],
			[
				-0.506348,
				0.572614
			],
			[
				-0.505348,
				0.573911
			],
			[
				-0.504348,
				0.575209
			],
			[
				-0.5,
				0.580877
			],
			[
				-0.49,
				0.594096
			],
			[
				-0.48,
				0.607384
			],
			[
				-0.47,
				0.620672
			],
			[
				-0.46,
				0.63396
			],
			[
				-0.45,
				0.647248
			],
			[
				-0.44,
				0.660536
			],
			[
				-0.43,
				0.673824
			],
			[
				-0.42,
				0.687112
			],
			[
				-0.41,
				0.7004
			],
			[
				-0.4,
				0.713688
			],
			[
				-0.39,
				0.726977
			],
			[
				-0.38,
				0.740265
			],
			[
				-0.37,
				0.753553
			],
			[
				-0.36,
				0.766841
			],
			[
				-0.35,
				0.780129
			],
			[
				-0.34,
				0.793417
			],
			[
				-0.33,
				0.806705
			],
			[
				-0.32,
				0.819993
			],
			[
				-0.31,
				0.833281
			],
			[
				-0.3,
				0.846569
			],
			[
				-0.29,
				0.859857
			],
			[
				-0.28,
				0.873145
			],
			[
				-0.27,
				0.886433
			],
			[
				-0.26,
				0.899721
			],
			[
				-0.25,
				0.913009
			],
			[
				-0.24,
				0.926297
			],
			[
				-0.23,
				0.939585
			],
			[
				-0.22,
				0.952873
			],
			[
				-0.21,
				0.966161
			],
			[
				-0.2,
				0.979449
			],
			[
				-0.19,
				0.992738
			],
			[
				-0.18,
				1.00603
			],
			[
				-0.17,
				1.01931
			],
			[
				-0.16,
				1.0326
			],
			[
				-0.15,
				1.04589
			],
			[
				-0.14,
				1.05918
			],
			[
				-0.13,
				1.07247
			],
			[
				-0.12,
				1.08575
			],
			[
				-0.11,
				1.09904
			],
			[
				-0.1,
				1.11233
			],
			[
				-0.09,
				1.12562
			],
			[
				-0.08,
				1.13891
			],
			[
				-0.07,
				1.15219
			],
			[
				-0.06,
				1.16548
			],
			[
				-0.05,
				1.17877
			],
			[
				-0.04,
				1.19206
			],
			[
				-0.03,
				1.20535
			],
			[
				-0.02,
				1.21863
			],
			[
				-0.01,
				1.23192
			],
			[
				0.0,
				1.24521
			]
		]
	}
}
