{
	"ID": 152,
	"name": "VACODYM_655TP_60C",
	"conductivity": 0.0,
	"relPermeability": 0.0,
	"remanence": "no information",
	"linear": false,
	"BHCurve": {
		"default": [
			[
				-0.927961,
				0.0
			],
			[
				-0.92,
				0.0104467
			],
			[
				-0.91,
				0.0235687
			],
			[
				-0.9,
				0.0366907
			],
			[
				-0.89,
				0.0498128
			],
			[
				-0.88,
				0.0629348
			],
			[
				-0.87,
				0.0760568
			],
			[
				-0.86,
				0.0891788
			],
			[
				-0.85,
				0.102301
			],
			[
				-0.84,
				0.115423
			],
			[
				-0.83,
				0.128545
			],
			[
				-0.82,
				0.141667
			],
			[
				-0.81,
				0.154789
			],
			[
				-0.8,
				0.167911
			],
			[
				-0.79,
				0.181033
			],
			[
				-0.78,
				0.194155
			],
			[
				-0.77,
				0.207277
			],
			[
				-0.76,
				0.220399
			],
			[
				-0.75,
				0.233521
			],
			[
				-0.74,
				0.246643
			],
			[
				-0.73,
				0.259765
			],
			[
				-0.72,
				0.272887
			],
			[
				-0.71,
				0.286009
			],
			[
				-0.7,
				0.299131
			],
			[
				-0.69,
				0.312253
			],
			[
				-0.68,
				0.325375
			],
			[
				-0.67,
				0.338497
			],
			[
				-0.66,
				0.351619
			],
			[
				-0.65,
				0.364741
			],
			[
				-0.64,
				0.377863
			],
			[
				-0.63,
				0.390985
			],
			[
				-0.62,
				0.404107
			],
			[
				-0.61,
				0.417229
			],
			[
				-0.6,
				0.430351
			],
			[
				-0.59,
				0.443473
			],
			[
				-0.58,
				0.456595
			],
			[
				-0.57,
				0.469717
			],
			[
				-0.56,
				0.482839
			],
			[
				-0.55,
				0.495961
			],
			[
				-0.54,
				0.509083
			],
			[
				-0.53,
				0.522205
			],
			[
				-0.52,
				0.535327
			],
			[
				-0.51,
				0.548449
			],
			[
				-0.5,
				0.561571
			],
			[
				-0.49,
				0.574693
			],
			[
				-0.48,
				0.587815
			],
			[
				-0.47,
				0.600937
			],
			[
				-0.46,
				0.614059
			],
			[
				-0.45,
				0.627181
			],
			[
				-0.44,
				0.640303
			],
			[
				-0.43,
				0.653425
			],
			[
				-0.42,
				0.666547
			],
			[
				-0.41,
				0.679669
			],
			[
				-0.4,
				0.692791
			],
			[
				-0.39,
				0.705913
			],
			[
				-0.38,
				0.719035
			],
			[
				-0.37,
				0.732157
			],
			[
				-0.36,
				0.745279
			],
			[
				-0.35,
				0.758401
			],
			[
				-0.34,
				0.771523
			],
			[
				-0.33,
				0.784645
			],
			[
				-0.32,
				0.797767
			],
			[
				-0.31,
				0.810889
			],
			[
				-0.3,
				0.824011
			],
			[
				-0.29,
				0.837134
			],
			[
				-0.28,
				0.850256
			],
			[
				-0.27,
				0.863378
			],
			[
				-0.26,
				0.8765
			],
			[
				-0.25,
				0.889622
			],
			[
				-0.24,
				0.902744
			],
			[
				-0.23,
				0.915866
			],
			[
				-0.22,
				0.928988
			],
			[
				-0.21,
				0.94211
			],
			[
				-0.2,
				0.955232
			],
			[
				-0.19,
				0.968354
			],
			[
				-0.18,
				0.981476
			],
			[
				-0.17,
				0.994598
			],
			[
				-0.16,
				1.00772
			],
			[
				-0.15,
				1.02084
			],
			[
				-0.14,
				1.03396
			],
			[
				-0.13,
				1.04709
			],
			[
				-0.12,
				1.06021
			],
			[
				-0.11,
				1.07333
			],
			[
				-0.1,
				1.08645
			],
			[
				-0.09,
				1.09957
			],
			[
				-0.08,
				1.1127
			],
			[
				-0.07,
				1.12582
			],
			[
				-0.06,
				1.13894
			],
			[
				-0.05,
				1.15206
			],
			[
				-0.04,
				1.16518
			],
			[
				-0.03,
				1.17831
			],
			[
				-0.02,
				1.19143
			],
			[
				-0.01,
				1.20455
			],
			[
				0.0,
				1.21767
			]
		]
	}
}
