{
	"ID": 157,
	"name": "VACODYM_669AP_180C",
	"conductivity": 0.0,
	"relPermeability": 1.0,
	"remanence": 0.0,
	"linear": false,
	"BHCurve": {
		"default": [
			[
				-0.524138,
				0.0
			],
			[
				-0.5232910000000001,
				0.0309087
			],
			[
				-0.5222910000000001,
				0.0673757
			],
			[
				-0.5212910000000001,
				0.10394
			],
			[
				-0.5202910000000001,
				0.146113
			],
			[
				-0.5192910000000001,
				0.181339
			],
			[
				-0.5182910000000001,
				0.196454
			],
			[
				-0.5172910000000001,
				0.20574
			],
			[
				-0.516291,
				0.212661
			],
			[
				-0.515291,
				0.218166
			],
			[
				-0.514291,
				0.222709
			],
			[
				-0.513291,
				0.226986
			],
			[
				-0.512291,
				0.230966
			],
			[
				-0.511291,
				0.234696
			],
			[
				-0.510291,
				0.238248
			],
			[
				-0.509291,
				0.241696
			],
			[
				-0.508291,
				0.245105
			],
			[
				-0.507291,
				0.248458
			],
			[
				-0.506291,
				0.251712
			],
			[
				-0.505291,
				0.254819
			],
			[
				-0.504291,
				0.257736
			],
			[
				-0.503291,
				0.260439
			],
			[
				-0.502291,
				0.26302
			],
			[
				-0.501291,
				0.265504
			],
			[
				-0.500291,
				0.267898
			],
			[
				-0.499291,
				0.270213
			],
			[
				-0.498291,
				0.272455
			],
			[
				-0.497291,
				0.274634
			],
			[
				-0.496291,
				0.276758
			],
			[
				-0.495291,
				0.278835
			],
			[
				-0.494291,
				0.280875
			],
			[
				-0.493291,
				0.282883
			],
			[
				-0.492291,
				0.284846
			],
			[
				-0.491291,
				0.286762
			],
			[
				-0.490291,
				0.288636
			],
			[
				-0.489291,
				0.290471
			],
			[
				-0.488291,
				0.292271
			],
			[
				-0.487291,
				0.294039
			],
			[
				-0.486291,
				0.29578
			],
			[
				-0.485291,
				0.297498
			],
			[
				-0.48429099999999997,
				0.299196
			],
			[
				-0.48329099999999997,
				0.300877
			],
			[
				-0.48229099999999997,
				0.302546
			],
			[
				-0.481291,
				0.304207
			],
			[
				-0.480291,
				0.305859
			],
			[
				-0.479291,
				0.307489
			],
			[
				-0.478291,
				0.309099
			],
			[
				-0.477291,
				0.310691
			],
			[
				-0.476291,
				0.312264
			],
			[
				-0.475291,
				0.313822
			],
			[
				-0.474291,
				0.315364
			],
			[
				-0.473291,
				0.316892
			],
			[
				-0.472291,
				0.318407
			],
			[
				-0.471291,
				0.319911
			],
			[
				-0.470291,
				0.321404
			],
			[
				-0.469291,
				0.322888
			],
			[
				-0.468291,
				0.324364
			],
			[
				-0.467291,
				0.325833
			],
			[
				-0.466291,
				0.327293
			],
			[
				-0.465291,
				0.328746
			],
			[
				-0.464291,
				0.330191
			],
			[
				-0.463291,
				0.331628
			],
			[
				-0.462291,
				0.333059
			],
			[
				-0.461291,
				0.334483
			],
			[
				-0.460291,
				0.3359
			],
			[
				-0.459291,
				0.337311
			],
			[
				-0.458291,
				0.338716
			],
			[
				-0.457291,
				0.340115
			],
			[
				-0.456291,
				0.341509
			],
			[
				-0.455291,
				0.342898
			],
			[
				-0.454291,
				0.344282
			],
			[
				-0.453291,
				0.345661
			],
			[
				-0.452291,
				0.347036
			],
			[
				-0.451291,
				0.348406
			],
			[
				-0.450291,
				0.349773
			],
			[
				-0.449291,
				0.351137
			],
			[
				-0.448291,
				0.352497
			],
			[
				-0.447291,
				0.353854
			],
			[
				-0.446291,
				0.355208
			],
			[
				-0.445291,
				0.35656
			],
			[
				-0.444291,
				0.357909
			],
			[
				-0.443291,
				0.359257
			],
			[
				-0.442291,
				0.360603
			],
			[
				-0.441291,
				0.361948
			],
			[
				-0.440291,
				0.363291
			],
			[
				-0.439291,
				0.364634
			],
			[
				-0.438291,
				0.365976
			],
			[
				-0.437291,
				0.367318
			],
			[
				-0.436291,
				0.36866
			],
			[
				-0.435291,
				0.370002
			],
			[
				-0.434291,
				0.371344
			],
			[
				-0.43,
				0.377116
			],
			[
				-0.42,
				0.390738
			],
			[
				-0.41,
				0.404484
			],
			[
				-0.4,
				0.41823
			],
			[
				-0.39,
				0.431976
			],
			[
				-0.38,
				0.445721
			],
			[
				-0.37,
				0.459467
			],
			[
				-0.36,
				0.473213
			],
			[
				-0.35,
				0.486959
			],
			[
				-0.34,
				0.500705
			],
			[
				-0.33,
				0.514451
			],
			[
				-0.32,
				0.528197
			],
			[
				-0.31,
				0.541943
			],
			[
				-0.3,
				0.555689
			],
			[
				-0.29,
				0.569435
			],
			[
				-0.28,
				0.583181
			],
			[
				-0.27,
				0.596927
			],
			[
				-0.26,
				0.610672
			],
			[
				-0.25,
				0.624418
			],
			[
				-0.24,
				0.638164
			],
			[
				-0.23,
				0.65191
			],
			[
				-0.22,
				0.665656
			],
			[
				-0.21,
				0.679402
			],
			[
				-0.2,
				0.693148
			],
			[
				-0.19,
				0.706894
			],
			[
				-0.18,
				0.72064
			],
			[
				-0.17,
				0.734386
			],
			[
				-0.16,
				0.748132
			],
			[
				-0.15,
				0.761877
			],
			[
				-0.14,
				0.775623
			],
			[
				-0.13,
				0.789369
			],
			[
				-0.12,
				0.803115
			],
			[
				-0.11,
				0.816861
			],
			[
				-0.1,
				0.830607
			],
			[
				-0.09,
				0.844353
			],
			[
				-0.08,
				0.858099
			],
			[
				-0.07,
				0.871845
			],
			[
				-0.06,
				0.885591
			],
			[
				-0.05,
				0.899337
			],
			[
				-0.04,
				0.913082
			],
			[
				-0.03,
				0.926828
			],
			[
				-0.02,
				0.940574
			],
			[
				-0.01,
				0.95432
			],
			[
				0.0,
				0.968066
			]
		]
	}
}
