{
	"ID": 279,
	"name": "VACODYM_854TP_150C",
	"conductivity": 0.0,
	"relPermeability": 1.0,
	"remanence": 0.0,
	"linear": false,
	"BHCurve": {
		"default": [
			[
				-0.5522999999999999,
				0.0
			],
			[
				-0.5520579999999999,
				0.0104871
			],
			[
				-0.551058,
				0.0537921
			],
			[
				-0.550058,
				0.0970971
			],
			[
				-0.549058,
				0.140402
			],
			[
				-0.548058,
				0.183707
			],
			[
				-0.547058,
				0.227923
			],
			[
				-0.546058,
				0.279241
			],
			[
				-0.545058,
				0.315823
			],
			[
				-0.544058,
				0.328964
			],
			[
				-0.543058,
				0.337355
			],
			[
				-0.542058,
				0.343857
			],
			[
				-0.541058,
				0.349153
			],
			[
				-0.540058,
				0.353576
			],
			[
				-0.539058,
				0.357758
			],
			[
				-0.538058,
				0.361667
			],
			[
				-0.537058,
				0.365337
			],
			[
				-0.536058,
				0.368833
			],
			[
				-0.535058,
				0.372219
			],
			[
				-0.534058,
				0.375559
			],
			[
				-0.533058,
				0.37886
			],
			[
				-0.532058,
				0.382082
			],
			[
				-0.531058,
				0.385185
			],
			[
				-0.530058,
				0.388129
			],
			[
				-0.529058,
				0.390876
			],
			[
				-0.528058,
				0.393465
			],
			[
				-0.527058,
				0.395958
			],
			[
				-0.526058,
				0.398364
			],
			[
				-0.525058,
				0.400691
			],
			[
				-0.524058,
				0.402946
			],
			[
				-0.523058,
				0.405137
			],
			[
				-0.522058,
				0.407271
			],
			[
				-0.521058,
				0.409356
			],
			[
				-0.520058,
				0.4114
			],
			[
				-0.519058,
				0.413409
			],
			[
				-0.518058,
				0.415391
			],
			[
				-0.517058,
				0.417329
			],
			[
				-0.516058,
				0.419225
			],
			[
				-0.515058,
				0.421081
			],
			[
				-0.514058,
				0.4229
			],
			[
				-0.513058,
				0.424687
			],
			[
				-0.512058,
				0.426444
			],
			[
				-0.511058,
				0.428174
			],
			[
				-0.510058,
				0.429882
			],
			[
				-0.509058,
				0.43157
			],
			[
				-0.508058,
				0.433242
			],
			[
				-0.507058,
				0.434902
			],
			[
				-0.506058,
				0.436552
			],
			[
				-0.505058,
				0.438196
			],
			[
				-0.504058,
				0.439826
			],
			[
				-0.503058,
				0.441438
			],
			[
				-0.502058,
				0.443033
			],
			[
				-0.501058,
				0.44461
			],
			[
				-0.500058,
				0.446172
			],
			[
				-0.499058,
				0.447718
			],
			[
				-0.498058,
				0.44925
			],
			[
				-0.497058,
				0.450769
			],
			[
				-0.496058,
				0.452274
			],
			[
				-0.495058,
				0.453767
			],
			[
				-0.494058,
				0.455249
			],
			[
				-0.493058,
				0.45672
			],
			[
				-0.492058,
				0.458182
			],
			[
				-0.491058,
				0.459634
			],
			[
				-0.490058,
				0.461078
			],
			[
				-0.489058,
				0.462514
			],
			[
				-0.488058,
				0.463942
			],
			[
				-0.487058,
				0.465362
			],
			[
				-0.486058,
				0.466775
			],
			[
				-0.485058,
				0.468181
			],
			[
				-0.484058,
				0.46958
			],
			[
				-0.483058,
				0.470972
			],
			[
				-0.482058,
				0.472358
			],
			[
				-0.481058,
				0.473738
			],
			[
				-0.480058,
				0.475112
			],
			[
				-0.479058,
				0.476481
			],
			[
				-0.478058,
				0.477845
			],
			[
				-0.477058,
				0.479203
			],
			[
				-0.476058,
				0.480557
			],
			[
				-0.475058,
				0.481907
			],
			[
				-0.474058,
				0.483252
			],
			[
				-0.473058,
				0.484593
			],
			[
				-0.472058,
				0.485931
			],
			[
				-0.471058,
				0.487265
			],
			[
				-0.470058,
				0.488596
			],
			[
				-0.469058,
				0.489924
			],
			[
				-0.468058,
				0.49125
			],
			[
				-0.467058,
				0.492573
			],
			[
				-0.466058,
				0.493895
			],
			[
				-0.46505799999999997,
				0.495214
			],
			[
				-0.46405799999999997,
				0.496532
			],
			[
				-0.46305799999999997,
				0.497848
			],
			[
				-0.46205799999999997,
				0.499164
			],
			[
				-0.46105799999999997,
				0.500479
			],
			[
				-0.46005799999999997,
				0.501793
			],
			[
				-0.45905799999999997,
				0.503107
			],
			[
				-0.45805799999999997,
				0.504421
			],
			[
				-0.457058,
				0.505736
			],
			[
				-0.456058,
				0.507051
			],
			[
				-0.455058,
				0.508366
			],
			[
				-0.45,
				0.515044
			],
			[
				-0.44,
				0.528444
			],
			[
				-0.43,
				0.541939
			],
			[
				-0.42,
				0.555435
			],
			[
				-0.41,
				0.568931
			],
			[
				-0.4,
				0.582426
			],
			[
				-0.39,
				0.595922
			],
			[
				-0.38,
				0.609417
			],
			[
				-0.37,
				0.622913
			],
			[
				-0.36,
				0.636408
			],
			[
				-0.35,
				0.649904
			],
			[
				-0.34,
				0.6634
			],
			[
				-0.33,
				0.676895
			],
			[
				-0.32,
				0.690391
			],
			[
				-0.31,
				0.703886
			],
			[
				-0.3,
				0.717382
			],
			[
				-0.29,
				0.730878
			],
			[
				-0.28,
				0.744373
			],
			[
				-0.27,
				0.757869
			],
			[
				-0.26,
				0.771364
			],
			[
				-0.25,
				0.78486
			],
			[
				-0.24,
				0.798356
			],
			[
				-0.23,
				0.811851
			],
			[
				-0.22,
				0.825347
			],
			[
				-0.21,
				0.838842
			],
			[
				-0.2,
				0.852338
			],
			[
				-0.19,
				0.865834
			],
			[
				-0.18,
				0.879329
			],
			[
				-0.17,
				0.892825
			],
			[
				-0.16,
				0.90632
			],
			[
				-0.15,
				0.919816
			],
			[
				-0.14,
				0.933312
			],
			[
				-0.13,
				0.946807
			],
			[
				-0.12,
				0.960303
			],
			[
				-0.11,
				0.973798
			],
			[
				-0.1,
				0.987294
			],
			[
				-0.09,
				1.00079
			],
			[
				-0.08,
				1.01429
			],
			[
				-0.07,
				1.02778
			],
			[
				-0.06,
				1.04128
			],
			[
				-0.05,
				1.05477
			],
			[
				-0.04,
				1.06827
			],
			[
				-0.03,
				1.08176
			],
			[
				-0.02,
				1.09526
			],
			[
				-0.01,
				1.10875
			],
			[
				0.0,
				1.12225
			]
		]
	}
}
