{
	"ID": 321,
	"name": "VACODYM_872AP_80C",
	"conductivity": 0.0,
	"relPermeability": 0.0,
	"remanence": "no information",
	"linear": false,
	"BHCurve": {
		"default": [
			[
				-0.830083,
				0.0
			],
			[
				-0.83,
				0.000110138
			],
			[
				-0.82,
				0.013441
			],
			[
				-0.81,
				0.0267718
			],
			[
				-0.8,
				0.0401026
			],
			[
				-0.79,
				0.0534334
			],
			[
				-0.78,
				0.0667642
			],
			[
				-0.77,
				0.080095
			],
			[
				-0.76,
				0.0934259
			],
			[
				-0.75,
				0.106757
			],
			[
				-0.74,
				0.120087
			],
			[
				-0.73,
				0.133418
			],
			[
				-0.72,
				0.146749
			],
			[
				-0.71,
				0.16008
			],
			[
				-0.7,
				0.173411
			],
			[
				-0.69,
				0.186742
			],
			[
				-0.68,
				0.200072
			],
			[
				-0.67,
				0.213403
			],
			[
				-0.66,
				0.226734
			],
			[
				-0.65,
				0.240065
			],
			[
				-0.64,
				0.253396
			],
			[
				-0.63,
				0.266726
			],
			[
				-0.62,
				0.280057
			],
			[
				-0.61,
				0.293388
			],
			[
				-0.6,
				0.306719
			],
			[
				-0.59,
				0.32005
			],
			[
				-0.58,
				0.333381
			],
			[
				-0.57,
				0.346711
			],
			[
				-0.56,
				0.360042
			],
			[
				-0.55,
				0.373373
			],
			[
				-0.54,
				0.386704
			],
			[
				-0.53,
				0.400035
			],
			[
				-0.52,
				0.413365
			],
			[
				-0.51,
				0.426696
			],
			[
				-0.5,
				0.440027
			],
			[
				-0.49,
				0.453358
			],
			[
				-0.48,
				0.466689
			],
			[
				-0.47,
				0.48002
			],
			[
				-0.46,
				0.49335
			],
			[
				-0.45,
				0.506681
			],
			[
				-0.44,
				0.520012
			],
			[
				-0.43,
				0.533343
			],
			[
				-0.42,
				0.546674
			],
			[
				-0.41,
				0.560004
			],
			[
				-0.4,
				0.573335
			],
			[
				-0.39,
				0.586666
			],
			[
				-0.38,
				0.599997
			],
			[
				-0.37,
				0.613328
			],
			[
				-0.36,
				0.626659
			],
			[
				-0.35,
				0.639989
			],
			[
				-0.34,
				0.65332
			],
			[
				-0.33,
				0.666651
			],
			[
				-0.32,
				0.679982
			],
			[
				-0.31,
				0.693313
			],
			[
				-0.3,
				0.706643
			],
			[
				-0.29,
				0.719974
			],
			[
				-0.28,
				0.733305
			],
			[
				-0.27,
				0.746636
			],
			[
				-0.26,
				0.759967
			],
			[
				-0.25,
				0.773298
			],
			[
				-0.24,
				0.786628
			],
			[
				-0.23,
				0.799959
			],
			[
				-0.22,
				0.81329
			],
			[
				-0.21,
				0.826621
			],
			[
				-0.2,
				0.839952
			],
			[
				-0.19,
				0.853282
			],
			[
				-0.18,
				0.866613
			],
			[
				-0.17,
				0.879944
			],
			[
				-0.16,
				0.893275
			],
			[
				-0.15,
				0.906606
			],
			[
				-0.14,
				0.919937
			],
			[
				-0.13,
				0.933267
			],
			[
				-0.12,
				0.946598
			],
			[
				-0.11,
				0.959929
			],
			[
				-0.1,
				0.97326
			],
			[
				-0.09,
				0.986591
			],
			[
				-0.08,
				0.999921
			],
			[
				-0.07,
				1.01325
			],
			[
				-0.06,
				1.02658
			],
			[
				-0.05,
				1.03991
			],
			[
				-0.04,
				1.05324
			],
			[
				-0.03,
				1.06658
			],
			[
				-0.02,
				1.07991
			],
			[
				-0.01,
				1.09324
			],
			[
				0.0,
				1.10657
			]
		]
	}
}
