{
	"ID": 345,
	"name": "VACODYM_890AP_100C",
	"conductivity": 0.0,
	"relPermeability": 0.0,
	"remanence": "no information",
	"linear": false,
	"BHCurve": {
		"default": [
			[
				-0.768266,
				0.0
			],
			[
				-0.76,
				0.0110884
			],
			[
				-0.75,
				0.0245023
			],
			[
				-0.74,
				0.0379161
			],
			[
				-0.73,
				0.0513299
			],
			[
				-0.72,
				0.0647438
			],
			[
				-0.71,
				0.0781576
			],
			[
				-0.7,
				0.0915714
			],
			[
				-0.69,
				0.104985
			],
			[
				-0.68,
				0.118399
			],
			[
				-0.67,
				0.131813
			],
			[
				-0.66,
				0.145227
			],
			[
				-0.65,
				0.158641
			],
			[
				-0.64,
				0.172054
			],
			[
				-0.63,
				0.185468
			],
			[
				-0.62,
				0.198882
			],
			[
				-0.61,
				0.212296
			],
			[
				-0.6,
				0.22571
			],
			[
				-0.59,
				0.239124
			],
			[
				-0.58,
				0.252537
			],
			[
				-0.57,
				0.265951
			],
			[
				-0.56,
				0.279365
			],
			[
				-0.55,
				0.292779
			],
			[
				-0.54,
				0.306193
			],
			[
				-0.53,
				0.319607
			],
			[
				-0.52,
				0.333021
			],
			[
				-0.51,
				0.346434
			],
			[
				-0.5,
				0.359848
			],
			[
				-0.49,
				0.373262
			],
			[
				-0.48,
				0.386676
			],
			[
				-0.47,
				0.40009
			],
			[
				-0.46,
				0.413504
			],
			[
				-0.45,
				0.426917
			],
			[
				-0.44,
				0.440331
			],
			[
				-0.43,
				0.453745
			],
			[
				-0.42,
				0.467159
			],
			[
				-0.41,
				0.480573
			],
			[
				-0.4,
				0.493987
			],
			[
				-0.39,
				0.5074
			],
			[
				-0.38,
				0.520814
			],
			[
				-0.37,
				0.534228
			],
			[
				-0.36,
				0.547642
			],
			[
				-0.35,
				0.561056
			],
			[
				-0.34,
				0.57447
			],
			[
				-0.33,
				0.587883
			],
			[
				-0.32,
				0.601297
			],
			[
				-0.31,
				0.614711
			],
			[
				-0.3,
				0.628125
			],
			[
				-0.29,
				0.641539
			],
			[
				-0.28,
				0.654953
			],
			[
				-0.27,
				0.668366
			],
			[
				-0.26,
				0.68178
			],
			[
				-0.25,
				0.695194
			],
			[
				-0.24,
				0.708608
			],
			[
				-0.23,
				0.722022
			],
			[
				-0.22,
				0.735436
			],
			[
				-0.21,
				0.748849
			],
			[
				-0.2,
				0.762263
			],
			[
				-0.19,
				0.775677
			],
			[
				-0.18,
				0.789091
			],
			[
				-0.17,
				0.802505
			],
			[
				-0.16,
				0.815919
			],
			[
				-0.15,
				0.829332
			],
			[
				-0.14,
				0.842746
			],
			[
				-0.13,
				0.85616
			],
			[
				-0.12,
				0.869574
			],
			[
				-0.11,
				0.882988
			],
			[
				-0.1,
				0.896402
			],
			[
				-0.09,
				0.909815
			],
			[
				-0.08,
				0.923229
			],
			[
				-0.07,
				0.936643
			],
			[
				-0.06,
				0.950057
			],
			[
				-0.05,
				0.963471
			],
			[
				-0.04,
				0.976885
			],
			[
				-0.03,
				0.990298
			],
			[
				-0.02,
				1.00371
			],
			[
				-0.01,
				1.01713
			],
			[
				0.0,
				1.03054
			]
		]
	}
}
