{
	"ID": 265,
	"name": "VACODYM_837TP_120C",
	"conductivity": 0.0,
	"relPermeability": 1.0,
	"remanence": 0.0,
	"linear": false,
	"BHCurve": {
		"default": [
			[
				-0.5736870000000001,
				0.0
			],
			[
				-0.57348,
				0.00984197
			],
			[
				-0.57248,
				0.0571745
			],
			[
				-0.57148,
				0.104507
			],
			[
				-0.57048,
				0.15184
			],
			[
				-0.56948,
				0.199172
			],
			[
				-0.56848,
				0.246505
			],
			[
				-0.56748,
				0.295646
			],
			[
				-0.56648,
				0.351951
			],
			[
				-0.56548,
				0.387871
			],
			[
				-0.56448,
				0.400202
			],
			[
				-0.56348,
				0.408133
			],
			[
				-0.56248,
				0.414427
			],
			[
				-0.56148,
				0.419628
			],
			[
				-0.56048,
				0.423988
			],
			[
				-0.55948,
				0.428109
			],
			[
				-0.55848,
				0.431979
			],
			[
				-0.55748,
				0.435616
			],
			[
				-0.55648,
				0.439078
			],
			[
				-0.55548,
				0.442427
			],
			[
				-0.55448,
				0.445721
			],
			[
				-0.55348,
				0.448984
			],
			[
				-0.55248,
				0.452183
			],
			[
				-0.55148,
				0.455281
			],
			[
				-0.55048,
				0.458243
			],
			[
				-0.54948,
				0.461032
			],
			[
				-0.54848,
				0.463638
			],
			[
				-0.54748,
				0.466142
			],
			[
				-0.54648,
				0.46856
			],
			[
				-0.54548,
				0.470899
			],
			[
				-0.54448,
				0.473167
			],
			[
				-0.54348,
				0.475369
			],
			[
				-0.5424800000000001,
				0.477514
			],
			[
				-0.5414800000000001,
				0.479608
			],
			[
				-0.5404800000000001,
				0.481658
			],
			[
				-0.5394800000000001,
				0.483671
			],
			[
				-0.5384800000000001,
				0.485655
			],
			[
				-0.5374800000000001,
				0.48761
			],
			[
				-0.5364800000000001,
				0.489524
			],
			[
				-0.5354800000000001,
				0.491397
			],
			[
				-0.5344800000000001,
				0.493233
			],
			[
				-0.5334800000000001,
				0.495035
			],
			[
				-0.5324800000000001,
				0.496806
			],
			[
				-0.5314800000000001,
				0.498549
			],
			[
				-0.5304800000000001,
				0.500268
			],
			[
				-0.5294800000000001,
				0.501965
			],
			[
				-0.5284800000000001,
				0.503643
			],
			[
				-0.5274800000000001,
				0.505306
			],
			[
				-0.5264800000000001,
				0.506957
			],
			[
				-0.5254800000000001,
				0.508598
			],
			[
				-0.5244800000000001,
				0.510234
			],
			[
				-0.5234800000000001,
				0.511859
			],
			[
				-0.52248,
				0.513467
			],
			[
				-0.52148,
				0.515059
			],
			[
				-0.52048,
				0.516635
			],
			[
				-0.51948,
				0.518196
			],
			[
				-0.51848,
				0.519743
			],
			[
				-0.51748,
				0.521275
			],
			[
				-0.51648,
				0.522793
			],
			[
				-0.51548,
				0.524299
			],
			[
				-0.51448,
				0.525792
			],
			[
				-0.51348,
				0.527273
			],
			[
				-0.51248,
				0.528742
			],
			[
				-0.51148,
				0.530201
			],
			[
				-0.51048,
				0.53165
			],
			[
				-0.50948,
				0.53309
			],
			[
				-0.50848,
				0.534521
			],
			[
				-0.50748,
				0.535945
			],
			[
				-0.50648,
				0.537361
			],
			[
				-0.50548,
				0.538769
			],
			[
				-0.50448,
				0.54017
			],
			[
				-0.50348,
				0.541564
			],
			[
				-0.50248,
				0.542951
			],
			[
				-0.50148,
				0.544332
			],
			[
				-0.50048,
				0.545707
			],
			[
				-0.49948000000000004,
				0.547076
			],
			[
				-0.49848000000000003,
				0.548439
			],
			[
				-0.49748000000000003,
				0.549796
			],
			[
				-0.49648000000000003,
				0.551149
			],
			[
				-0.49548000000000003,
				0.552496
			],
			[
				-0.49448000000000003,
				0.553838
			],
			[
				-0.49348000000000003,
				0.555177
			],
			[
				-0.49248000000000003,
				0.556511
			],
			[
				-0.49148000000000003,
				0.55784
			],
			[
				-0.49048,
				0.559167
			],
			[
				-0.48948,
				0.560489
			],
			[
				-0.48848,
				0.561809
			],
			[
				-0.48748,
				0.563126
			],
			[
				-0.48648,
				0.56444
			],
			[
				-0.48548,
				0.565751
			],
			[
				-0.48448,
				0.56706
			],
			[
				-0.48348,
				0.568368
			],
			[
				-0.48248,
				0.569673
			],
			[
				-0.48148,
				0.570977
			],
			[
				-0.48048,
				0.57228
			],
			[
				-0.47948,
				0.573582
			],
			[
				-0.47848,
				0.574883
			],
			[
				-0.47748,
				0.576184
			],
			[
				-0.47648,
				0.577485
			],
			[
				-0.47548,
				0.578786
			],
			[
				-0.47448,
				0.580087
			],
			[
				-0.47348,
				0.581388
			],
			[
				-0.47248,
				0.582691
			],
			[
				-0.47148,
				0.583994
			],
			[
				-0.47,
				0.585925
			],
			[
				-0.46,
				0.599115
			],
			[
				-0.45,
				0.612486
			],
			[
				-0.44,
				0.625857
			],
			[
				-0.43,
				0.639228
			],
			[
				-0.42,
				0.652599
			],
			[
				-0.41,
				0.66597
			],
			[
				-0.4,
				0.679341
			],
			[
				-0.39,
				0.692712
			],
			[
				-0.38,
				0.706083
			],
			[
				-0.37,
				0.719454
			],
			[
				-0.36,
				0.732826
			],
			[
				-0.35,
				0.746197
			],
			[
				-0.34,
				0.759568
			],
			[
				-0.33,
				0.772939
			],
			[
				-0.32,
				0.78631
			],
			[
				-0.31,
				0.799681
			],
			[
				-0.3,
				0.813052
			],
			[
				-0.29,
				0.826423
			],
			[
				-0.28,
				0.839794
			],
			[
				-0.27,
				0.853165
			],
			[
				-0.26,
				0.866536
			],
			[
				-0.25,
				0.879907
			],
			[
				-0.24,
				0.893278
			],
			[
				-0.23,
				0.906649
			],
			[
				-0.22,
				0.92002
			],
			[
				-0.21,
				0.933392
			],
			[
				-0.2,
				0.946763
			],
			[
				-0.19,
				0.960134
			],
			[
				-0.18,
				0.973505
			],
			[
				-0.17,
				0.986876
			],
			[
				-0.16,
				1.00025
			],
			[
				-0.15,
				1.01362
			],
			[
				-0.14,
				1.02699
			],
			[
				-0.13,
				1.04036
			],
			[
				-0.12,
				1.05373
			],
			[
				-0.11,
				1.0671
			],
			[
				-0.1,
				1.08047
			],
			[
				-0.09,
				1.09384
			],
			[
				-0.08,
				1.10722
			],
			[
				-0.07,
				1.12059
			],
			[
				-0.06,
				1.13396
			],
			[
				-0.05,
				1.14733
			],
			[
				-0.04,
				1.1607
			],
			[
				-0.03,
				1.17407
			],
			[
				-0.02,
				1.18744
			],
			[
				-0.01,
				1.20081
			],
			[
				0.0,
				1.21418
			]
		]
	}
}
