{
	"ID": 211,
	"name": "VACODYM_764TP_120C",
	"conductivity": 0.0,
	"relPermeability": 0.0,
	"remanence": "no information",
	"linear": false,
	"BHCurve": {
		"default": [
			[
				-0.4688,
				0.0
			],
			[
				-0.46821199999999996,
				0.0279735
			],
			[
				-0.467212,
				0.0756054
			],
			[
				-0.466212,
				0.123237
			],
			[
				-0.465212,
				0.170869
			],
			[
				-0.464212,
				0.218501
			],
			[
				-0.463212,
				0.266133
			],
			[
				-0.462212,
				0.313765
			],
			[
				-0.461212,
				0.361397
			],
			[
				-0.460212,
				0.409029
			],
			[
				-0.459212,
				0.462467
			],
			[
				-0.458212,
				0.514167
			],
			[
				-0.457212,
				0.537308
			],
			[
				-0.456212,
				0.548067
			],
			[
				-0.455212,
				0.555573
			],
			[
				-0.454212,
				0.56137
			],
			[
				-0.453212,
				0.566164
			],
			[
				-0.452212,
				0.57065
			],
			[
				-0.451212,
				0.574773
			],
			[
				-0.450212,
				0.578636
			],
			[
				-0.449212,
				0.582343
			],
			[
				-0.448212,
				0.585987
			],
			[
				-0.447212,
				0.589565
			],
			[
				-0.446212,
				0.59301
			],
			[
				-0.445212,
				0.596257
			],
			[
				-0.444212,
				0.599241
			],
			[
				-0.443212,
				0.602012
			],
			[
				-0.442212,
				0.604658
			],
			[
				-0.441212,
				0.607192
			],
			[
				-0.440212,
				0.609624
			],
			[
				-0.439212,
				0.611967
			],
			[
				-0.438212,
				0.614232
			],
			[
				-0.437212,
				0.616431
			],
			[
				-0.436212,
				0.618575
			],
			[
				-0.435212,
				0.620676
			],
			[
				-0.434212,
				0.622727
			],
			[
				-0.433212,
				0.624719
			],
			[
				-0.432212,
				0.626657
			],
			[
				-0.431212,
				0.628548
			],
			[
				-0.430212,
				0.630397
			],
			[
				-0.429212,
				0.632208
			],
			[
				-0.428212,
				0.633987
			],
			[
				-0.427212,
				0.635739
			],
			[
				-0.426212,
				0.63747
			],
			[
				-0.425212,
				0.639185
			],
			[
				-0.424212,
				0.640888
			],
			[
				-0.423212,
				0.642579
			],
			[
				-0.422212,
				0.644246
			],
			[
				-0.421212,
				0.645891
			],
			[
				-0.420212,
				0.647514
			],
			[
				-0.419212,
				0.649116
			],
			[
				-0.418212,
				0.650698
			],
			[
				-0.41721199999999997,
				0.652259
			],
			[
				-0.41621199999999997,
				0.6538
			],
			[
				-0.41521199999999997,
				0.655323
			],
			[
				-0.41421199999999997,
				0.656826
			],
			[
				-0.41321199999999997,
				0.658312
			],
			[
				-0.41221199999999997,
				0.659781
			],
			[
				-0.41121199999999997,
				0.661238
			],
			[
				-0.41021199999999997,
				0.662682
			],
			[
				-0.40921199999999996,
				0.664114
			],
			[
				-0.40821199999999996,
				0.665535
			],
			[
				-0.40721199999999996,
				0.666946
			],
			[
				-0.40621199999999996,
				0.668345
			],
			[
				-0.405212,
				0.669735
			],
			[
				-0.404212,
				0.671116
			],
			[
				-0.403212,
				0.672488
			],
			[
				-0.402212,
				0.673851
			],
			[
				-0.401212,
				0.675206
			],
			[
				-0.400212,
				0.676554
			],
			[
				-0.399212,
				0.677895
			],
			[
				-0.398212,
				0.679229
			],
			[
				-0.397212,
				0.680557
			],
			[
				-0.396212,
				0.681879
			],
			[
				-0.395212,
				0.683197
			],
			[
				-0.394212,
				0.684509
			],
			[
				-0.393212,
				0.685818
			],
			[
				-0.392212,
				0.687123
			],
			[
				-0.391212,
				0.688424
			],
			[
				-0.390212,
				0.689723
			],
			[
				-0.389212,
				0.69102
			],
			[
				-0.388212,
				0.692314
			],
			[
				-0.387212,
				0.693608
			],
			[
				-0.386212,
				0.6949
			],
			[
				-0.385212,
				0.696193
			],
			[
				-0.38,
				0.70294
			],
			[
				-0.37,
				0.716129
			],
			[
				-0.36,
				0.7295
			],
			[
				-0.35,
				0.742872
			],
			[
				-0.34,
				0.756243
			],
			[
				-0.33,
				0.769614
			],
			[
				-0.32,
				0.782985
			],
			[
				-0.31,
				0.796356
			],
			[
				-0.3,
				0.809727
			],
			[
				-0.29,
				0.823098
			],
			[
				-0.28,
				0.836469
			],
			[
				-0.27,
				0.84984
			],
			[
				-0.26,
				0.863211
			],
			[
				-0.25,
				0.876582
			],
			[
				-0.24,
				0.889953
			],
			[
				-0.23,
				0.903324
			],
			[
				-0.22,
				0.916695
			],
			[
				-0.21,
				0.930066
			],
			[
				-0.2,
				0.943438
			],
			[
				-0.19,
				0.956809
			],
			[
				-0.18,
				0.97018
			],
			[
				-0.17,
				0.983551
			],
			[
				-0.16,
				0.996922
			],
			[
				-0.15,
				1.01029
			],
			[
				-0.14,
				1.02366
			],
			[
				-0.13,
				1.03704
			],
			[
				-0.12,
				1.05041
			],
			[
				-0.11,
				1.06378
			],
			[
				-0.1,
				1.07715
			],
			[
				-0.09,
				1.09052
			],
			[
				-0.08,
				1.10389
			],
			[
				-0.07,
				1.11726
			],
			[
				-0.06,
				1.13063
			],
			[
				-0.05,
				1.144
			],
			[
				-0.04,
				1.15737
			],
			[
				-0.03,
				1.17075
			],
			[
				-0.02,
				1.18412
			],
			[
				-0.01,
				1.19749
			],
			[
				0.0,
				1.21086
			]
		]
	}
}
