{
	"ID": 118,
	"name": "VACODYM_3625_80C",
	"conductivity": 0.0,
	"relPermeability": 1.0,
	"remanence": 0.0,
	"linear": false,
	"BHCurve": {
		"default": [
			[
				-0.849826,
				0.0
			],
			[
				-0.84,
				0.0130995
			],
			[
				-0.83,
				0.0264303
			],
			[
				-0.82,
				0.0397611
			],
			[
				-0.81,
				0.0530919
			],
			[
				-0.8,
				0.0664227
			],
			[
				-0.79,
				0.0797535
			],
			[
				-0.78,
				0.0930844
			],
			[
				-0.77,
				0.106415
			],
			[
				-0.76,
				0.119746
			],
			[
				-0.75,
				0.133077
			],
			[
				-0.74,
				0.146408
			],
			[
				-0.73,
				0.159738
			],
			[
				-0.72,
				0.173069
			],
			[
				-0.71,
				0.1864
			],
			[
				-0.7,
				0.199731
			],
			[
				-0.69,
				0.213062
			],
			[
				-0.68,
				0.226393
			],
			[
				-0.67,
				0.239723
			],
			[
				-0.66,
				0.253054
			],
			[
				-0.65,
				0.266385
			],
			[
				-0.64,
				0.279716
			],
			[
				-0.63,
				0.293047
			],
			[
				-0.62,
				0.306377
			],
			[
				-0.61,
				0.319708
			],
			[
				-0.6,
				0.333039
			],
			[
				-0.59,
				0.34637
			],
			[
				-0.58,
				0.359701
			],
			[
				-0.57,
				0.373032
			],
			[
				-0.56,
				0.386362
			],
			[
				-0.55,
				0.399693
			],
			[
				-0.54,
				0.413024
			],
			[
				-0.53,
				0.426355
			],
			[
				-0.52,
				0.439686
			],
			[
				-0.51,
				0.453016
			],
			[
				-0.5,
				0.466347
			],
			[
				-0.49,
				0.479678
			],
			[
				-0.48,
				0.493009
			],
			[
				-0.47,
				0.50634
			],
			[
				-0.46,
				0.519671
			],
			[
				-0.45,
				0.533001
			],
			[
				-0.44,
				0.546332
			],
			[
				-0.43,
				0.559663
			],
			[
				-0.42,
				0.572994
			],
			[
				-0.41,
				0.586325
			],
			[
				-0.4,
				0.599655
			],
			[
				-0.39,
				0.612986
			],
			[
				-0.38,
				0.626317
			],
			[
				-0.37,
				0.639648
			],
			[
				-0.36,
				0.652979
			],
			[
				-0.35,
				0.66631
			],
			[
				-0.34,
				0.67964
			],
			[
				-0.33,
				0.692971
			],
			[
				-0.32,
				0.706302
			],
			[
				-0.31,
				0.719633
			],
			[
				-0.3,
				0.732964
			],
			[
				-0.29,
				0.746294
			],
			[
				-0.28,
				0.759625
			],
			[
				-0.27,
				0.772956
			],
			[
				-0.26,
				0.786287
			],
			[
				-0.25,
				0.799618
			],
			[
				-0.24,
				0.812949
			],
			[
				-0.23,
				0.826279
			],
			[
				-0.22,
				0.83961
			],
			[
				-0.21,
				0.852941
			],
			[
				-0.2,
				0.866272
			],
			[
				-0.19,
				0.879603
			],
			[
				-0.18,
				0.892933
			],
			[
				-0.17,
				0.906264
			],
			[
				-0.16,
				0.919595
			],
			[
				-0.15,
				0.932926
			],
			[
				-0.14,
				0.946257
			],
			[
				-0.13,
				0.959588
			],
			[
				-0.12,
				0.972918
			],
			[
				-0.11,
				0.986249
			],
			[
				-0.1,
				0.99958
			],
			[
				-0.09,
				1.01291
			],
			[
				-0.08,
				1.02624
			],
			[
				-0.07,
				1.03957
			],
			[
				-0.06,
				1.0529
			],
			[
				-0.05,
				1.06623
			],
			[
				-0.04,
				1.07956
			],
			[
				-0.03,
				1.0929
			],
			[
				-0.02,
				1.10623
			],
			[
				-0.01,
				1.11956
			],
			[
				0.0,
				1.13289
			]
		]
	}
}
