{
	"ID": 221,
	"name": "VACODYM_776AP_60C",
	"conductivity": 0.0,
	"relPermeability": 0.0,
	"remanence": "no information",
	"linear": false,
	"BHCurve": {
		"default": [
			[
				-0.919663,
				0.0
			],
			[
				-0.91,
				0.0128016
			],
			[
				-0.9,
				0.0260494
			],
			[
				-0.89,
				0.0392972
			],
			[
				-0.88,
				0.052545
			],
			[
				-0.87,
				0.0657928
			],
			[
				-0.86,
				0.0790406
			],
			[
				-0.85,
				0.0922884
			],
			[
				-0.84,
				0.105536
			],
			[
				-0.83,
				0.118784
			],
			[
				-0.82,
				0.132032
			],
			[
				-0.81,
				0.14528
			],
			[
				-0.8,
				0.158527
			],
			[
				-0.79,
				0.171775
			],
			[
				-0.78,
				0.185023
			],
			[
				-0.77,
				0.198271
			],
			[
				-0.76,
				0.211519
			],
			[
				-0.75,
				0.224766
			],
			[
				-0.74,
				0.238014
			],
			[
				-0.73,
				0.251262
			],
			[
				-0.72,
				0.26451
			],
			[
				-0.71,
				0.277758
			],
			[
				-0.7,
				0.291005
			],
			[
				-0.69,
				0.304253
			],
			[
				-0.68,
				0.317501
			],
			[
				-0.67,
				0.330749
			],
			[
				-0.66,
				0.343997
			],
			[
				-0.65,
				0.357244
			],
			[
				-0.64,
				0.370492
			],
			[
				-0.63,
				0.38374
			],
			[
				-0.62,
				0.396988
			],
			[
				-0.61,
				0.410236
			],
			[
				-0.6,
				0.423483
			],
			[
				-0.59,
				0.436731
			],
			[
				-0.58,
				0.449979
			],
			[
				-0.57,
				0.463227
			],
			[
				-0.56,
				0.476475
			],
			[
				-0.55,
				0.489722
			],
			[
				-0.54,
				0.50297
			],
			[
				-0.53,
				0.516218
			],
			[
				-0.52,
				0.529466
			],
			[
				-0.51,
				0.542714
			],
			[
				-0.5,
				0.555961
			],
			[
				-0.49,
				0.569209
			],
			[
				-0.48,
				0.582457
			],
			[
				-0.47,
				0.595705
			],
			[
				-0.46,
				0.608953
			],
			[
				-0.45,
				0.6222
			],
			[
				-0.44,
				0.635448
			],
			[
				-0.43,
				0.648696
			],
			[
				-0.42,
				0.661944
			],
			[
				-0.41,
				0.675192
			],
			[
				-0.4,
				0.688439
			],
			[
				-0.39,
				0.701687
			],
			[
				-0.38,
				0.714935
			],
			[
				-0.37,
				0.728183
			],
			[
				-0.36,
				0.741431
			],
			[
				-0.35,
				0.754678
			],
			[
				-0.34,
				0.767926
			],
			[
				-0.33,
				0.781174
			],
			[
				-0.32,
				0.794422
			],
			[
				-0.31,
				0.807669
			],
			[
				-0.3,
				0.820917
			],
			[
				-0.29,
				0.834165
			],
			[
				-0.28,
				0.847413
			],
			[
				-0.27,
				0.860661
			],
			[
				-0.26,
				0.873908
			],
			[
				-0.25,
				0.887156
			],
			[
				-0.24,
				0.900404
			],
			[
				-0.23,
				0.913652
			],
			[
				-0.22,
				0.9269
			],
			[
				-0.21,
				0.940147
			],
			[
				-0.2,
				0.953395
			],
			[
				-0.19,
				0.966643
			],
			[
				-0.18,
				0.979891
			],
			[
				-0.17,
				0.993139
			],
			[
				-0.16,
				1.00639
			],
			[
				-0.15,
				1.01963
			],
			[
				-0.14,
				1.03288
			],
			[
				-0.13,
				1.04613
			],
			[
				-0.12,
				1.05938
			],
			[
				-0.11,
				1.07263
			],
			[
				-0.1,
				1.08587
			],
			[
				-0.09,
				1.09912
			],
			[
				-0.08,
				1.11237
			],
			[
				-0.07,
				1.12562
			],
			[
				-0.06,
				1.13886
			],
			[
				-0.05,
				1.15211
			],
			[
				-0.04,
				1.16536
			],
			[
				-0.03,
				1.17861
			],
			[
				-0.02,
				1.19186
			],
			[
				-0.01,
				1.2051
			],
			[
				0.0,
				1.21835
			]
		]
	}
}
