{
	"ID": 115,
	"name": "VACODYM_3625_180C",
	"conductivity": 0.0,
	"relPermeability": 1.0,
	"remanence": 0.0,
	"linear": false,
	"BHCurve": {
		"default": [
			[
				-0.500709,
				0.0
			],
			[
				-0.499876,
				0.0304104
			],
			[
				-0.498876,
				0.0668832
			],
			[
				-0.497876,
				0.103356
			],
			[
				-0.496876,
				0.14033
			],
			[
				-0.495876,
				0.182785
			],
			[
				-0.494876,
				0.215203
			],
			[
				-0.493876,
				0.228936
			],
			[
				-0.492876,
				0.23787
			],
			[
				-0.491876,
				0.244652
			],
			[
				-0.490876,
				0.249926
			],
			[
				-0.489876,
				0.254457
			],
			[
				-0.488876,
				0.258735
			],
			[
				-0.487876,
				0.262694
			],
			[
				-0.486876,
				0.266419
			],
			[
				-0.485876,
				0.269992
			],
			[
				-0.484876,
				0.273496
			],
			[
				-0.483876,
				0.276956
			],
			[
				-0.48287599999999997,
				0.280324
			],
			[
				-0.48187599999999997,
				0.283549
			],
			[
				-0.48087599999999997,
				0.286577
			],
			[
				-0.47987599999999997,
				0.28937
			],
			[
				-0.47887599999999997,
				0.292015
			],
			[
				-0.47787599999999997,
				0.294554
			],
			[
				-0.47687599999999997,
				0.296995
			],
			[
				-0.47587599999999997,
				0.29935
			],
			[
				-0.47487599999999996,
				0.301627
			],
			[
				-0.47387599999999996,
				0.303835
			],
			[
				-0.47287599999999996,
				0.305985
			],
			[
				-0.47187599999999996,
				0.308085
			],
			[
				-0.47087599999999996,
				0.310146
			],
			[
				-0.46987599999999996,
				0.312171
			],
			[
				-0.46887599999999996,
				0.314143
			],
			[
				-0.46787599999999996,
				0.316067
			],
			[
				-0.46687599999999996,
				0.317947
			],
			[
				-0.46587599999999996,
				0.319786
			],
			[
				-0.46487599999999996,
				0.321589
			],
			[
				-0.46387599999999996,
				0.323361
			],
			[
				-0.46287599999999995,
				0.325105
			],
			[
				-0.46187599999999995,
				0.326826
			],
			[
				-0.46087599999999995,
				0.328528
			],
			[
				-0.45987599999999995,
				0.330216
			],
			[
				-0.45887599999999995,
				0.331894
			],
			[
				-0.45787599999999995,
				0.333562
			],
			[
				-0.45687599999999995,
				0.335209
			],
			[
				-0.455876,
				0.336835
			],
			[
				-0.454876,
				0.33844
			],
			[
				-0.453876,
				0.340026
			],
			[
				-0.452876,
				0.341594
			],
			[
				-0.451876,
				0.343145
			],
			[
				-0.450876,
				0.344681
			],
			[
				-0.449876,
				0.346204
			],
			[
				-0.448876,
				0.347713
			],
			[
				-0.447876,
				0.349212
			],
			[
				-0.446876,
				0.3507
			],
			[
				-0.445876,
				0.352179
			],
			[
				-0.444876,
				0.353649
			],
			[
				-0.443876,
				0.35511
			],
			[
				-0.442876,
				0.356563
			],
			[
				-0.441876,
				0.358007
			],
			[
				-0.440876,
				0.359444
			],
			[
				-0.439876,
				0.360873
			],
			[
				-0.438876,
				0.362294
			],
			[
				-0.437876,
				0.363708
			],
			[
				-0.436876,
				0.365116
			],
			[
				-0.435876,
				0.366518
			],
			[
				-0.434876,
				0.367913
			],
			[
				-0.433876,
				0.369302
			],
			[
				-0.432876,
				0.370686
			],
			[
				-0.431876,
				0.372065
			],
			[
				-0.430876,
				0.373439
			],
			[
				-0.429876,
				0.374809
			],
			[
				-0.428876,
				0.376174
			],
			[
				-0.427876,
				0.377536
			],
			[
				-0.426876,
				0.378894
			],
			[
				-0.425876,
				0.380249
			],
			[
				-0.424876,
				0.381601
			],
			[
				-0.423876,
				0.38295
			],
			[
				-0.422876,
				0.384297
			],
			[
				-0.421876,
				0.385642
			],
			[
				-0.420876,
				0.386985
			],
			[
				-0.41987599999999997,
				0.388327
			],
			[
				-0.41887599999999997,
				0.389668
			],
			[
				-0.41787599999999997,
				0.391008
			],
			[
				-0.41687599999999997,
				0.392348
			],
			[
				-0.41587599999999997,
				0.393688
			],
			[
				-0.41487599999999997,
				0.395028
			],
			[
				-0.41,
				0.401575
			],
			[
				-0.4,
				0.41519
			],
			[
				-0.39,
				0.428936
			],
			[
				-0.38,
				0.442682
			],
			[
				-0.37,
				0.456428
			],
			[
				-0.36,
				0.470173
			],
			[
				-0.35,
				0.483919
			],
			[
				-0.34,
				0.497665
			],
			[
				-0.33,
				0.511411
			],
			[
				-0.32,
				0.525157
			],
			[
				-0.31,
				0.538903
			],
			[
				-0.3,
				0.552649
			],
			[
				-0.29,
				0.566395
			],
			[
				-0.28,
				0.580141
			],
			[
				-0.27,
				0.593887
			],
			[
				-0.26,
				0.607633
			],
			[
				-0.25,
				0.621378
			],
			[
				-0.24,
				0.635124
			],
			[
				-0.23,
				0.64887
			],
			[
				-0.22,
				0.662616
			],
			[
				-0.21,
				0.676362
			],
			[
				-0.2,
				0.690108
			],
			[
				-0.19,
				0.703854
			],
			[
				-0.18,
				0.7176
			],
			[
				-0.17,
				0.731346
			],
			[
				-0.16,
				0.745092
			],
			[
				-0.15,
				0.758838
			],
			[
				-0.14,
				0.772584
			],
			[
				-0.13,
				0.786329
			],
			[
				-0.12,
				0.800075
			],
			[
				-0.11,
				0.813821
			],
			[
				-0.1,
				0.827567
			],
			[
				-0.09,
				0.841313
			],
			[
				-0.08,
				0.855059
			],
			[
				-0.07,
				0.868805
			],
			[
				-0.06,
				0.882551
			],
			[
				-0.05,
				0.896297
			],
			[
				-0.04,
				0.910043
			],
			[
				-0.03,
				0.923789
			],
			[
				-0.02,
				0.937534
			],
			[
				-0.01,
				0.95128
			],
			[
				0.0,
				0.965026
			]
		]
	}
}
