{
	"ID": 278,
	"name": "VACODYM_854TP_120C",
	"conductivity": 0.0,
	"relPermeability": 1.0,
	"remanence": 0.0,
	"linear": false,
	"BHCurve": {
		"default": [
			[
				-0.760803,
				0.0
			],
			[
				-0.760129,
				0.0356733
			],
			[
				-0.759129,
				0.0798171
			],
			[
				-0.758129,
				0.0952471
			],
			[
				-0.757129,
				0.104035
			],
			[
				-0.756129,
				0.110248
			],
			[
				-0.755129,
				0.115749
			],
			[
				-0.754129,
				0.120544
			],
			[
				-0.753129,
				0.124632
			],
			[
				-0.752129,
				0.128413
			],
			[
				-0.751129,
				0.132094
			],
			[
				-0.750129,
				0.135579
			],
			[
				-0.749129,
				0.1389
			],
			[
				-0.748129,
				0.142092
			],
			[
				-0.747129,
				0.145188
			],
			[
				-0.746129,
				0.148222
			],
			[
				-0.745129,
				0.151229
			],
			[
				-0.744129,
				0.154215
			],
			[
				-0.743129,
				0.157159
			],
			[
				-0.742129,
				0.160041
			],
			[
				-0.741129,
				0.162843
			],
			[
				-0.740129,
				0.165544
			],
			[
				-0.739129,
				0.168126
			],
			[
				-0.738129,
				0.170574
			],
			[
				-0.737129,
				0.172938
			],
			[
				-0.736129,
				0.17524
			],
			[
				-0.735129,
				0.177481
			],
			[
				-0.734129,
				0.179668
			],
			[
				-0.733129,
				0.181804
			],
			[
				-0.732129,
				0.183893
			],
			[
				-0.731129,
				0.185939
			],
			[
				-0.730129,
				0.187947
			],
			[
				-0.729129,
				0.189921
			],
			[
				-0.728129,
				0.191864
			],
			[
				-0.727129,
				0.193781
			],
			[
				-0.726129,
				0.195676
			],
			[
				-0.725129,
				0.197554
			],
			[
				-0.724129,
				0.199411
			],
			[
				-0.723129,
				0.201238
			],
			[
				-0.722129,
				0.203036
			],
			[
				-0.721129,
				0.204807
			],
			[
				-0.720129,
				0.206552
			],
			[
				-0.719129,
				0.208275
			],
			[
				-0.718129,
				0.209975
			],
			[
				-0.717129,
				0.211656
			],
			[
				-0.716129,
				0.213318
			],
			[
				-0.715129,
				0.214964
			],
			[
				-0.714129,
				0.216596
			],
			[
				-0.713129,
				0.218215
			],
			[
				-0.712129,
				0.219824
			],
			[
				-0.711129,
				0.221423
			],
			[
				-0.710129,
				0.223015
			],
			[
				-0.709129,
				0.224602
			],
			[
				-0.708129,
				0.226185
			],
			[
				-0.707129,
				0.227762
			],
			[
				-0.706129,
				0.229326
			],
			[
				-0.705129,
				0.230878
			],
			[
				-0.704129,
				0.232418
			],
			[
				-0.703129,
				0.233947
			],
			[
				-0.702129,
				0.235465
			],
			[
				-0.701129,
				0.236973
			],
			[
				-0.700129,
				0.238471
			],
			[
				-0.699129,
				0.23996
			],
			[
				-0.698129,
				0.241439
			],
			[
				-0.697129,
				0.24291
			],
			[
				-0.696129,
				0.244373
			],
			[
				-0.695129,
				0.245829
			],
			[
				-0.694129,
				0.247277
			],
			[
				-0.693129,
				0.248719
			],
			[
				-0.692129,
				0.250154
			],
			[
				-0.691129,
				0.251584
			],
			[
				-0.690129,
				0.253008
			],
			[
				-0.689129,
				0.254428
			],
			[
				-0.688129,
				0.255842
			],
			[
				-0.687129,
				0.257252
			],
			[
				-0.686129,
				0.258657
			],
			[
				-0.685129,
				0.260057
			],
			[
				-0.684129,
				0.261453
			],
			[
				-0.683129,
				0.262844
			],
			[
				-0.682129,
				0.264231
			],
			[
				-0.681129,
				0.265614
			],
			[
				-0.680129,
				0.266992
			],
			[
				-0.679129,
				0.268367
			],
			[
				-0.678129,
				0.269738
			],
			[
				-0.677129,
				0.271105
			],
			[
				-0.676129,
				0.272469
			],
			[
				-0.675129,
				0.273829
			],
			[
				-0.674129,
				0.275186
			],
			[
				-0.673129,
				0.276539
			],
			[
				-0.672129,
				0.277889
			],
			[
				-0.671129,
				0.279237
			],
			[
				-0.670129,
				0.280581
			],
			[
				-0.669129,
				0.281922
			],
			[
				-0.668129,
				0.283261
			],
			[
				-0.667129,
				0.284597
			],
			[
				-0.666129,
				0.285931
			],
			[
				-0.665129,
				0.287262
			],
			[
				-0.664129,
				0.288591
			],
			[
				-0.663129,
				0.289918
			],
			[
				-0.662129,
				0.291242
			],
			[
				-0.661129,
				0.292565
			],
			[
				-0.660129,
				0.293886
			],
			[
				-0.659129,
				0.295206
			],
			[
				-0.658129,
				0.296523
			],
			[
				-0.6571290000000001,
				0.297839
			],
			[
				-0.6561290000000001,
				0.299154
			],
			[
				-0.6551290000000001,
				0.300468
			],
			[
				-0.6541290000000001,
				0.30178
			],
			[
				-0.6531290000000001,
				0.303092
			],
			[
				-0.6521290000000001,
				0.304402
			],
			[
				-0.6511290000000001,
				0.305712
			],
			[
				-0.6501290000000001,
				0.307021
			],
			[
				-0.6491290000000001,
				0.30833
			],
			[
				-0.6481290000000001,
				0.309638
			],
			[
				-0.6471290000000001,
				0.310945
			],
			[
				-0.6461290000000001,
				0.312253
			],
			[
				-0.6451290000000001,
				0.31356
			],
			[
				-0.6441290000000001,
				0.314867
			],
			[
				-0.6431290000000001,
				0.316175
			],
			[
				-0.6421290000000001,
				0.317482
			],
			[
				-0.6411290000000001,
				0.31879
			],
			[
				-0.6401290000000001,
				0.320098
			],
			[
				-0.6391290000000001,
				0.321407
			],
			[
				-0.6381290000000001,
				0.322717
			],
			[
				-0.6371290000000001,
				0.324027
			],
			[
				-0.6361290000000001,
				0.325338
			],
			[
				-0.635129,
				0.32665
			],
			[
				-0.634129,
				0.327964
			],
			[
				-0.633129,
				0.329278
			],
			[
				-0.632129,
				0.330594
			],
			[
				-0.631129,
				0.331911
			],
			[
				-0.630129,
				0.33323
			],
			[
				-0.629129,
				0.334551
			],
			[
				-0.628129,
				0.335873
			],
			[
				-0.627129,
				0.337197
			],
			[
				-0.626129,
				0.338523
			],
			[
				-0.62,
				0.346698
			],
			[
				-0.61,
				0.360069
			],
			[
				-0.6,
				0.37344
			],
			[
				-0.59,
				0.386811
			],
			[
				-0.58,
				0.400182
			],
			[
				-0.57,
				0.413553
			],
			[
				-0.56,
				0.426924
			],
			[
				-0.55,
				0.440295
			],
			[
				-0.54,
				0.453666
			],
			[
				-0.53,
				0.467037
			],
			[
				-0.52,
				0.480408
			],
			[
				-0.51,
				0.493779
			],
			[
				-0.5,
				0.507151
			],
			[
				-0.49,
				0.520522
			],
			[
				-0.48,
				0.533893
			],
			[
				-0.47,
				0.547264
			],
			[
				-0.46,
				0.560635
			],
			[
				-0.45,
				0.574006
			],
			[
				-0.44,
				0.587377
			],
			[
				-0.43,
				0.600748
			],
			[
				-0.42,
				0.614119
			],
			[
				-0.41,
				0.62749
			],
			[
				-0.4,
				0.640861
			],
			[
				-0.39,
				0.654232
			],
			[
				-0.38,
				0.667603
			],
			[
				-0.37,
				0.680974
			],
			[
				-0.36,
				0.694346
			],
			[
				-0.35,
				0.707717
			],
			[
				-0.34,
				0.721088
			],
			[
				-0.33,
				0.734459
			],
			[
				-0.32,
				0.74783
			],
			[
				-0.31,
				0.761201
			],
			[
				-0.3,
				0.774572
			],
			[
				-0.29,
				0.787943
			],
			[
				-0.28,
				0.801314
			],
			[
				-0.27,
				0.814685
			],
			[
				-0.26,
				0.828056
			],
			[
				-0.25,
				0.841427
			],
			[
				-0.24,
				0.854798
			],
			[
				-0.23,
				0.868169
			],
			[
				-0.22,
				0.88154
			],
			[
				-0.21,
				0.894912
			],
			[
				-0.2,
				0.908283
			],
			[
				-0.19,
				0.921654
			],
			[
				-0.18,
				0.935025
			],
			[
				-0.17,
				0.948396
			],
			[
				-0.16,
				0.961767
			],
			[
				-0.15,
				0.975138
			],
			[
				-0.14,
				0.988509
			],
			[
				-0.13,
				1.00188
			],
			[
				-0.12,
				1.01525
			],
			[
				-0.11,
				1.02862
			],
			[
				-0.1,
				1.04199
			],
			[
				-0.09,
				1.05536
			],
			[
				-0.08,
				1.06874
			],
			[
				-0.07,
				1.08211
			],
			[
				-0.06,
				1.09548
			],
			[
				-0.05,
				1.10885
			],
			[
				-0.04,
				1.12222
			],
			[
				-0.03,
				1.13559
			],
			[
				-0.02,
				1.14896
			],
			[
				-0.01,
				1.16233
			],
			[
				0.0,
				1.1757
			]
		]
	}
}
