{
	"ID": 184,
	"name": "VACODYM_677TP_60C",
	"conductivity": 0.0,
	"relPermeability": 0.0,
	"remanence": "no information",
	"linear": false,
	"BHCurve": {
		"default": [
			[
				-0.872251,
				0.0
			],
			[
				-0.87,
				0.0029544
			],
			[
				-0.86,
				0.0160764
			],
			[
				-0.85,
				0.0291984
			],
			[
				-0.84,
				0.0423204
			],
			[
				-0.83,
				0.0554424
			],
			[
				-0.82,
				0.0685645
			],
			[
				-0.81,
				0.0816865
			],
			[
				-0.8,
				0.0948085
			],
			[
				-0.79,
				0.10793
			],
			[
				-0.78,
				0.121053
			],
			[
				-0.77,
				0.134175
			],
			[
				-0.76,
				0.147297
			],
			[
				-0.75,
				0.160419
			],
			[
				-0.74,
				0.173541
			],
			[
				-0.73,
				0.186663
			],
			[
				-0.72,
				0.199785
			],
			[
				-0.71,
				0.212907
			],
			[
				-0.7,
				0.226029
			],
			[
				-0.69,
				0.239151
			],
			[
				-0.68,
				0.252273
			],
			[
				-0.67,
				0.265395
			],
			[
				-0.66,
				0.278517
			],
			[
				-0.65,
				0.291639
			],
			[
				-0.64,
				0.304761
			],
			[
				-0.63,
				0.317883
			],
			[
				-0.62,
				0.331005
			],
			[
				-0.61,
				0.344127
			],
			[
				-0.6,
				0.357249
			],
			[
				-0.59,
				0.370371
			],
			[
				-0.58,
				0.383493
			],
			[
				-0.57,
				0.396615
			],
			[
				-0.56,
				0.409737
			],
			[
				-0.55,
				0.422859
			],
			[
				-0.54,
				0.435981
			],
			[
				-0.53,
				0.449103
			],
			[
				-0.52,
				0.462225
			],
			[
				-0.51,
				0.475347
			],
			[
				-0.5,
				0.488469
			],
			[
				-0.49,
				0.501591
			],
			[
				-0.48,
				0.514713
			],
			[
				-0.47,
				0.527835
			],
			[
				-0.46,
				0.540957
			],
			[
				-0.45,
				0.554079
			],
			[
				-0.44,
				0.567201
			],
			[
				-0.43,
				0.580323
			],
			[
				-0.42,
				0.593445
			],
			[
				-0.41,
				0.606567
			],
			[
				-0.4,
				0.619689
			],
			[
				-0.39,
				0.632811
			],
			[
				-0.38,
				0.645933
			],
			[
				-0.37,
				0.659055
			],
			[
				-0.36,
				0.672177
			],
			[
				-0.35,
				0.685299
			],
			[
				-0.34,
				0.698421
			],
			[
				-0.33,
				0.711543
			],
			[
				-0.32,
				0.724665
			],
			[
				-0.31,
				0.737787
			],
			[
				-0.3,
				0.750909
			],
			[
				-0.29,
				0.764031
			],
			[
				-0.28,
				0.777153
			],
			[
				-0.27,
				0.790275
			],
			[
				-0.26,
				0.803397
			],
			[
				-0.25,
				0.816519
			],
			[
				-0.24,
				0.829641
			],
			[
				-0.23,
				0.842763
			],
			[
				-0.22,
				0.855885
			],
			[
				-0.21,
				0.869007
			],
			[
				-0.2,
				0.882129
			],
			[
				-0.19,
				0.895251
			],
			[
				-0.18,
				0.908373
			],
			[
				-0.17,
				0.921495
			],
			[
				-0.16,
				0.934617
			],
			[
				-0.15,
				0.947739
			],
			[
				-0.14,
				0.960861
			],
			[
				-0.13,
				0.973983
			],
			[
				-0.12,
				0.987105
			],
			[
				-0.11,
				1.00023
			],
			[
				-0.1,
				1.01335
			],
			[
				-0.09,
				1.02647
			],
			[
				-0.08,
				1.03959
			],
			[
				-0.07,
				1.05272
			],
			[
				-0.06,
				1.06584
			],
			[
				-0.05,
				1.07896
			],
			[
				-0.04,
				1.09208
			],
			[
				-0.03,
				1.1052
			],
			[
				-0.02,
				1.11833
			],
			[
				-0.01,
				1.13145
			],
			[
				0.0,
				1.14457
			]
		]
	}
}
