{
	"ID": 310,
	"name": "VACODYM_863TP_20C",
	"conductivity": 0.0,
	"relPermeability": 0.0,
	"remanence": "no information",
	"linear": false,
	"BHCurve": {
		"default": [
			[
				-0.995957,
				0.0
			],
			[
				-0.99,
				0.00771849
			],
			[
				-0.98,
				0.0206745
			],
			[
				-0.97,
				0.0336304
			],
			[
				-0.96,
				0.0465864
			],
			[
				-0.95,
				0.0595424
			],
			[
				-0.94,
				0.0724984
			],
			[
				-0.93,
				0.0854543
			],
			[
				-0.92,
				0.0984103
			],
			[
				-0.91,
				0.111366
			],
			[
				-0.9,
				0.124322
			],
			[
				-0.89,
				0.137278
			],
			[
				-0.88,
				0.150234
			],
			[
				-0.87,
				0.16319
			],
			[
				-0.86,
				0.176146
			],
			[
				-0.85,
				0.189102
			],
			[
				-0.84,
				0.202058
			],
			[
				-0.83,
				0.215014
			],
			[
				-0.82,
				0.22797
			],
			[
				-0.81,
				0.240926
			],
			[
				-0.8,
				0.253882
			],
			[
				-0.79,
				0.266838
			],
			[
				-0.78,
				0.279794
			],
			[
				-0.77,
				0.29275
			],
			[
				-0.76,
				0.305706
			],
			[
				-0.75,
				0.318662
			],
			[
				-0.74,
				0.331618
			],
			[
				-0.73,
				0.344574
			],
			[
				-0.72,
				0.35753
			],
			[
				-0.71,
				0.370486
			],
			[
				-0.7,
				0.383442
			],
			[
				-0.69,
				0.396398
			],
			[
				-0.68,
				0.409354
			],
			[
				-0.67,
				0.42231
			],
			[
				-0.66,
				0.435266
			],
			[
				-0.65,
				0.448222
			],
			[
				-0.64,
				0.461178
			],
			[
				-0.63,
				0.474134
			],
			[
				-0.62,
				0.48709
			],
			[
				-0.61,
				0.500046
			],
			[
				-0.6,
				0.513002
			],
			[
				-0.59,
				0.525957
			],
			[
				-0.58,
				0.538913
			],
			[
				-0.57,
				0.551869
			],
			[
				-0.56,
				0.564825
			],
			[
				-0.55,
				0.577781
			],
			[
				-0.54,
				0.590737
			],
			[
				-0.53,
				0.603693
			],
			[
				-0.52,
				0.616649
			],
			[
				-0.51,
				0.629605
			],
			[
				-0.5,
				0.642561
			],
			[
				-0.49,
				0.655517
			],
			[
				-0.48,
				0.668473
			],
			[
				-0.47,
				0.681429
			],
			[
				-0.46,
				0.694385
			],
			[
				-0.45,
				0.707341
			],
			[
				-0.44,
				0.720297
			],
			[
				-0.43,
				0.733253
			],
			[
				-0.42,
				0.746209
			],
			[
				-0.41,
				0.759165
			],
			[
				-0.4,
				0.772121
			],
			[
				-0.39,
				0.785077
			],
			[
				-0.38,
				0.798033
			],
			[
				-0.37,
				0.810989
			],
			[
				-0.36,
				0.823945
			],
			[
				-0.35,
				0.836901
			],
			[
				-0.34,
				0.849857
			],
			[
				-0.33,
				0.862813
			],
			[
				-0.32,
				0.875769
			],
			[
				-0.31,
				0.888725
			],
			[
				-0.3,
				0.901681
			],
			[
				-0.29,
				0.914637
			],
			[
				-0.28,
				0.927593
			],
			[
				-0.27,
				0.940549
			],
			[
				-0.26,
				0.953505
			],
			[
				-0.25,
				0.966461
			],
			[
				-0.24,
				0.979417
			],
			[
				-0.23,
				0.992373
			],
			[
				-0.22,
				1.00533
			],
			[
				-0.21,
				1.01828
			],
			[
				-0.2,
				1.03124
			],
			[
				-0.19,
				1.0442
			],
			[
				-0.18,
				1.05715
			],
			[
				-0.17,
				1.07011
			],
			[
				-0.16,
				1.08306
			],
			[
				-0.15,
				1.09602
			],
			[
				-0.14,
				1.10898
			],
			[
				-0.13,
				1.12193
			],
			[
				-0.12,
				1.13489
			],
			[
				-0.11,
				1.14784
			],
			[
				-0.1,
				1.1608
			],
			[
				-0.09,
				1.17376
			],
			[
				-0.08,
				1.18671
			],
			[
				-0.07,
				1.19967
			],
			[
				-0.06,
				1.21262
			],
			[
				-0.05,
				1.22558
			],
			[
				-0.04,
				1.23854
			],
			[
				-0.03,
				1.25149
			],
			[
				-0.02,
				1.26445
			],
			[
				-0.01,
				1.2774
			],
			[
				0.0,
				1.29036
			]
		]
	}
}
