{
	"ID": 357,
	"name": "VACODYM_890TP_180C",
	"conductivity": 0.0,
	"relPermeability": 1.0,
	"remanence": 0.0,
	"linear": false,
	"BHCurve": {
		"default": [
			[
				-0.725776,
				0.0
			],
			[
				-0.725641,
				0.00018317
			],
			[
				-0.72,
				0.00786694
			],
			[
				-0.71,
				0.0214871
			],
			[
				-0.7,
				0.0351072
			],
			[
				-0.69,
				0.0487273
			],
			[
				-0.68,
				0.0623474
			],
			[
				-0.67,
				0.0759676
			],
			[
				-0.66,
				0.0895877
			],
			[
				-0.65,
				0.103208
			],
			[
				-0.64,
				0.116828
			],
			[
				-0.63,
				0.130448
			],
			[
				-0.62,
				0.144068
			],
			[
				-0.61,
				0.157688
			],
			[
				-0.6,
				0.171308
			],
			[
				-0.59,
				0.184929
			],
			[
				-0.58,
				0.198549
			],
			[
				-0.57,
				0.212169
			],
			[
				-0.56,
				0.225789
			],
			[
				-0.55,
				0.239409
			],
			[
				-0.54,
				0.253029
			],
			[
				-0.53,
				0.266649
			],
			[
				-0.52,
				0.280269
			],
			[
				-0.51,
				0.29389
			],
			[
				-0.5,
				0.30751
			],
			[
				-0.49,
				0.32113
			],
			[
				-0.48,
				0.33475
			],
			[
				-0.47,
				0.34837
			],
			[
				-0.46,
				0.36199
			],
			[
				-0.45,
				0.37561
			],
			[
				-0.44,
				0.38923
			],
			[
				-0.43,
				0.402851
			],
			[
				-0.42,
				0.416471
			],
			[
				-0.41,
				0.430091
			],
			[
				-0.4,
				0.443711
			],
			[
				-0.39,
				0.457331
			],
			[
				-0.38,
				0.470951
			],
			[
				-0.37,
				0.484571
			],
			[
				-0.36,
				0.498191
			],
			[
				-0.35,
				0.511812
			],
			[
				-0.34,
				0.525432
			],
			[
				-0.33,
				0.539052
			],
			[
				-0.32,
				0.552672
			],
			[
				-0.31,
				0.566292
			],
			[
				-0.3,
				0.579912
			],
			[
				-0.29,
				0.593532
			],
			[
				-0.28,
				0.607152
			],
			[
				-0.27,
				0.620773
			],
			[
				-0.26,
				0.634393
			],
			[
				-0.25,
				0.648013
			],
			[
				-0.24,
				0.661633
			],
			[
				-0.23,
				0.675253
			],
			[
				-0.22,
				0.688873
			],
			[
				-0.21,
				0.702493
			],
			[
				-0.2,
				0.716113
			],
			[
				-0.19,
				0.729734
			],
			[
				-0.18,
				0.743354
			],
			[
				-0.17,
				0.756974
			],
			[
				-0.16,
				0.770594
			],
			[
				-0.15,
				0.784214
			],
			[
				-0.14,
				0.797834
			],
			[
				-0.13,
				0.811454
			],
			[
				-0.12,
				0.825074
			],
			[
				-0.11,
				0.838695
			],
			[
				-0.1,
				0.852315
			],
			[
				-0.09,
				0.865935
			],
			[
				-0.08,
				0.879555
			],
			[
				-0.07,
				0.893175
			],
			[
				-0.06,
				0.906795
			],
			[
				-0.05,
				0.920415
			],
			[
				-0.04,
				0.934035
			],
			[
				-0.03,
				0.947656
			],
			[
				-0.02,
				0.961276
			],
			[
				-0.01,
				0.974896
			],
			[
				0.0,
				0.988516
			]
		]
	}
}
