{
	"ID": 343,
	"name": "VACODYM_881TP_60C",
	"conductivity": 0.0,
	"relPermeability": 0.0,
	"remanence": "no information",
	"linear": false,
	"BHCurve": {
		"default": [
			[
				-0.8982680000000001,
				0.0
			],
			[
				-0.89,
				0.0108489
			],
			[
				-0.88,
				0.0239709
			],
			[
				-0.87,
				0.0370929
			],
			[
				-0.86,
				0.0502149
			],
			[
				-0.85,
				0.0633369
			],
			[
				-0.84,
				0.0764589
			],
			[
				-0.83,
				0.089581
			],
			[
				-0.82,
				0.102703
			],
			[
				-0.81,
				0.115825
			],
			[
				-0.8,
				0.128947
			],
			[
				-0.79,
				0.142069
			],
			[
				-0.78,
				0.155191
			],
			[
				-0.77,
				0.168313
			],
			[
				-0.76,
				0.181435
			],
			[
				-0.75,
				0.194557
			],
			[
				-0.74,
				0.207679
			],
			[
				-0.73,
				0.220801
			],
			[
				-0.72,
				0.233923
			],
			[
				-0.71,
				0.247045
			],
			[
				-0.7,
				0.260167
			],
			[
				-0.69,
				0.273289
			],
			[
				-0.68,
				0.286411
			],
			[
				-0.67,
				0.299533
			],
			[
				-0.66,
				0.312655
			],
			[
				-0.65,
				0.325777
			],
			[
				-0.64,
				0.338899
			],
			[
				-0.63,
				0.352021
			],
			[
				-0.62,
				0.365143
			],
			[
				-0.61,
				0.378265
			],
			[
				-0.6,
				0.391387
			],
			[
				-0.59,
				0.404509
			],
			[
				-0.58,
				0.417631
			],
			[
				-0.57,
				0.430753
			],
			[
				-0.56,
				0.443875
			],
			[
				-0.55,
				0.456997
			],
			[
				-0.54,
				0.470119
			],
			[
				-0.53,
				0.483241
			],
			[
				-0.52,
				0.496363
			],
			[
				-0.51,
				0.509485
			],
			[
				-0.5,
				0.522607
			],
			[
				-0.49,
				0.535729
			],
			[
				-0.48,
				0.548851
			],
			[
				-0.47,
				0.561973
			],
			[
				-0.46,
				0.575095
			],
			[
				-0.45,
				0.588217
			],
			[
				-0.44,
				0.601339
			],
			[
				-0.43,
				0.614461
			],
			[
				-0.42,
				0.627583
			],
			[
				-0.41,
				0.640705
			],
			[
				-0.4,
				0.653827
			],
			[
				-0.39,
				0.66695
			],
			[
				-0.38,
				0.680072
			],
			[
				-0.37,
				0.693194
			],
			[
				-0.36,
				0.706316
			],
			[
				-0.35,
				0.719438
			],
			[
				-0.34,
				0.73256
			],
			[
				-0.33,
				0.745682
			],
			[
				-0.32,
				0.758804
			],
			[
				-0.31,
				0.771926
			],
			[
				-0.3,
				0.785048
			],
			[
				-0.29,
				0.79817
			],
			[
				-0.28,
				0.811292
			],
			[
				-0.27,
				0.824414
			],
			[
				-0.26,
				0.837536
			],
			[
				-0.25,
				0.850658
			],
			[
				-0.24,
				0.86378
			],
			[
				-0.23,
				0.876902
			],
			[
				-0.22,
				0.890024
			],
			[
				-0.21,
				0.903146
			],
			[
				-0.2,
				0.916268
			],
			[
				-0.19,
				0.92939
			],
			[
				-0.18,
				0.942512
			],
			[
				-0.17,
				0.955634
			],
			[
				-0.16,
				0.968756
			],
			[
				-0.15,
				0.981878
			],
			[
				-0.14,
				0.995
			],
			[
				-0.13,
				1.00812
			],
			[
				-0.12,
				1.02124
			],
			[
				-0.11,
				1.03437
			],
			[
				-0.1,
				1.04749
			],
			[
				-0.09,
				1.06061
			],
			[
				-0.08,
				1.07373
			],
			[
				-0.07,
				1.08685
			],
			[
				-0.06,
				1.09998
			],
			[
				-0.05,
				1.1131
			],
			[
				-0.04,
				1.12622
			],
			[
				-0.03,
				1.13934
			],
			[
				-0.02,
				1.15246
			],
			[
				-0.01,
				1.16559
			],
			[
				0.0,
				1.17871
			]
		]
	}
}
