{
	"ID": 259,
	"name": "VACODYM_837AP_120C",
	"conductivity": 0.0,
	"relPermeability": 0.0,
	"remanence": "no information",
	"linear": false,
	"BHCurve": {
		"default": [
			[
				-0.604154,
				0.0
			],
			[
				-0.6034539999999999,
				0.0310022
			],
			[
				-0.6024539999999999,
				0.0752838
			],
			[
				-0.6014539999999999,
				0.119565
			],
			[
				-0.6004539999999999,
				0.163847
			],
			[
				-0.5994539999999999,
				0.214276
			],
			[
				-0.5984539999999999,
				0.261394
			],
			[
				-0.5974539999999999,
				0.280894
			],
			[
				-0.5964539999999999,
				0.290583
			],
			[
				-0.5954539999999999,
				0.297335
			],
			[
				-0.5944539999999999,
				0.303159
			],
			[
				-0.5934539999999999,
				0.307894
			],
			[
				-0.5924539999999999,
				0.312038
			],
			[
				-0.5914539999999999,
				0.316022
			],
			[
				-0.5904539999999999,
				0.319756
			],
			[
				-0.5894539999999999,
				0.323284
			],
			[
				-0.5884539999999999,
				0.326657
			],
			[
				-0.5874539999999999,
				0.329928
			],
			[
				-0.5864539999999999,
				0.33315
			],
			[
				-0.5854539999999999,
				0.336345
			],
			[
				-0.5844539999999999,
				0.339483
			],
			[
				-0.5834539999999999,
				0.342532
			],
			[
				-0.5824539999999999,
				0.345462
			],
			[
				-0.5814539999999999,
				0.348241
			],
			[
				-0.5804539999999999,
				0.350843
			],
			[
				-0.5794539999999999,
				0.353333
			],
			[
				-0.5784539999999999,
				0.35574
			],
			[
				-0.5774539999999999,
				0.358073
			],
			[
				-0.5764539999999999,
				0.360336
			],
			[
				-0.5754539999999999,
				0.362536
			],
			[
				-0.5744539999999999,
				0.364679
			],
			[
				-0.5734539999999999,
				0.366772
			],
			[
				-0.5724539999999999,
				0.36882
			],
			[
				-0.5714539999999999,
				0.370831
			],
			[
				-0.5704539999999999,
				0.372809
			],
			[
				-0.5694539999999999,
				0.374762
			],
			[
				-0.5684539999999999,
				0.376688
			],
			[
				-0.5674539999999999,
				0.378574
			],
			[
				-0.5664539999999999,
				0.380422
			],
			[
				-0.5654539999999999,
				0.382237
			],
			[
				-0.5644539999999999,
				0.38402
			],
			[
				-0.5634539999999999,
				0.385775
			],
			[
				-0.5624539999999999,
				0.387504
			],
			[
				-0.5614539999999999,
				0.389209
			],
			[
				-0.5604539999999999,
				0.390894
			],
			[
				-0.5594539999999999,
				0.392562
			],
			[
				-0.558454,
				0.394214
			],
			[
				-0.557454,
				0.395855
			],
			[
				-0.556454,
				0.397486
			],
			[
				-0.555454,
				0.39911
			],
			[
				-0.554454,
				0.400728
			],
			[
				-0.553454,
				0.402332
			],
			[
				-0.552454,
				0.40392
			],
			[
				-0.551454,
				0.405492
			],
			[
				-0.550454,
				0.407049
			],
			[
				-0.549454,
				0.408593
			],
			[
				-0.548454,
				0.410123
			],
			[
				-0.547454,
				0.41164
			],
			[
				-0.546454,
				0.413146
			],
			[
				-0.545454,
				0.414641
			],
			[
				-0.544454,
				0.416125
			],
			[
				-0.543454,
				0.4176
			],
			[
				-0.542454,
				0.419066
			],
			[
				-0.541454,
				0.420523
			],
			[
				-0.540454,
				0.421973
			],
			[
				-0.539454,
				0.423415
			],
			[
				-0.538454,
				0.424851
			],
			[
				-0.537454,
				0.42628
			],
			[
				-0.536454,
				0.427702
			],
			[
				-0.535454,
				0.429118
			],
			[
				-0.534454,
				0.430527
			],
			[
				-0.533454,
				0.431931
			],
			[
				-0.532454,
				0.433329
			],
			[
				-0.531454,
				0.434721
			],
			[
				-0.530454,
				0.436108
			],
			[
				-0.529454,
				0.43749
			],
			[
				-0.528454,
				0.438866
			],
			[
				-0.527454,
				0.440238
			],
			[
				-0.526454,
				0.441606
			],
			[
				-0.525454,
				0.442969
			],
			[
				-0.524454,
				0.444328
			],
			[
				-0.523454,
				0.445682
			],
			[
				-0.522454,
				0.447033
			],
			[
				-0.521454,
				0.448381
			],
			[
				-0.520454,
				0.449725
			],
			[
				-0.519454,
				0.451066
			],
			[
				-0.518454,
				0.452404
			],
			[
				-0.517454,
				0.453739
			],
			[
				-0.516454,
				0.455071
			],
			[
				-0.515454,
				0.456401
			],
			[
				-0.514454,
				0.457729
			],
			[
				-0.513454,
				0.459055
			],
			[
				-0.512454,
				0.46038
			],
			[
				-0.511454,
				0.461702
			],
			[
				-0.510454,
				0.463023
			],
			[
				-0.509454,
				0.464343
			],
			[
				-0.508454,
				0.465663
			],
			[
				-0.507454,
				0.466981
			],
			[
				-0.506454,
				0.468299
			],
			[
				-0.505454,
				0.469616
			],
			[
				-0.504454,
				0.470933
			],
			[
				-0.503454,
				0.47225
			],
			[
				-0.502454,
				0.473568
			],
			[
				-0.501454,
				0.474886
			],
			[
				-0.500454,
				0.476204
			],
			[
				-0.499454,
				0.477523
			],
			[
				-0.498454,
				0.478844
			],
			[
				-0.497454,
				0.480165
			],
			[
				-0.49,
				0.490074
			],
			[
				-0.48,
				0.503551
			],
			[
				-0.47,
				0.517048
			],
			[
				-0.46,
				0.530545
			],
			[
				-0.45,
				0.544042
			],
			[
				-0.44,
				0.557538
			],
			[
				-0.43,
				0.571035
			],
			[
				-0.42,
				0.584532
			],
			[
				-0.41,
				0.598029
			],
			[
				-0.4,
				0.611526
			],
			[
				-0.39,
				0.625023
			],
			[
				-0.38,
				0.638519
			],
			[
				-0.37,
				0.652016
			],
			[
				-0.36,
				0.665513
			],
			[
				-0.35,
				0.67901
			],
			[
				-0.34,
				0.692507
			],
			[
				-0.33,
				0.706004
			],
			[
				-0.32,
				0.719501
			],
			[
				-0.31,
				0.732997
			],
			[
				-0.3,
				0.746494
			],
			[
				-0.29,
				0.759991
			],
			[
				-0.28,
				0.773488
			],
			[
				-0.27,
				0.786985
			],
			[
				-0.26,
				0.800482
			],
			[
				-0.25,
				0.813979
			],
			[
				-0.24,
				0.827475
			],
			[
				-0.23,
				0.840972
			],
			[
				-0.22,
				0.854469
			],
			[
				-0.21,
				0.867966
			],
			[
				-0.2,
				0.881463
			],
			[
				-0.19,
				0.89496
			],
			[
				-0.18,
				0.908457
			],
			[
				-0.17,
				0.921953
			],
			[
				-0.16,
				0.93545
			],
			[
				-0.15,
				0.948947
			],
			[
				-0.14,
				0.962444
			],
			[
				-0.13,
				0.975941
			],
			[
				-0.12,
				0.989438
			],
			[
				-0.11,
				1.00293
			],
			[
				-0.1,
				1.01643
			],
			[
				-0.09,
				1.02993
			],
			[
				-0.08,
				1.04343
			],
			[
				-0.07,
				1.05692
			],
			[
				-0.06,
				1.07042
			],
			[
				-0.05,
				1.08392
			],
			[
				-0.04,
				1.09741
			],
			[
				-0.03,
				1.11091
			],
			[
				-0.02,
				1.12441
			],
			[
				-0.01,
				1.1379
			],
			[
				0.0,
				1.1514
			]
		]
	}
}
