{
	"ID": 112,
	"name": "VACODYM_3625_100C",
	"conductivity": 0.0,
	"relPermeability": 0.0,
	"remanence": "no information",
	"linear": false,
	"BHCurve": {
		"default": [
			[
				-0.822474,
				0.0
			],
			[
				-0.82,
				0.0033188
			],
			[
				-0.81,
				0.0167326
			],
			[
				-0.8,
				0.0301465
			],
			[
				-0.79,
				0.0435603
			],
			[
				-0.78,
				0.0569741
			],
			[
				-0.77,
				0.070388
			],
			[
				-0.76,
				0.0838018
			],
			[
				-0.75,
				0.0972157
			],
			[
				-0.74,
				0.110629
			],
			[
				-0.73,
				0.124043
			],
			[
				-0.72,
				0.137457
			],
			[
				-0.71,
				0.150871
			],
			[
				-0.7,
				0.164285
			],
			[
				-0.69,
				0.177699
			],
			[
				-0.68,
				0.191113
			],
			[
				-0.67,
				0.204526
			],
			[
				-0.66,
				0.21794
			],
			[
				-0.65,
				0.231354
			],
			[
				-0.64,
				0.244768
			],
			[
				-0.63,
				0.258182
			],
			[
				-0.62,
				0.271596
			],
			[
				-0.61,
				0.285009
			],
			[
				-0.6,
				0.298423
			],
			[
				-0.59,
				0.311837
			],
			[
				-0.58,
				0.325251
			],
			[
				-0.57,
				0.338665
			],
			[
				-0.56,
				0.352079
			],
			[
				-0.55,
				0.365492
			],
			[
				-0.54,
				0.378906
			],
			[
				-0.53,
				0.39232
			],
			[
				-0.52,
				0.405734
			],
			[
				-0.51,
				0.419148
			],
			[
				-0.5,
				0.432562
			],
			[
				-0.49,
				0.445975
			],
			[
				-0.48,
				0.459389
			],
			[
				-0.47,
				0.472803
			],
			[
				-0.46,
				0.486217
			],
			[
				-0.45,
				0.499631
			],
			[
				-0.44,
				0.513045
			],
			[
				-0.43,
				0.526458
			],
			[
				-0.42,
				0.539872
			],
			[
				-0.41,
				0.553286
			],
			[
				-0.4,
				0.5667
			],
			[
				-0.39,
				0.580114
			],
			[
				-0.38,
				0.593528
			],
			[
				-0.37,
				0.606941
			],
			[
				-0.36,
				0.620355
			],
			[
				-0.35,
				0.633769
			],
			[
				-0.34,
				0.647183
			],
			[
				-0.33,
				0.660597
			],
			[
				-0.32,
				0.674011
			],
			[
				-0.31,
				0.687424
			],
			[
				-0.3,
				0.700838
			],
			[
				-0.29,
				0.714252
			],
			[
				-0.28,
				0.727666
			],
			[
				-0.27,
				0.74108
			],
			[
				-0.26,
				0.754494
			],
			[
				-0.25,
				0.767907
			],
			[
				-0.24,
				0.781321
			],
			[
				-0.23,
				0.794735
			],
			[
				-0.22,
				0.808149
			],
			[
				-0.21,
				0.821563
			],
			[
				-0.2,
				0.834977
			],
			[
				-0.19,
				0.84839
			],
			[
				-0.18,
				0.861804
			],
			[
				-0.17,
				0.875218
			],
			[
				-0.16,
				0.888632
			],
			[
				-0.15,
				0.902046
			],
			[
				-0.14,
				0.91546
			],
			[
				-0.13,
				0.928874
			],
			[
				-0.12,
				0.942287
			],
			[
				-0.11,
				0.955701
			],
			[
				-0.1,
				0.969115
			],
			[
				-0.09,
				0.982529
			],
			[
				-0.08,
				0.995943
			],
			[
				-0.07,
				1.00936
			],
			[
				-0.06,
				1.02277
			],
			[
				-0.05,
				1.03618
			],
			[
				-0.04,
				1.0496
			],
			[
				-0.03,
				1.06301
			],
			[
				-0.02,
				1.07643
			],
			[
				-0.01,
				1.08984
			],
			[
				0.0,
				1.10325
			]
		]
	}
}
