{
	"ID": 253,
	"name": "VACODYM_787TP_150C",
	"conductivity": 0.0,
	"relPermeability": 1.0,
	"remanence": 0.0,
	"linear": false,
	"BHCurve": {
		"default": [
			[
				-0.634259,
				0.0
			],
			[
				-0.6340030000000001,
				0.0108014
			],
			[
				-0.6330030000000001,
				0.0529838
			],
			[
				-0.6320030000000001,
				0.0959926
			],
			[
				-0.6310030000000001,
				0.14611
			],
			[
				-0.6300030000000001,
				0.182031
			],
			[
				-0.6290030000000001,
				0.194714
			],
			[
				-0.6280030000000001,
				0.202919
			],
			[
				-0.6270030000000001,
				0.209122
			],
			[
				-0.6260030000000001,
				0.214566
			],
			[
				-0.6250030000000001,
				0.219024
			],
			[
				-0.6240030000000001,
				0.22304
			],
			[
				-0.6230030000000001,
				0.226916
			],
			[
				-0.6220030000000001,
				0.230555
			],
			[
				-0.6210030000000001,
				0.234006
			],
			[
				-0.6200030000000001,
				0.237314
			],
			[
				-0.6190030000000001,
				0.240526
			],
			[
				-0.6180030000000001,
				0.243691
			],
			[
				-0.6170030000000001,
				0.246832
			],
			[
				-0.6160030000000001,
				0.249923
			],
			[
				-0.6150030000000001,
				0.252937
			],
			[
				-0.6140030000000001,
				0.255846
			],
			[
				-0.6130030000000001,
				0.258622
			],
			[
				-0.6120030000000001,
				0.261239
			],
			[
				-0.6110030000000001,
				0.263721
			],
			[
				-0.6100030000000001,
				0.266125
			],
			[
				-0.6090030000000001,
				0.268456
			],
			[
				-0.6080030000000001,
				0.27072
			],
			[
				-0.6070030000000001,
				0.272922
			],
			[
				-0.6060030000000001,
				0.275068
			],
			[
				-0.6050030000000001,
				0.277164
			],
			[
				-0.6040030000000001,
				0.279215
			],
			[
				-0.6030030000000001,
				0.281227
			],
			[
				-0.6020030000000001,
				0.283205
			],
			[
				-0.6010030000000001,
				0.285156
			],
			[
				-0.6000030000000001,
				0.287084
			],
			[
				-0.5990030000000001,
				0.288984
			],
			[
				-0.5980030000000001,
				0.290846
			],
			[
				-0.5970030000000001,
				0.292675
			],
			[
				-0.5960030000000001,
				0.294471
			],
			[
				-0.5950030000000001,
				0.296239
			],
			[
				-0.5940030000000001,
				0.29798
			],
			[
				-0.5930030000000001,
				0.299696
			],
			[
				-0.5920030000000001,
				0.30139
			],
			[
				-0.5910030000000001,
				0.303065
			],
			[
				-0.590003,
				0.304723
			],
			[
				-0.589003,
				0.306367
			],
			[
				-0.588003,
				0.307999
			],
			[
				-0.587003,
				0.309621
			],
			[
				-0.586003,
				0.311237
			],
			[
				-0.585003,
				0.312847
			],
			[
				-0.584003,
				0.314448
			],
			[
				-0.583003,
				0.316033
			],
			[
				-0.582003,
				0.317603
			],
			[
				-0.581003,
				0.319159
			],
			[
				-0.580003,
				0.320701
			],
			[
				-0.579003,
				0.322231
			],
			[
				-0.578003,
				0.323748
			],
			[
				-0.577003,
				0.325255
			],
			[
				-0.576003,
				0.32675
			],
			[
				-0.575003,
				0.328236
			],
			[
				-0.574003,
				0.329712
			],
			[
				-0.573003,
				0.331179
			],
			[
				-0.572003,
				0.332638
			],
			[
				-0.571003,
				0.33409
			],
			[
				-0.570003,
				0.335536
			],
			[
				-0.569003,
				0.336975
			],
			[
				-0.568003,
				0.338407
			],
			[
				-0.567003,
				0.339834
			],
			[
				-0.566003,
				0.341254
			],
			[
				-0.565003,
				0.342669
			],
			[
				-0.564003,
				0.344077
			],
			[
				-0.563003,
				0.345481
			],
			[
				-0.562003,
				0.346879
			],
			[
				-0.561003,
				0.348272
			],
			[
				-0.560003,
				0.349659
			],
			[
				-0.559003,
				0.351042
			],
			[
				-0.558003,
				0.352421
			],
			[
				-0.557003,
				0.353795
			],
			[
				-0.556003,
				0.355165
			],
			[
				-0.555003,
				0.35653
			],
			[
				-0.554003,
				0.357892
			],
			[
				-0.553003,
				0.35925
			],
			[
				-0.552003,
				0.360604
			],
			[
				-0.551003,
				0.361955
			],
			[
				-0.550003,
				0.363302
			],
			[
				-0.549003,
				0.364647
			],
			[
				-0.548003,
				0.365988
			],
			[
				-0.547003,
				0.367327
			],
			[
				-0.546003,
				0.368663
			],
			[
				-0.545003,
				0.369997
			],
			[
				-0.544003,
				0.371329
			],
			[
				-0.543003,
				0.372658
			],
			[
				-0.542003,
				0.373986
			],
			[
				-0.541003,
				0.375312
			],
			[
				-0.540003,
				0.376636
			],
			[
				-0.539003,
				0.377959
			],
			[
				-0.538003,
				0.379281
			],
			[
				-0.537003,
				0.380602
			],
			[
				-0.536003,
				0.381922
			],
			[
				-0.535003,
				0.383242
			],
			[
				-0.534003,
				0.384561
			],
			[
				-0.533003,
				0.385879
			],
			[
				-0.532003,
				0.387198
			],
			[
				-0.531003,
				0.388516
			],
			[
				-0.530003,
				0.389835
			],
			[
				-0.529003,
				0.391154
			],
			[
				-0.528003,
				0.392473
			],
			[
				-0.527003,
				0.393793
			],
			[
				-0.526003,
				0.395115
			],
			[
				-0.525003,
				0.396437
			],
			[
				-0.524003,
				0.39776
			],
			[
				-0.523003,
				0.399085
			],
			[
				-0.52,
				0.403074
			],
			[
				-0.51,
				0.416501
			],
			[
				-0.5,
				0.429997
			],
			[
				-0.49,
				0.443492
			],
			[
				-0.48,
				0.456988
			],
			[
				-0.47,
				0.470483
			],
			[
				-0.46,
				0.483979
			],
			[
				-0.45,
				0.497475
			],
			[
				-0.44,
				0.51097
			],
			[
				-0.43,
				0.524466
			],
			[
				-0.42,
				0.537961
			],
			[
				-0.41,
				0.551457
			],
			[
				-0.4,
				0.564953
			],
			[
				-0.39,
				0.578448
			],
			[
				-0.38,
				0.591944
			],
			[
				-0.37,
				0.605439
			],
			[
				-0.36,
				0.618935
			],
			[
				-0.35,
				0.632431
			],
			[
				-0.34,
				0.645926
			],
			[
				-0.33,
				0.659422
			],
			[
				-0.32,
				0.672917
			],
			[
				-0.31,
				0.686413
			],
			[
				-0.3,
				0.699909
			],
			[
				-0.29,
				0.713404
			],
			[
				-0.28,
				0.7269
			],
			[
				-0.27,
				0.740395
			],
			[
				-0.26,
				0.753891
			],
			[
				-0.25,
				0.767387
			],
			[
				-0.24,
				0.780882
			],
			[
				-0.23,
				0.794378
			],
			[
				-0.22,
				0.807873
			],
			[
				-0.21,
				0.821369
			],
			[
				-0.2,
				0.834865
			],
			[
				-0.19,
				0.84836
			],
			[
				-0.18,
				0.861856
			],
			[
				-0.17,
				0.875351
			],
			[
				-0.16,
				0.888847
			],
			[
				-0.15,
				0.902343
			],
			[
				-0.14,
				0.915838
			],
			[
				-0.13,
				0.929334
			],
			[
				-0.12,
				0.942829
			],
			[
				-0.11,
				0.956325
			],
			[
				-0.1,
				0.969821
			],
			[
				-0.09,
				0.983316
			],
			[
				-0.08,
				0.996812
			],
			[
				-0.07,
				1.01031
			],
			[
				-0.06,
				1.0238
			],
			[
				-0.05,
				1.0373
			],
			[
				-0.04,
				1.05079
			],
			[
				-0.03,
				1.06429
			],
			[
				-0.02,
				1.07779
			],
			[
				-0.01,
				1.09128
			],
			[
				0.0,
				1.10478
			]
		]
	}
}
