{
	"ID": 100,
	"name": "VACODYM_3230_080C",
	"conductivity": 0.0,
	"relPermeability": 0.0,
	"remanence": "no information",
	"linear": false,
	"BHCurve": {
		"default": [
			[
				-0.8132290000000001,
				0.0
			],
			[
				-0.81,
				0.00430467
			],
			[
				-0.805,
				0.0109701
			],
			[
				-0.8,
				0.0176355
			],
			[
				-0.795,
				0.0243009
			],
			[
				-0.79,
				0.0309663
			],
			[
				-0.785,
				0.0376317
			],
			[
				-0.78,
				0.0442971
			],
			[
				-0.775,
				0.0509625
			],
			[
				-0.77,
				0.0576279
			],
			[
				-0.765,
				0.0642933
			],
			[
				-0.76,
				0.0709588
			],
			[
				-0.755,
				0.0776242
			],
			[
				-0.75,
				0.0842896
			],
			[
				-0.745,
				0.090955
			],
			[
				-0.74,
				0.0976204
			],
			[
				-0.735,
				0.104286
			],
			[
				-0.73,
				0.110951
			],
			[
				-0.725,
				0.117617
			],
			[
				-0.72,
				0.124282
			],
			[
				-0.715,
				0.130947
			],
			[
				-0.71,
				0.137613
			],
			[
				-0.705,
				0.144278
			],
			[
				-0.7,
				0.150944
			],
			[
				-0.695,
				0.157609
			],
			[
				-0.69,
				0.164274
			],
			[
				-0.685,
				0.17094
			],
			[
				-0.68,
				0.177605
			],
			[
				-0.675,
				0.184271
			],
			[
				-0.67,
				0.190936
			],
			[
				-0.665,
				0.197602
			],
			[
				-0.66,
				0.204267
			],
			[
				-0.655,
				0.210932
			],
			[
				-0.65,
				0.217598
			],
			[
				-0.645,
				0.224263
			],
			[
				-0.64,
				0.230929
			],
			[
				-0.635,
				0.237594
			],
			[
				-0.63,
				0.244259
			],
			[
				-0.625,
				0.250925
			],
			[
				-0.62,
				0.25759
			],
			[
				-0.615,
				0.264256
			],
			[
				-0.61,
				0.270921
			],
			[
				-0.605,
				0.277586
			],
			[
				-0.6,
				0.284252
			],
			[
				-0.595,
				0.290917
			],
			[
				-0.59,
				0.297583
			],
			[
				-0.585,
				0.304248
			],
			[
				-0.58,
				0.310913
			],
			[
				-0.575,
				0.317579
			],
			[
				-0.57,
				0.324244
			],
			[
				-0.565,
				0.33091
			],
			[
				-0.56,
				0.337575
			],
			[
				-0.555,
				0.344241
			],
			[
				-0.55,
				0.350906
			],
			[
				-0.545,
				0.357571
			],
			[
				-0.54,
				0.364237
			],
			[
				-0.535,
				0.370902
			],
			[
				-0.53,
				0.377568
			],
			[
				-0.525,
				0.384233
			],
			[
				-0.52,
				0.390898
			],
			[
				-0.515,
				0.397564
			],
			[
				-0.51,
				0.404229
			],
			[
				-0.505,
				0.410895
			],
			[
				-0.5,
				0.41756
			],
			[
				-0.495,
				0.424225
			],
			[
				-0.49,
				0.430891
			],
			[
				-0.485,
				0.437556
			],
			[
				-0.48,
				0.444222
			],
			[
				-0.475,
				0.450887
			],
			[
				-0.47,
				0.457552
			],
			[
				-0.465,
				0.464218
			],
			[
				-0.46,
				0.470883
			],
			[
				-0.455,
				0.477549
			],
			[
				-0.45,
				0.484214
			],
			[
				-0.445,
				0.49088
			],
			[
				-0.44,
				0.497545
			],
			[
				-0.435,
				0.50421
			],
			[
				-0.43,
				0.510876
			],
			[
				-0.425,
				0.517541
			],
			[
				-0.42,
				0.524207
			],
			[
				-0.415,
				0.530872
			],
			[
				-0.41,
				0.537537
			],
			[
				-0.405,
				0.544203
			],
			[
				-0.4,
				0.550868
			],
			[
				-0.395,
				0.557534
			],
			[
				-0.39,
				0.564199
			],
			[
				-0.385,
				0.570864
			],
			[
				-0.38,
				0.57753
			],
			[
				-0.375,
				0.584195
			],
			[
				-0.37,
				0.590861
			],
			[
				-0.365,
				0.597526
			],
			[
				-0.36,
				0.604191
			],
			[
				-0.355,
				0.610857
			],
			[
				-0.35,
				0.617522
			],
			[
				-0.345,
				0.624188
			],
			[
				-0.34,
				0.630853
			],
			[
				-0.335,
				0.637519
			],
			[
				-0.33,
				0.644184
			],
			[
				-0.325,
				0.650849
			],
			[
				-0.32,
				0.657515
			],
			[
				-0.315,
				0.66418
			],
			[
				-0.31,
				0.670846
			],
			[
				-0.305,
				0.677511
			],
			[
				-0.3,
				0.684176
			],
			[
				-0.295,
				0.690842
			],
			[
				-0.29,
				0.697507
			],
			[
				-0.285,
				0.704173
			],
			[
				-0.28,
				0.710838
			],
			[
				-0.275,
				0.717503
			],
			[
				-0.27,
				0.724169
			],
			[
				-0.265,
				0.730834
			],
			[
				-0.26,
				0.7375
			],
			[
				-0.255,
				0.744165
			],
			[
				-0.25,
				0.75083
			],
			[
				-0.245,
				0.757496
			],
			[
				-0.24,
				0.764161
			],
			[
				-0.235,
				0.770827
			],
			[
				-0.23,
				0.777492
			],
			[
				-0.225,
				0.784157
			],
			[
				-0.22,
				0.790823
			],
			[
				-0.215,
				0.797488
			],
			[
				-0.21,
				0.804154
			],
			[
				-0.205,
				0.810819
			],
			[
				-0.2,
				0.817485
			],
			[
				-0.195,
				0.82415
			],
			[
				-0.19,
				0.830815
			],
			[
				-0.185,
				0.837481
			],
			[
				-0.18,
				0.844146
			],
			[
				-0.175,
				0.850812
			],
			[
				-0.17,
				0.857477
			],
			[
				-0.165,
				0.864142
			],
			[
				-0.16,
				0.870808
			],
			[
				-0.155,
				0.877473
			],
			[
				-0.15,
				0.884139
			],
			[
				-0.145,
				0.890804
			],
			[
				-0.14,
				0.897469
			],
			[
				-0.135,
				0.904135
			],
			[
				-0.13,
				0.9108
			],
			[
				-0.125,
				0.917466
			],
			[
				-0.12,
				0.924131
			],
			[
				-0.115,
				0.930796
			],
			[
				-0.11,
				0.937462
			],
			[
				-0.105,
				0.944127
			],
			[
				-0.1,
				0.950793
			],
			[
				-0.095,
				0.957458
			],
			[
				-0.09,
				0.964124
			],
			[
				-0.085,
				0.970789
			],
			[
				-0.08,
				0.977454
			],
			[
				-0.075,
				0.98412
			],
			[
				-0.07,
				0.990785
			],
			[
				-0.065,
				0.997451
			],
			[
				-0.06,
				1.00412
			],
			[
				-0.055,
				1.01078
			],
			[
				-0.05,
				1.01745
			],
			[
				-0.045,
				1.02411
			],
			[
				-0.04,
				1.03078
			],
			[
				-0.035,
				1.03744
			],
			[
				-0.03,
				1.04411
			],
			[
				-0.025,
				1.05077
			],
			[
				-0.02,
				1.05744
			],
			[
				-0.015,
				1.0641
			],
			[
				-0.01,
				1.07077
			],
			[
				-0.005,
				1.07744
			],
			[
				0.0,
				1.0841
			]
		]
	}
}
