{
	"ID": 144,
	"name": "VACODYM_655AP_20C",
	"conductivity": 0.0,
	"relPermeability": 0.0,
	"remanence": "no information",
	"linear": false,
	"BHCurve": {
		"default": [
			[
				-0.917308,
				0.0
			],
			[
				-0.91,
				0.00955975
			],
			[
				-0.9,
				0.0226415
			],
			[
				-0.89,
				0.0357233
			],
			[
				-0.88,
				0.048805
			],
			[
				-0.87,
				0.0618868
			],
			[
				-0.86,
				0.0749686
			],
			[
				-0.85,
				0.0880503
			],
			[
				-0.84,
				0.101132
			],
			[
				-0.83,
				0.114214
			],
			[
				-0.82,
				0.127296
			],
			[
				-0.81,
				0.140377
			],
			[
				-0.8,
				0.153459
			],
			[
				-0.79,
				0.166541
			],
			[
				-0.78,
				0.179623
			],
			[
				-0.77,
				0.192704
			],
			[
				-0.76,
				0.205786
			],
			[
				-0.75,
				0.218868
			],
			[
				-0.74,
				0.23195
			],
			[
				-0.73,
				0.245031
			],
			[
				-0.72,
				0.258113
			],
			[
				-0.71,
				0.271195
			],
			[
				-0.7,
				0.284277
			],
			[
				-0.69,
				0.297358
			],
			[
				-0.68,
				0.31044
			],
			[
				-0.67,
				0.323522
			],
			[
				-0.66,
				0.336604
			],
			[
				-0.65,
				0.349686
			],
			[
				-0.64,
				0.362767
			],
			[
				-0.63,
				0.375849
			],
			[
				-0.62,
				0.388931
			],
			[
				-0.61,
				0.402013
			],
			[
				-0.6,
				0.415094
			],
			[
				-0.59,
				0.428176
			],
			[
				-0.58,
				0.441258
			],
			[
				-0.57,
				0.45434
			],
			[
				-0.56,
				0.467421
			],
			[
				-0.55,
				0.480503
			],
			[
				-0.54,
				0.493585
			],
			[
				-0.53,
				0.506667
			],
			[
				-0.52,
				0.519748
			],
			[
				-0.51,
				0.53283
			],
			[
				-0.5,
				0.545912
			],
			[
				-0.49,
				0.558994
			],
			[
				-0.48,
				0.572075
			],
			[
				-0.47,
				0.585157
			],
			[
				-0.46,
				0.598239
			],
			[
				-0.45,
				0.611321
			],
			[
				-0.44,
				0.624403
			],
			[
				-0.43,
				0.637484
			],
			[
				-0.42,
				0.650566
			],
			[
				-0.41,
				0.663648
			],
			[
				-0.4,
				0.67673
			],
			[
				-0.39,
				0.689811
			],
			[
				-0.38,
				0.702893
			],
			[
				-0.37,
				0.715975
			],
			[
				-0.36,
				0.729057
			],
			[
				-0.35,
				0.742138
			],
			[
				-0.34,
				0.75522
			],
			[
				-0.33,
				0.768302
			],
			[
				-0.32,
				0.781384
			],
			[
				-0.31,
				0.794465
			],
			[
				-0.3,
				0.807547
			],
			[
				-0.29,
				0.820629
			],
			[
				-0.28,
				0.833711
			],
			[
				-0.27,
				0.846792
			],
			[
				-0.26,
				0.859874
			],
			[
				-0.25,
				0.872956
			],
			[
				-0.24,
				0.886038
			],
			[
				-0.23,
				0.899119
			],
			[
				-0.22,
				0.912201
			],
			[
				-0.21,
				0.925283
			],
			[
				-0.2,
				0.938365
			],
			[
				-0.19,
				0.951447
			],
			[
				-0.18,
				0.964528
			],
			[
				-0.17,
				0.97761
			],
			[
				-0.16,
				0.990692
			],
			[
				-0.15,
				1.00377
			],
			[
				-0.14,
				1.01686
			],
			[
				-0.13,
				1.02994
			],
			[
				-0.12,
				1.04302
			],
			[
				-0.11,
				1.0561
			],
			[
				-0.1,
				1.06918
			],
			[
				-0.09,
				1.08226
			],
			[
				-0.08,
				1.09535
			],
			[
				-0.07,
				1.10843
			],
			[
				-0.06,
				1.12151
			],
			[
				-0.05,
				1.13459
			],
			[
				-0.04,
				1.14767
			],
			[
				-0.03,
				1.16075
			],
			[
				-0.02,
				1.17384
			],
			[
				-0.01,
				1.18692
			],
			[
				0.0,
				1.2
			]
		]
	}
}
