{
	"ID": 327,
	"name": "VACODYM_872TP_210C",
	"conductivity": 0.0,
	"relPermeability": 1.0,
	"remanence": 0.0,
	"linear": false,
	"BHCurve": {
		"default": [
			[
				-0.466518,
				0.0
			],
			[
				-0.466357,
				0.0059599
			],
			[
				-0.465357,
				0.0429379
			],
			[
				-0.464357,
				0.0799159
			],
			[
				-0.463357,
				0.116894
			],
			[
				-0.462357,
				0.153872
			],
			[
				-0.461357,
				0.190977
			],
			[
				-0.460357,
				0.233603
			],
			[
				-0.459357,
				0.269069
			],
			[
				-0.458357,
				0.284746
			],
			[
				-0.457357,
				0.294392
			],
			[
				-0.456357,
				0.301476
			],
			[
				-0.455357,
				0.306866
			],
			[
				-0.454357,
				0.311559
			],
			[
				-0.453357,
				0.315928
			],
			[
				-0.452357,
				0.319965
			],
			[
				-0.451357,
				0.32377
			],
			[
				-0.450357,
				0.327445
			],
			[
				-0.449357,
				0.331072
			],
			[
				-0.448357,
				0.334617
			],
			[
				-0.447357,
				0.338012
			],
			[
				-0.446357,
				0.341195
			],
			[
				-0.445357,
				0.344108
			],
			[
				-0.444357,
				0.346844
			],
			[
				-0.443357,
				0.349459
			],
			[
				-0.442357,
				0.351965
			],
			[
				-0.44135700000000005,
				0.354372
			],
			[
				-0.44035700000000005,
				0.356693
			],
			[
				-0.43935700000000005,
				0.35894
			],
			[
				-0.43835700000000005,
				0.361123
			],
			[
				-0.43735700000000005,
				0.363254
			],
			[
				-0.43635700000000005,
				0.365344
			],
			[
				-0.43535700000000005,
				0.36738
			],
			[
				-0.43435700000000005,
				0.369358
			],
			[
				-0.43335700000000005,
				0.371285
			],
			[
				-0.43235700000000005,
				0.373165
			],
			[
				-0.43135700000000005,
				0.375004
			],
			[
				-0.43035700000000005,
				0.376807
			],
			[
				-0.42935700000000004,
				0.378579
			],
			[
				-0.42835700000000004,
				0.380326
			],
			[
				-0.42735700000000004,
				0.382052
			],
			[
				-0.42635700000000004,
				0.383763
			],
			[
				-0.42535700000000004,
				0.385464
			],
			[
				-0.42435700000000004,
				0.387147
			],
			[
				-0.42335700000000004,
				0.388806
			],
			[
				-0.42235700000000004,
				0.390441
			],
			[
				-0.42135700000000004,
				0.392053
			],
			[
				-0.42035700000000004,
				0.393645
			],
			[
				-0.41935700000000004,
				0.395218
			],
			[
				-0.41835700000000003,
				0.396773
			],
			[
				-0.41735700000000003,
				0.398311
			],
			[
				-0.41635700000000003,
				0.399834
			],
			[
				-0.41535700000000003,
				0.401343
			],
			[
				-0.41435700000000003,
				0.40284
			],
			[
				-0.41335700000000003,
				0.404325
			],
			[
				-0.41235700000000003,
				0.4058
			],
			[
				-0.41135700000000003,
				0.407265
			],
			[
				-0.410357,
				0.408719
			],
			[
				-0.409357,
				0.410164
			],
			[
				-0.408357,
				0.4116
			],
			[
				-0.407357,
				0.413027
			],
			[
				-0.406357,
				0.414445
			],
			[
				-0.405357,
				0.415856
			],
			[
				-0.404357,
				0.417259
			],
			[
				-0.403357,
				0.418655
			],
			[
				-0.402357,
				0.420044
			],
			[
				-0.401357,
				0.421427
			],
			[
				-0.400357,
				0.422804
			],
			[
				-0.399357,
				0.424176
			],
			[
				-0.398357,
				0.425542
			],
			[
				-0.397357,
				0.426904
			],
			[
				-0.396357,
				0.428261
			],
			[
				-0.395357,
				0.429614
			],
			[
				-0.394357,
				0.430964
			],
			[
				-0.393357,
				0.432311
			],
			[
				-0.392357,
				0.433655
			],
			[
				-0.391357,
				0.434996
			],
			[
				-0.390357,
				0.436336
			],
			[
				-0.389357,
				0.437674
			],
			[
				-0.388357,
				0.439011
			],
			[
				-0.387357,
				0.440348
			],
			[
				-0.386357,
				0.441684
			],
			[
				-0.38,
				0.450197
			],
			[
				-0.37,
				0.463823
			],
			[
				-0.36,
				0.477567
			],
			[
				-0.35,
				0.491312
			],
			[
				-0.34,
				0.505057
			],
			[
				-0.33,
				0.518801
			],
			[
				-0.32,
				0.532546
			],
			[
				-0.31,
				0.546291
			],
			[
				-0.3,
				0.560035
			],
			[
				-0.29,
				0.57378
			],
			[
				-0.28,
				0.587525
			],
			[
				-0.27,
				0.601269
			],
			[
				-0.26,
				0.615014
			],
			[
				-0.25,
				0.628759
			],
			[
				-0.24,
				0.642503
			],
			[
				-0.23,
				0.656248
			],
			[
				-0.22,
				0.669993
			],
			[
				-0.21,
				0.683737
			],
			[
				-0.2,
				0.697482
			],
			[
				-0.19,
				0.711227
			],
			[
				-0.18,
				0.724971
			],
			[
				-0.17,
				0.738716
			],
			[
				-0.16,
				0.752461
			],
			[
				-0.15,
				0.766205
			],
			[
				-0.14,
				0.77995
			],
			[
				-0.13,
				0.793694
			],
			[
				-0.12,
				0.807439
			],
			[
				-0.11,
				0.821184
			],
			[
				-0.1,
				0.834928
			],
			[
				-0.09,
				0.848673
			],
			[
				-0.08,
				0.862418
			],
			[
				-0.07,
				0.876162
			],
			[
				-0.06,
				0.889907
			],
			[
				-0.05,
				0.903652
			],
			[
				-0.04,
				0.917396
			],
			[
				-0.03,
				0.931141
			],
			[
				-0.02,
				0.944886
			],
			[
				-0.01,
				0.95863
			],
			[
				0.0,
				0.972375
			]
		]
	}
}
