{
	"ID": 289,
	"name": "VACODYM_854_AP_150C",
	"conductivity": 0.0,
	"relPermeability": 1.0,
	"remanence": 0.0,
	"linear": false,
	"BHCurve": {
		"default": [
			[
				-0.5751609999999999,
				0.0
			],
			[
				-0.574427,
				0.029931
			],
			[
				-0.573427,
				0.0707094
			],
			[
				-0.572427,
				0.111488
			],
			[
				-0.571427,
				0.154962
			],
			[
				-0.570427,
				0.202089
			],
			[
				-0.569427,
				0.228834
			],
			[
				-0.568427,
				0.240101
			],
			[
				-0.567427,
				0.247675
			],
			[
				-0.566427,
				0.253852
			],
			[
				-0.565427,
				0.258867
			],
			[
				-0.564427,
				0.263149
			],
			[
				-0.563427,
				0.267233
			],
			[
				-0.562427,
				0.271057
			],
			[
				-0.561427,
				0.274658
			],
			[
				-0.560427,
				0.278093
			],
			[
				-0.559427,
				0.281423
			],
			[
				-0.558427,
				0.284704
			],
			[
				-0.557427,
				0.287953
			],
			[
				-0.556427,
				0.291134
			],
			[
				-0.555427,
				0.294213
			],
			[
				-0.554427,
				0.297154
			],
			[
				-0.553427,
				0.299923
			],
			[
				-0.552427,
				0.302514
			],
			[
				-0.551427,
				0.305006
			],
			[
				-0.550427,
				0.307414
			],
			[
				-0.549427,
				0.309744
			],
			[
				-0.548427,
				0.312004
			],
			[
				-0.547427,
				0.3142
			],
			[
				-0.546427,
				0.316338
			],
			[
				-0.545427,
				0.318427
			],
			[
				-0.544427,
				0.320473
			],
			[
				-0.543427,
				0.322482
			],
			[
				-0.542427,
				0.324462
			],
			[
				-0.541427,
				0.326414
			],
			[
				-0.540427,
				0.328325
			],
			[
				-0.539427,
				0.330196
			],
			[
				-0.538427,
				0.33203
			],
			[
				-0.537427,
				0.33383
			],
			[
				-0.536427,
				0.3356
			],
			[
				-0.535427,
				0.337341
			],
			[
				-0.534427,
				0.339059
			],
			[
				-0.533427,
				0.340754
			],
			[
				-0.532427,
				0.342432
			],
			[
				-0.531427,
				0.344094
			],
			[
				-0.530427,
				0.345743
			],
			[
				-0.529427,
				0.347383
			],
			[
				-0.528427,
				0.349017
			],
			[
				-0.527427,
				0.350642
			],
			[
				-0.526427,
				0.352248
			],
			[
				-0.525427,
				0.353837
			],
			[
				-0.524427,
				0.355409
			],
			[
				-0.523427,
				0.356967
			],
			[
				-0.522427,
				0.358509
			],
			[
				-0.521427,
				0.360039
			],
			[
				-0.520427,
				0.361555
			],
			[
				-0.519427,
				0.36306
			],
			[
				-0.518427,
				0.364554
			],
			[
				-0.517427,
				0.366038
			],
			[
				-0.516427,
				0.367513
			],
			[
				-0.515427,
				0.36898
			],
			[
				-0.514427,
				0.37044
			],
			[
				-0.513427,
				0.371893
			],
			[
				-0.512427,
				0.373339
			],
			[
				-0.5114270000000001,
				0.374778
			],
			[
				-0.5104270000000001,
				0.37621
			],
			[
				-0.5094270000000001,
				0.377635
			],
			[
				-0.5084270000000001,
				0.379055
			],
			[
				-0.5074270000000001,
				0.380468
			],
			[
				-0.5064270000000001,
				0.381875
			],
			[
				-0.5054270000000001,
				0.383277
			],
			[
				-0.5044270000000001,
				0.384673
			],
			[
				-0.5034270000000001,
				0.386064
			],
			[
				-0.5024270000000001,
				0.38745
			],
			[
				-0.5014270000000001,
				0.388831
			],
			[
				-0.5004270000000001,
				0.390208
			],
			[
				-0.499427,
				0.39158
			],
			[
				-0.498427,
				0.392948
			],
			[
				-0.497427,
				0.394312
			],
			[
				-0.496427,
				0.395672
			],
			[
				-0.495427,
				0.397029
			],
			[
				-0.494427,
				0.398383
			],
			[
				-0.493427,
				0.399734
			],
			[
				-0.492427,
				0.401081
			],
			[
				-0.491427,
				0.402427
			],
			[
				-0.490427,
				0.403769
			],
			[
				-0.489427,
				0.40511
			],
			[
				-0.488427,
				0.406448
			],
			[
				-0.487427,
				0.407785
			],
			[
				-0.486427,
				0.40912
			],
			[
				-0.485427,
				0.410454
			],
			[
				-0.484427,
				0.411787
			],
			[
				-0.483427,
				0.413119
			],
			[
				-0.482427,
				0.41445
			],
			[
				-0.481427,
				0.41578
			],
			[
				-0.48042700000000005,
				0.417111
			],
			[
				-0.47942700000000005,
				0.418441
			],
			[
				-0.47842700000000005,
				0.419772
			],
			[
				-0.47742700000000005,
				0.421103
			],
			[
				-0.47642700000000004,
				0.422434
			],
			[
				-0.47542700000000004,
				0.423767
			],
			[
				-0.47442700000000004,
				0.4251
			],
			[
				-0.47342700000000004,
				0.426435
			],
			[
				-0.47242700000000004,
				0.427771
			],
			[
				-0.47142700000000004,
				0.429109
			],
			[
				-0.47042700000000004,
				0.430449
			],
			[
				-0.46942700000000004,
				0.43179
			],
			[
				-0.46842700000000004,
				0.433135
			],
			[
				-0.46742700000000004,
				0.434481
			],
			[
				-0.46642700000000004,
				0.435831
			],
			[
				-0.46542700000000004,
				0.437183
			],
			[
				-0.46442700000000003,
				0.438539
			],
			[
				-0.46342700000000003,
				0.439898
			],
			[
				-0.46242700000000003,
				0.44126
			],
			[
				-0.46142700000000003,
				0.442622
			],
			[
				-0.46042700000000003,
				0.443984
			],
			[
				-0.45942700000000003,
				0.445347
			],
			[
				-0.45842700000000003,
				0.446709
			],
			[
				-0.45742700000000003,
				0.448071
			],
			[
				-0.456427,
				0.449433
			],
			[
				-0.455427,
				0.450795
			],
			[
				-0.454427,
				0.452157
			],
			[
				-0.453427,
				0.453519
			],
			[
				-0.452427,
				0.454881
			],
			[
				-0.451427,
				0.456244
			],
			[
				-0.450427,
				0.457606
			],
			[
				-0.449427,
				0.458968
			],
			[
				-0.448427,
				0.46033
			],
			[
				-0.447427,
				0.461692
			],
			[
				-0.446427,
				0.463054
			],
			[
				-0.445427,
				0.464416
			],
			[
				-0.444427,
				0.465779
			],
			[
				-0.443427,
				0.467141
			],
			[
				-0.442427,
				0.468503
			],
			[
				-0.441427,
				0.469865
			],
			[
				-0.440427,
				0.471227
			],
			[
				-0.439427,
				0.472589
			],
			[
				-0.438427,
				0.473951
			],
			[
				-0.437427,
				0.475314
			],
			[
				-0.436427,
				0.476676
			],
			[
				-0.435427,
				0.478038
			],
			[
				-0.434427,
				0.4794
			],
			[
				-0.433427,
				0.480762
			],
			[
				-0.432427,
				0.482124
			],
			[
				-0.431427,
				0.483486
			],
			[
				-0.430427,
				0.484849
			],
			[
				-0.429427,
				0.486211
			],
			[
				-0.428427,
				0.487573
			],
			[
				-0.427427,
				0.488935
			],
			[
				-0.426427,
				0.490297
			],
			[
				-0.425427,
				0.491659
			],
			[
				-0.424427,
				0.493021
			],
			[
				-0.423427,
				0.494383
			],
			[
				-0.422427,
				0.495746
			],
			[
				-0.421427,
				0.497108
			],
			[
				-0.420427,
				0.49847
			],
			[
				-0.419427,
				0.499832
			],
			[
				-0.418427,
				0.501194
			],
			[
				-0.41742700000000005,
				0.502556
			],
			[
				-0.41642700000000005,
				0.503918
			],
			[
				-0.41542700000000005,
				0.505281
			],
			[
				-0.415,
				0.505863
			],
			[
				-0.41,
				0.512673
			],
			[
				-0.405,
				0.519484
			],
			[
				-0.4,
				0.526295
			],
			[
				-0.395,
				0.533105
			],
			[
				-0.39,
				0.539916
			],
			[
				-0.385,
				0.546727
			],
			[
				-0.38,
				0.553537
			],
			[
				-0.375,
				0.560348
			],
			[
				-0.37,
				0.567159
			],
			[
				-0.365,
				0.573969
			],
			[
				-0.36,
				0.58078
			],
			[
				-0.355,
				0.587591
			],
			[
				-0.35,
				0.594402
			],
			[
				-0.345,
				0.601212
			],
			[
				-0.34,
				0.608023
			],
			[
				-0.335,
				0.614834
			],
			[
				-0.33,
				0.621644
			],
			[
				-0.325,
				0.628455
			],
			[
				-0.32,
				0.635266
			],
			[
				-0.315,
				0.642076
			],
			[
				-0.31,
				0.648887
			],
			[
				-0.305,
				0.655698
			],
			[
				-0.3,
				0.662508
			],
			[
				-0.295,
				0.669319
			],
			[
				-0.29,
				0.67613
			],
			[
				-0.285,
				0.682941
			],
			[
				-0.28,
				0.689751
			],
			[
				-0.275,
				0.696562
			],
			[
				-0.27,
				0.703373
			],
			[
				-0.265,
				0.710183
			],
			[
				-0.26,
				0.716994
			],
			[
				-0.255,
				0.723805
