{
	"ID": 217,
	"name": "VACODYM_776AP_120C",
	"conductivity": 0.0,
	"relPermeability": 0.0,
	"remanence": "no information",
	"linear": false,
	"BHCurve": {
		"default": [
			[
				-0.7895639999999999,
				0.0
			],
			[
				-0.78864,
				0.0122343
			],
			[
				-0.78764,
				0.0205903
			],
			[
				-0.78664,
				0.0266343
			],
			[
				-0.78564,
				0.0320732
			],
			[
				-0.78464,
				0.0367944
			],
			[
				-0.78364,
				0.0408405
			],
			[
				-0.78264,
				0.0445911
			],
			[
				-0.78164,
				0.0482487
			],
			[
				-0.78064,
				0.0517159
			],
			[
				-0.77964,
				0.0550227
			],
			[
				-0.77864,
				0.0582014
			],
			[
				-0.77764,
				0.0612843
			],
			[
				-0.77664,
				0.0643036
			],
			[
				-0.77564,
				0.0672914
			],
			[
				-0.77464,
				0.0702625
			],
			[
				-0.77364,
				0.0731963
			],
			[
				-0.77264,
				0.0760744
			],
			[
				-0.77164,
				0.0788787
			],
			[
				-0.77064,
				0.0815908
			],
			[
				-0.76964,
				0.0841925
			],
			[
				-0.76864,
				0.0866656
			],
			[
				-0.76764,
				0.0890386
			],
			[
				-0.76664,
				0.0913489
			],
			[
				-0.76564,
				0.0936003
			],
			[
				-0.76464,
				0.0957969
			],
			[
				-0.76364,
				0.0979425
			],
			[
				-0.76264,
				0.100041
			],
			[
				-0.76164,
				0.102097
			],
			[
				-0.76064,
				0.104113
			],
			[
				-0.75964,
				0.106094
			],
			[
				-0.75864,
				0.108044
			],
			[
				-0.75764,
				0.109967
			],
			[
				-0.75664,
				0.111866
			],
			[
				-0.75564,
				0.113746
			],
			[
				-0.75464,
				0.11561
			],
			[
				-0.75364,
				0.117449
			],
			[
				-0.75264,
				0.11926
			],
			[
				-0.75164,
				0.121042
			],
			[
				-0.75064,
				0.122799
			],
			[
				-0.74964,
				0.124532
			],
			[
				-0.74864,
				0.126243
			],
			[
				-0.74764,
				0.127933
			],
			[
				-0.74664,
				0.129605
			],
			[
				-0.74564,
				0.131259
			],
			[
				-0.74464,
				0.132898
			],
			[
				-0.74364,
				0.134523
			],
			[
				-0.74264,
				0.136136
			],
			[
				-0.74164,
				0.137739
			],
			[
				-0.74064,
				0.139334
			],
			[
				-0.73964,
				0.140921
			],
			[
				-0.73864,
				0.142504
			],
			[
				-0.73764,
				0.144083
			],
			[
				-0.73664,
				0.145656
			],
			[
				-0.73564,
				0.147216
			],
			[
				-0.73464,
				0.148763
			],
			[
				-0.73364,
				0.150299
			],
			[
				-0.73264,
				0.151824
			],
			[
				-0.73164,
				0.153338
			],
			[
				-0.73064,
				0.154842
			],
			[
				-0.72964,
				0.156336
			],
			[
				-0.72864,
				0.157822
			],
			[
				-0.72764,
				0.159299
			],
			[
				-0.72664,
				0.160768
			],
			[
				-0.72564,
				0.162231
			],
			[
				-0.72464,
				0.163686
			],
			[
				-0.72364,
				0.165136
			],
			[
				-0.72264,
				0.16658
			],
			[
				-0.72164,
				0.168019
			],
			[
				-0.72064,
				0.169453
			],
			[
				-0.71964,
				0.170884
			],
			[
				-0.71864,
				0.17231
			],
			[
				-0.71764,
				0.173732
			],
			[
				-0.7166399999999999,
				0.175149
			],
			[
				-0.7156399999999999,
				0.176563
			],
			[
				-0.7146399999999999,
				0.177972
			],
			[
				-0.7136399999999999,
				0.179377
			],
			[
				-0.7126399999999999,
				0.180779
			],
			[
				-0.7116399999999999,
				0.182176
			],
			[
				-0.7106399999999999,
				0.18357
			],
			[
				-0.7096399999999999,
				0.18496
			],
			[
				-0.7086399999999999,
				0.186347
			],
			[
				-0.7076399999999999,
				0.18773
			],
			[
				-0.7066399999999999,
				0.18911
			],
			[
				-0.7056399999999999,
				0.190487
			],
			[
				-0.7046399999999999,
				0.191861
			],
			[
				-0.7036399999999999,
				0.193231
			],
			[
				-0.7026399999999999,
				0.194599
			],
			[
				-0.70164,
				0.195964
			],
			[
				-0.70064,
				0.197326
			],
			[
				-0.69964,
				0.198685
			],
			[
				-0.69864,
				0.200042
			],
			[
				-0.69764,
				0.201396
			],
			[
				-0.69664,
				0.202748
			],
			[
				-0.69564,
				0.204097
			],
			[
				-0.69464,
				0.205445
			],
			[
				-0.69364,
				0.20679
			],
			[
				-0.69264,
				0.208133
			],
			[
				-0.69164,
				0.209474
			],
			[
				-0.69064,
				0.210814
			],
			[
				-0.68964,
				0.212152
			],
			[
				-0.68864,
				0.213488
			],
			[
				-0.68764,
				0.214822
			],
			[
				-0.68664,
				0.216155
			],
			[
				-0.68564,
				0.217487
			],
			[
				-0.68464,
				0.218818
			],
			[
				-0.68364,
				0.220147
			],
			[
				-0.68264,
				0.221475
			],
			[
				-0.68164,
				0.222802
			],
			[
				-0.68064,
				0.224129
			],
			[
				-0.67964,
				0.225454
			],
			[
				-0.67864,
				0.226779
			],
			[
				-0.67764,
				0.228103
			],
			[
				-0.67664,
				0.229427
			],
			[
				-0.67564,
				0.23075
			],
			[
				-0.67464,
				0.232073
			],
			[
				-0.67364,
				0.233396
			],
			[
				-0.67264,
				0.234719
			],
			[
				-0.67164,
				0.236041
			],
			[
				-0.67064,
				0.237364
			],
			[
				-0.66964,
				0.238687
			],
			[
				-0.66864,
				0.24001
			],
			[
				-0.66764,
				0.241333
			],
			[
				-0.66664,
				0.242657
			],
			[
				-0.66564,
				0.243981
			],
			[
				-0.66464,
				0.245306
			],
			[
				-0.66364,
				0.246632
			],
			[
				-0.66264,
				0.247958
			],
			[
				-0.66164,
				0.249286
			],
			[
				-0.66064,
				0.250614
			],
			[
				-0.65964,
				0.251944
			],
			[
				-0.65864,
				0.253274
			],
			[
				-0.65764,
				0.254606
			],
			[
				-0.65664,
				0.255939
			],
			[
				-0.65564,
				0.257274
			],
			[
				-0.65464,
				0.25861
			],
			[
				-0.65364,
				0.259948
			],
			[
				-0.65264,
				0.261288
			],
			[
				-0.65164,
				0.262629
			],
			[
				-0.65064,
				0.263973
			],
			[
				-0.65,
				0.264833
			],
			[
				-0.64,
				0.278327
			],
			[
				-0.63,
				0.291823
			],
			[
				-0.62,
				0.30532
			],
			[
				-0.61,
				0.318817
			],
			[
				-0.6,
				0.332314
			],
			[
				-0.59,
				0.345811
			],
			[
				-0.58,
				0.359308
			],
			[
				-0.57,
				0.372805
			],
			[
				-0.56,
				0.386301
			],
			[
				-0.55,
				0.399798
			],
			[
				-0.54,
				0.413295
			],
			[
				-0.53,
				0.426792
			],
			[
				-0.52,
				0.440289
			],
			[
				-0.51,
				0.453786
			],
			[
				-0.5,
				0.467283
			],
			[
				-0.49,
				0.480779
			],
			[
				-0.48,
				0.494276
			],
			[
				-0.47,
				0.507773
			],
			[
				-0.46,
				0.52127
			],
			[
				-0.45,
				0.534767
			],
			[
				-0.44,
				0.548264
			],
			[
				-0.43,
				0.561761
			],
			[
				-0.42,
				0.575257
			],
			[
				-0.41,
				0.588754
			],
			[
				-0.4,
				0.602251
			],
			[
				-0.39,
				0.615748
			],
			[
				-0.38,
				0.629245
			],
			[
				-0.37,
				0.642742
			],
			[
				-0.36,
				0.656239
			],
			[
				-0.35,
				0.669735
			],
			[
				-0.34,
				0.683232
			],
			[
				-0.33,
				0.696729
			],
			[
				-0.32,
				0.710226
			],
			[
				-0.31,
				0.723723
			],
			[
				-0.3,
				0.73722
			],
			[
				-0.29,
				0.750717
			],
			[
				-0.28,
				0.764213
			],
			[
				-0.27,
				0.77771
			],
			[
				-0.26,
				0.791207
			],
			[
				-0.25,
				0.804704
			],
			[
				-0.24,
				0.818201
			],
			[
				-0.23,
				0.831698
			],
			[
				-0.22,
				0.845195
			],
			[
				-0.21,
				0.858691
			],
			[
				-0.2,
				0.872188
			],
			[
				-0.19,
				0.885685
			],
			[
				-0.18,
				0.899182
			],
			[
				-0.17,
				0.912679
			],
			[
				-0.16,
				0.926176
			],
			[
				-0.15,
				0.939673
			],
			[
				-0.14,
				0.953169
			],
			[
				-0.13,
				0.966666
			],
			[
				-0.12,
				0.980163
			],
			[
				-0.11,
				0.99366
			],
			[
				-0.1,
				1.00716
			],
			[
				-0.09,
				1.02065
			],
			[
				-0.08,
				1.03415
			],
			[
				-0.07,
				1.04765
			],
			[
				-0.06,
				1.06114
			],
			[
				-0.05,
				1.07464
			],
			[
				-0.04,
				1.08814
			],
			[
				-0.03,
				1.10163
			],
			[
				-0.02,
				1.11513
			],
			[
				-0.01,
				1.12863
			],
			[
				0.0,
				1.14213
			]
		]
	}
}
