{
	"ID": 222,
	"name": "VACODYM_776AP_80C",
	"conductivity": 0.0,
	"relPermeability": 0.0,
	"remanence": "no information",
	"linear": false,
	"BHCurve": {
		"default": [
			[
				-0.896288,
				0.0
			],
			[
				-0.89,
				0.00838177
			],
			[
				-0.88,
				0.0217126
			],
			[
				-0.87,
				0.0350434
			],
			[
				-0.86,
				0.0483742
			],
			[
				-0.85,
				0.061705
			],
			[
				-0.84,
				0.0750359
			],
			[
				-0.83,
				0.0883667
			],
			[
				-0.82,
				0.101697
			],
			[
				-0.81,
				0.115028
			],
			[
				-0.8,
				0.128359
			],
			[
				-0.79,
				0.14169
			],
			[
				-0.78,
				0.155021
			],
			[
				-0.77,
				0.168352
			],
			[
				-0.76,
				0.181682
			],
			[
				-0.75,
				0.195013
			],
			[
				-0.74,
				0.208344
			],
			[
				-0.73,
				0.221675
			],
			[
				-0.72,
				0.235006
			],
			[
				-0.71,
				0.248336
			],
			[
				-0.7,
				0.261667
			],
			[
				-0.69,
				0.274998
			],
			[
				-0.68,
				0.288329
			],
			[
				-0.67,
				0.30166
			],
			[
				-0.66,
				0.314991
			],
			[
				-0.65,
				0.328321
			],
			[
				-0.64,
				0.341652
			],
			[
				-0.63,
				0.354983
			],
			[
				-0.62,
				0.368314
			],
			[
				-0.61,
				0.381645
			],
			[
				-0.6,
				0.394975
			],
			[
				-0.59,
				0.408306
			],
			[
				-0.58,
				0.421637
			],
			[
				-0.57,
				0.434968
			],
			[
				-0.56,
				0.448299
			],
			[
				-0.55,
				0.46163
			],
			[
				-0.54,
				0.47496
			],
			[
				-0.53,
				0.488291
			],
			[
				-0.52,
				0.501622
			],
			[
				-0.51,
				0.514953
			],
			[
				-0.5,
				0.528284
			],
			[
				-0.49,
				0.541614
			],
			[
				-0.48,
				0.554945
			],
			[
				-0.47,
				0.568276
			],
			[
				-0.46,
				0.581607
			],
			[
				-0.45,
				0.594938
			],
			[
				-0.44,
				0.608269
			],
			[
				-0.43,
				0.621599
			],
			[
				-0.42,
				0.63493
			],
			[
				-0.41,
				0.648261
			],
			[
				-0.4,
				0.661592
			],
			[
				-0.39,
				0.674923
			],
			[
				-0.38,
				0.688253
			],
			[
				-0.37,
				0.701584
			],
			[
				-0.36,
				0.714915
			],
			[
				-0.35,
				0.728246
			],
			[
				-0.34,
				0.741577
			],
			[
				-0.33,
				0.754908
			],
			[
				-0.32,
				0.768238
			],
			[
				-0.31,
				0.781569
			],
			[
				-0.3,
				0.7949
			],
			[
				-0.29,
				0.808231
			],
			[
				-0.28,
				0.821562
			],
			[
				-0.27,
				0.834892
			],
			[
				-0.26,
				0.848223
			],
			[
				-0.25,
				0.861554
			],
			[
				-0.24,
				0.874885
			],
			[
				-0.23,
				0.888216
			],
			[
				-0.22,
				0.901547
			],
			[
				-0.21,
				0.914877
			],
			[
				-0.2,
				0.928208
			],
			[
				-0.19,
				0.941539
			],
			[
				-0.18,
				0.95487
			],
			[
				-0.17,
				0.968201
			],
			[
				-0.16,
				0.981531
			],
			[
				-0.15,
				0.994862
			],
			[
				-0.14,
				1.00819
			],
			[
				-0.13,
				1.02152
			],
			[
				-0.12,
				1.03485
			],
			[
				-0.11,
				1.04819
			],
			[
				-0.1,
				1.06152
			],
			[
				-0.09,
				1.07485
			],
			[
				-0.08,
				1.08818
			],
			[
				-0.07,
				1.10151
			],
			[
				-0.06,
				1.11484
			],
			[
				-0.05,
				1.12817
			],
			[
				-0.04,
				1.1415
			],
			[
				-0.03,
				1.15483
			],
			[
				-0.02,
				1.16816
			],
			[
				-0.01,
				1.18149
			],
			[
				0.0,
				1.19482
			]
		]
	}
}
