{
	"ID": 124,
	"name": "VACODYM_4020_150C",
	"conductivity": 0.0,
	"relPermeability": 1.0,
	"remanence": 0.0,
	"linear": false,
	"BHCurve": {
		"default": [
			[
				-0.5054150000000001,
				0.0
			],
			[
				-0.504962,
				0.018814
			],
			[
				-0.503962,
				0.0603409
			],
			[
				-0.502962,
				0.101868
			],
			[
				-0.501962,
				0.143395
			],
			[
				-0.500962,
				0.184922
			],
			[
				-0.49996199999999996,
				0.226449
			],
			[
				-0.498962,
				0.272298
			],
			[
				-0.497962,
				0.318085
			],
			[
				-0.496962,
				0.340569
			],
			[
				-0.495962,
				0.351334
			],
			[
				-0.494962,
				0.358797
			],
			[
				-0.493962,
				0.36477
			],
			[
				-0.492962,
				0.369535
			],
			[
				-0.491962,
				0.37394
			],
			[
				-0.490962,
				0.378038
			],
			[
				-0.489962,
				0.381862
			],
			[
				-0.488962,
				0.385494
			],
			[
				-0.487962,
				0.389014
			],
			[
				-0.486962,
				0.392492
			],
			[
				-0.485962,
				0.395907
			],
			[
				-0.484962,
				0.399207
			],
			[
				-0.483962,
				0.40234
			],
			[
				-0.482962,
				0.405257
			],
			[
				-0.481962,
				0.407963
			],
			[
				-0.480962,
				0.410554
			],
			[
				-0.479962,
				0.413044
			],
			[
				-0.478962,
				0.415443
			],
			[
				-0.477962,
				0.417758
			],
			[
				-0.476962,
				0.420001
			],
			[
				-0.475962,
				0.42218
			],
			[
				-0.474962,
				0.424305
			],
			[
				-0.473962,
				0.426385
			],
			[
				-0.472962,
				0.428429
			],
			[
				-0.471962,
				0.430431
			],
			[
				-0.470962,
				0.432381
			],
			[
				-0.469962,
				0.434284
			],
			[
				-0.468962,
				0.436146
			],
			[
				-0.467962,
				0.437968
			],
			[
				-0.466962,
				0.439757
			],
			[
				-0.465962,
				0.441516
			],
			[
				-0.464962,
				0.44325
			],
			[
				-0.463962,
				0.444962
			],
			[
				-0.462962,
				0.446657
			],
			[
				-0.461962,
				0.448339
			],
			[
				-0.460962,
				0.450012
			],
			[
				-0.459962,
				0.451673
			],
			[
				-0.458962,
				0.453312
			],
			[
				-0.457962,
				0.454931
			],
			[
				-0.456962,
				0.45653
			],
			[
				-0.455962,
				0.458111
			],
			[
				-0.454962,
				0.459674
			],
			[
				-0.453962,
				0.461221
			],
			[
				-0.452962,
				0.462752
			],
			[
				-0.451962,
				0.464269
			],
			[
				-0.450962,
				0.465773
			],
			[
				-0.449962,
				0.467264
			],
			[
				-0.44896199999999997,
				0.468745
			],
			[
				-0.44796199999999997,
				0.470215
			],
			[
				-0.44696199999999997,
				0.471675
			],
			[
				-0.44596199999999997,
				0.473127
			],
			[
				-0.44496199999999997,
				0.474569
			],
			[
				-0.44396199999999997,
				0.476003
			],
			[
				-0.44296199999999997,
				0.477428
			],
			[
				-0.44196199999999997,
				0.478846
			],
			[
				-0.44096199999999997,
				0.480256
			],
			[
				-0.43996199999999996,
				0.481658
			],
			[
				-0.43896199999999996,
				0.483054
			],
			[
				-0.43796199999999996,
				0.484443
			],
			[
				-0.43696199999999996,
				0.485825
			],
			[
				-0.435962,
				0.487202
			],
			[
				-0.434962,
				0.488573
			],
			[
				-0.433962,
				0.489939
			],
			[
				-0.432962,
				0.4913
			],
			[
				-0.431962,
				0.492656
			],
			[
				-0.430962,
				0.494007
			],
			[
				-0.429962,
				0.495355
			],
			[
				-0.428962,
				0.496699
			],
			[
				-0.427962,
				0.49804
			],
			[
				-0.426962,
				0.499377
			],
			[
				-0.425962,
				0.500712
			],
			[
				-0.424962,
				0.502045
			],
			[
				-0.423962,
				0.503376
			],
			[
				-0.422962,
				0.504704
			],
			[
				-0.421962,
				0.506032
			],
			[
				-0.420962,
				0.507358
			],
			[
				-0.419962,
				0.508684
			],
			[
				-0.418962,
				0.51001
			],
			[
				-0.417962,
				0.511335
			],
			[
				-0.416962,
				0.512661
			],
			[
				-0.41,
				0.521924
			],
			[
				-0.4,
				0.535465
			],
			[
				-0.39,
				0.549086
			],
			[
				-0.38,
				0.562707
			],
			[
				-0.37,
				0.576329
			],
			[
				-0.36,
				0.58995
			],
			[
				-0.35,
				0.603572
			],
			[
				-0.34,
				0.617193
			],
			[
				-0.33,
				0.630814
			],
			[
				-0.32,
				0.644436
			],
			[
				-0.31,
				0.658057
			],
			[
				-0.3,
				0.671678
			],
			[
				-0.29,
				0.6853
			],
			[
				-0.28,
				0.698921
			],
			[
				-0.27,
				0.712543
			],
			[
				-0.26,
				0.726164
			],
			[
				-0.25,
				0.739785
			],
			[
				-0.24,
				0.753407
			],
			[
				-0.23,
				0.767028
			],
			[
				-0.22,
				0.78065
			],
			[
				-0.21,
				0.794271
			],
			[
				-0.2,
				0.807892
			],
			[
				-0.19,
				0.821514
			],
			[
				-0.18,
				0.835135
			],
			[
				-0.17,
				0.848756
			],
			[
				-0.16,
				0.862378
			],
			[
				-0.15,
				0.875999
			],
			[
				-0.14,
				0.889621
			],
			[
				-0.13,
				0.903242
			],
			[
				-0.12,
				0.916863
			],
			[
				-0.11,
				0.930485
			],
			[
				-0.1,
				0.944106
			],
			[
				-0.09,
				0.957728
			],
			[
				-0.08,
				0.971349
			],
			[
				-0.07,
				0.98497
			],
			[
				-0.06,
				0.998592
			],
			[
				-0.05,
				1.01221
			],
			[
				-0.04,
				1.02583
			],
			[
				-0.03,
				1.03946
			],
			[
				-0.02,
				1.05308
			],
			[
				-0.01,
				1.0667
			],
			[
				0.0,
				1.08032
			]
		]
	}
}
