{
	"ID": 104,
	"name": "VACODYM_3230_180C",
	"conductivity": 0.0,
	"relPermeability": 0.0,
	"remanence": "no information",
	"linear": false,
	"BHCurve": {
		"default": [
			[
				-0.6270030000000001,
				0.0
			],
			[
				-0.626502,
				0.0108216
			],
			[
				-0.625502,
				0.0213424
			],
			[
				-0.624502,
				0.0286995
			],
			[
				-0.623502,
				0.0347323
			],
			[
				-0.622502,
				0.039742
			],
			[
				-0.621502,
				0.0439693
			],
			[
				-0.620502,
				0.0479455
			],
			[
				-0.619502,
				0.0517284
			],
			[
				-0.618502,
				0.0552923
			],
			[
				-0.617502,
				0.0586848
			],
			[
				-0.616502,
				0.0619534
			],
			[
				-0.615502,
				0.0651456
			],
			[
				-0.614502,
				0.0683067
			],
			[
				-0.613502,
				0.0714354
			],
			[
				-0.612502,
				0.0745022
			],
			[
				-0.611502,
				0.077479
			],
			[
				-0.610502,
				0.0803381
			],
			[
				-0.609502,
				0.0830514
			],
			[
				-0.608502,
				0.0856007
			],
			[
				-0.607502,
				0.0880507
			],
			[
				-0.606502,
				0.0904243
			],
			[
				-0.605502,
				0.092727
			],
			[
				-0.604502,
				0.0949646
			],
			[
				-0.603502,
				0.0971428
			],
			[
				-0.602502,
				0.0992671
			],
			[
				-0.601502,
				0.101343
			],
			[
				-0.600502,
				0.103377
			],
			[
				-0.599502,
				0.105375
			],
			[
				-0.598502,
				0.107341
			],
			[
				-0.597502,
				0.109282
			],
			[
				-0.596502,
				0.1112
			],
			[
				-0.595502,
				0.113083
			],
			[
				-0.594502,
				0.11493
			],
			[
				-0.593502,
				0.116744
			],
			[
				-0.592502,
				0.118527
			],
			[
				-0.591502,
				0.120282
			],
			[
				-0.590502,
				0.122011
			],
			[
				-0.589502,
				0.123717
			],
			[
				-0.588502,
				0.125402
			],
			[
				-0.587502,
				0.127069
			],
			[
				-0.586502,
				0.128721
			],
			[
				-0.585502,
				0.130359
			],
			[
				-0.584502,
				0.131986
			],
			[
				-0.583502,
				0.133605
			],
			[
				-0.582502,
				0.135219
			],
			[
				-0.581502,
				0.136826
			],
			[
				-0.580502,
				0.138417
			],
			[
				-0.579502,
				0.139992
			],
			[
				-0.578502,
				0.141552
			],
			[
				-0.577502,
				0.143097
			],
			[
				-0.576502,
				0.14463
			],
			[
				-0.575502,
				0.14615
			],
			[
				-0.574502,
				0.147658
			],
			[
				-0.573502,
				0.149157
			],
			[
				-0.572502,
				0.150646
			],
			[
				-0.571502,
				0.152127
			],
			[
				-0.570502,
				0.1536
			],
			[
				-0.569502,
				0.155068
			],
			[
				-0.568502,
				0.156529
			],
			[
				-0.567502,
				0.157987
			],
			[
				-0.566502,
				0.15944
			],
			[
				-0.565502,
				0.160888
			],
			[
				-0.564502,
				0.162331
			],
			[
				-0.563502,
				0.163768
			],
			[
				-0.562502,
				0.1652
			],
			[
				-0.561502,
				0.166628
			],
			[
				-0.560502,
				0.16805
			],
			[
				-0.5595019999999999,
				0.169468
			],
			[
				-0.5585019999999999,
				0.170881
			],
			[
				-0.5575019999999999,
				0.17229
			],
			[
				-0.5565019999999999,
				0.173695
			],
			[
				-0.5555019999999999,
				0.175096
			],
			[
				-0.5545019999999999,
				0.176492
			],
			[
				-0.5535019999999999,
				0.177885
			],
			[
				-0.5525019999999999,
				0.179275
			],
			[
				-0.5515019999999999,
				0.180661
			],
			[
				-0.5505019999999999,
				0.182043
			],
			[
				-0.5495019999999999,
				0.183423
			],
			[
				-0.5485019999999999,
				0.1848
			],
			[
				-0.5475019999999999,
				0.186173
			],
			[
				-0.5465019999999999,
				0.187544
			],
			[
				-0.5455019999999999,
				0.188913
			],
			[
				-0.5445019999999999,
				0.190279
			],
			[
				-0.5435019999999999,
				0.191642
			],
			[
				-0.5425019999999999,
				0.193004
			],
			[
				-0.5415019999999999,
				0.194364
			],
			[
				-0.5405019999999999,
				0.195722
			],
			[
				-0.5395019999999999,
				0.197078
			],
			[
				-0.5385019999999999,
				0.198433
			],
			[
				-0.5375019999999999,
				0.199786
			],
			[
				-0.5365019999999999,
				0.201138
			],
			[
				-0.5355019999999999,
				0.202489
			],
			[
				-0.5345019999999999,
				0.203839
			],
			[
				-0.5335019999999999,
				0.205189
			],
			[
				-0.5325019999999999,
				0.206538
			],
			[
				-0.5315019999999999,
				0.207886
			],
			[
				-0.5305019999999999,
				0.209234
			],
			[
				-0.5295019999999999,
				0.210582
			],
			[
				-0.5285019999999999,
				0.21193
			],
			[
				-0.5275019999999999,
				0.213278
			],
			[
				-0.5265019999999999,
				0.214626
			],
			[
				-0.5255019999999999,
				0.215975
			],
			[
				-0.5245019999999999,
				0.217324
			],
			[
				-0.5235019999999999,
				0.218674
			],
			[
				-0.5225019999999999,
				0.220025
			],
			[
				-0.5215019999999999,
				0.221377
			],
			[
				-0.5205019999999999,
				0.22273
			],
			[
				-0.52,
				0.223411
			],
			[
				-0.51,
				0.23705
			],
			[
				-0.5,
				0.250796
			],
			[
				-0.49,
				0.264542
			],
			[
				-0.48,
				0.278288
			],
			[
				-0.47,
				0.292034
			],
			[
				-0.46,
				0.30578
			],
			[
				-0.45,
				0.319526
			],
			[
				-0.44,
				0.333272
			],
			[
				-0.43,
				0.347018
			],
			[
				-0.42,
				0.360764
			],
			[
				-0.41,
				0.37451
			],
			[
				-0.4,
				0.388255
			],
			[
				-0.39,
				0.402001
			],
			[
				-0.38,
				0.415747
			],
			[
				-0.37,
				0.429493
			],
			[
				-0.36,
				0.443239
			],
			[
				-0.35,
				0.456985
			],
			[
				-0.34,
				0.470731
			],
			[
				-0.33,
				0.484477
			],
			[
				-0.32,
				0.498223
			],
			[
				-0.31,
				0.511969
			],
			[
				-0.3,
				0.525715
			],
			[
				-0.29,
				0.539461
			],
			[
				-0.28,
				0.553206
			],
			[
				-0.27,
				0.566952
			],
			[
				-0.26,
				0.580698
			],
			[
				-0.25,
				0.594444
			],
			[
				-0.24,
				0.60819
			],
			[
				-0.23,
				0.621936
			],
			[
				-0.22,
				0.635682
			],
			[
				-0.21,
				0.649428
			],
			[
				-0.2,
				0.663174
			],
			[
				-0.19,
				0.67692
			],
			[
				-0.18,
				0.690666
			],
			[
				-0.17,
				0.704411
			],
			[
				-0.16,
				0.718157
			],
			[
				-0.15,
				0.731903
			],
			[
				-0.14,
				0.745649
			],
			[
				-0.13,
				0.759395
			],
			[
				-0.12,
				0.773141
			],
			[
				-0.11,
				0.786887
			],
			[
				-0.1,
				0.800633
			],
			[
				-0.09,
				0.814379
			],
			[
				-0.08,
				0.828125
			],
			[
				-0.07,
				0.841871
			],
			[
				-0.06,
				0.855616
			],
			[
				-0.05,
				0.869362
			],
			[
				-0.04,
				0.883108
			],
			[
				-0.03,
				0.896854
			],
			[
				-0.02,
				0.9106
			],
			[
				-0.01,
				0.924346
			],
			[
				0.0,
				0.938092
			]
		]
	}
}
