{
	"ID": 351,
	"name": "VACODYM_890AP_240C",
	"conductivity": 0.0,
	"relPermeability": 0.0,
	"remanence": "no information",
	"linear": false,
	"BHCurve": {
		"default": [
			[
				-0.370406,
				0.0
			],
			[
				-0.36991399999999997,
				0.015176
			],
			[
				-0.36891399999999996,
				0.0460409
			],
			[
				-0.36791399999999996,
				0.0769058
			],
			[
				-0.36691399999999996,
				0.107771
			],
			[
				-0.36591399999999996,
				0.138635
			],
			[
				-0.36491399999999996,
				0.1695
			],
			[
				-0.36391399999999996,
				0.20251
			],
			[
				-0.362914,
				0.235615
			],
			[
				-0.361914,
				0.256765
			],
			[
				-0.360914,
				0.269618
			],
			[
				-0.359914,
				0.277841
			],
			[
				-0.358914,
				0.283743
			],
			[
				-0.357914,
				0.289017
			],
			[
				-0.356914,
				0.293746
			],
			[
				-0.355914,
				0.298142
			],
			[
				-0.354914,
				0.30241
			],
			[
				-0.353914,
				0.306551
			],
			[
				-0.352914,
				0.310418
			],
			[
				-0.351914,
				0.313868
			],
			[
				-0.350914,
				0.316989
			],
			[
				-0.349914,
				0.319918
			],
			[
				-0.348914,
				0.322679
			],
			[
				-0.347914,
				0.325293
			],
			[
				-0.346914,
				0.327784
			],
			[
				-0.345914,
				0.330176
			],
			[
				-0.344914,
				0.332489
			],
			[
				-0.343914,
				0.334713
			],
			[
				-0.342914,
				0.336849
			],
			[
				-0.341914,
				0.338906
			],
			[
				-0.340914,
				0.340896
			],
			[
				-0.339914,
				0.342829
			],
			[
				-0.338914,
				0.344716
			],
			[
				-0.337914,
				0.346567
			],
			[
				-0.336914,
				0.348393
			],
			[
				-0.335914,
				0.350197
			],
			[
				-0.334914,
				0.351963
			],
			[
				-0.333914,
				0.353691
			],
			[
				-0.332914,
				0.355383
			],
			[
				-0.331914,
				0.357044
			],
			[
				-0.330914,
				0.358674
			],
			[
				-0.329914,
				0.360276
			],
			[
				-0.328914,
				0.361854
			],
			[
				-0.327914,
				0.363409
			],
			[
				-0.326914,
				0.364944
			],
			[
				-0.325914,
				0.366463
			],
			[
				-0.324914,
				0.367966
			],
			[
				-0.323914,
				0.369453
			],
			[
				-0.322914,
				0.370925
			],
			[
				-0.321914,
				0.372384
			],
			[
				-0.320914,
				0.37383
			],
			[
				-0.319914,
				0.375264
			],
			[
				-0.318914,
				0.376686
			],
			[
				-0.317914,
				0.378098
			],
			[
				-0.316914,
				0.3795
			],
			[
				-0.315914,
				0.380894
			],
			[
				-0.31491399999999997,
				0.382279
			],
			[
				-0.31391399999999997,
				0.383658
			],
			[
				-0.31291399999999997,
				0.385029
			],
			[
				-0.31191399999999997,
				0.386396
			],
			[
				-0.31091399999999997,
				0.387757
			],
			[
				-0.30991399999999997,
				0.389115
			],
			[
				-0.30891399999999997,
				0.39047
			],
			[
				-0.3,
				0.402542
			],
			[
				-0.29,
				0.41645
			],
			[
				-0.28,
				0.430445
			],
			[
				-0.27,
				0.44444
			],
			[
				-0.26,
				0.458435
			],
			[
				-0.25,
				0.47243
			],
			[
				-0.24,
				0.486425
			],
			[
				-0.23,
				0.50042
			],
			[
				-0.22,
				0.514415
			],
			[
				-0.21,
				0.52841
			],
			[
				-0.2,
				0.542405
			],
			[
				-0.19,
				0.5564
			],
			[
				-0.18,
				0.570395
			],
			[
				-0.17,
				0.58439
			],
			[
				-0.16,
				0.598385
			],
			[
				-0.15,
				0.612379
			],
			[
				-0.14,
				0.626374
			],
			[
				-0.13,
				0.640369
			],
			[
				-0.12,
				0.654364
			],
			[
				-0.11,
				0.668359
			],
			[
				-0.1,
				0.682354
			],
			[
				-0.09,
				0.696349
			],
			[
				-0.08,
				0.710344
			],
			[
				-0.07,
				0.724339
			],
			[
				-0.06,
				0.738334
			],
			[
				-0.05,
				0.752329
			],
			[
				-0.04,
				0.766324
			],
			[
				-0.03,
				0.780319
			],
			[
				-0.02,
				0.794314
			],
			[
				-0.01,
				0.808309
			],
			[
				0.0,
				0.822304
			]
		]
	}
}
