{
	"ID": 302,
	"name": "VACODYM_863AP_20C",
	"conductivity": 0.0,
	"relPermeability": 1.0,
	"remanence": 0.0,
	"linear": false,
	"BHCurve": {
		"default": [
			[
				-0.924677,
				0.0
			],
			[
				-0.92,
				0.00611799
			],
			[
				-0.91,
				0.0191997
			],
			[
				-0.9,
				0.0322815
			],
			[
				-0.89,
				0.0453633
			],
			[
				-0.88,
				0.058445
			],
			[
				-0.87,
				0.0715268
			],
			[
				-0.86,
				0.0846086
			],
			[
				-0.85,
				0.0976903
			],
			[
				-0.84,
				0.110772
			],
			[
				-0.83,
				0.123854
			],
			[
				-0.82,
				0.136936
			],
			[
				-0.81,
				0.150017
			],
			[
				-0.8,
				0.163099
			],
			[
				-0.79,
				0.176181
			],
			[
				-0.78,
				0.189263
			],
			[
				-0.77,
				0.202344
			],
			[
				-0.76,
				0.215426
			],
			[
				-0.75,
				0.228508
			],
			[
				-0.74,
				0.24159
			],
			[
				-0.73,
				0.254671
			],
			[
				-0.72,
				0.267753
			],
			[
				-0.71,
				0.280835
			],
			[
				-0.7,
				0.293917
			],
			[
				-0.69,
				0.306998
			],
			[
				-0.68,
				0.32008
			],
			[
				-0.67,
				0.333162
			],
			[
				-0.66,
				0.346244
			],
			[
				-0.65,
				0.359326
			],
			[
				-0.64,
				0.372407
			],
			[
				-0.63,
				0.385489
			],
			[
				-0.62,
				0.398571
			],
			[
				-0.61,
				0.411653
			],
			[
				-0.6,
				0.424734
			],
			[
				-0.59,
				0.437816
			],
			[
				-0.58,
				0.450898
			],
			[
				-0.57,
				0.46398
			],
			[
				-0.56,
				0.477061
			],
			[
				-0.55,
				0.490143
			],
			[
				-0.54,
				0.503225
			],
			[
				-0.53,
				0.516307
			],
			[
				-0.52,
				0.529388
			],
			[
				-0.51,
				0.54247
			],
			[
				-0.5,
				0.555552
			],
			[
				-0.49,
				0.568634
			],
			[
				-0.48,
				0.581715
			],
			[
				-0.47,
				0.594797
			],
			[
				-0.46,
				0.607879
			],
			[
				-0.45,
				0.620961
			],
			[
				-0.44,
				0.634043
			],
			[
				-0.43,
				0.647124
			],
			[
				-0.42,
				0.660206
			],
			[
				-0.41,
				0.673288
			],
			[
				-0.4,
				0.68637
			],
			[
				-0.39,
				0.699451
			],
			[
				-0.38,
				0.712533
			],
			[
				-0.37,
				0.725615
			],
			[
				-0.36,
				0.738697
			],
			[
				-0.35,
				0.751778
			],
			[
				-0.34,
				0.76486
			],
			[
				-0.33,
				0.777942
			],
			[
				-0.32,
				0.791024
			],
			[
				-0.31,
				0.804105
			],
			[
				-0.3,
				0.817187
			],
			[
				-0.29,
				0.830269
			],
			[
				-0.28,
				0.843351
			],
			[
				-0.27,
				0.856432
			],
			[
				-0.26,
				0.869514
			],
			[
				-0.25,
				0.882596
			],
			[
				-0.24,
				0.895678
			],
			[
				-0.23,
				0.908759
			],
			[
				-0.22,
				0.921841
			],
			[
				-0.21,
				0.934923
			],
			[
				-0.2,
				0.948005
			],
			[
				-0.19,
				0.961087
			],
			[
				-0.18,
				0.974168
			],
			[
				-0.17,
				0.98725
			],
			[
				-0.16,
				1.00033
			],
			[
				-0.15,
				1.01341
			],
			[
				-0.14,
				1.0265
			],
			[
				-0.13,
				1.03958
			],
			[
				-0.12,
				1.05266
			],
			[
				-0.11,
				1.06574
			],
			[
				-0.1,
				1.07882
			],
			[
				-0.09,
				1.0919
			],
			[
				-0.08,
				1.10499
			],
			[
				-0.07,
				1.11807
			],
			[
				-0.06,
				1.13115
			],
			[
				-0.05,
				1.14423
			],
			[
				-0.04,
				1.15731
			],
			[
				-0.03,
				1.17039
			],
			[
				-0.02,
				1.18348
			],
			[
				-0.01,
				1.19656
			],
			[
				0.0,
				1.20964
			]
		]
	}
}
