{
	"ID": 101,
	"name": "VACODYM_3230_100C",
	"conductivity": 0.0,
	"relPermeability": 0.0,
	"remanence": "no information",
	"linear": false,
	"BHCurve": {
		"default": [
			[
				-0.789121,
				0.0
			],
			[
				-0.78,
				0.0122341
			],
			[
				-0.77,
				0.025648
			],
			[
				-0.76,
				0.0390618
			],
			[
				-0.75,
				0.0524757
			],
			[
				-0.74,
				0.0658895
			],
			[
				-0.73,
				0.0793033
			],
			[
				-0.72,
				0.0927172
			],
			[
				-0.71,
				0.106131
			],
			[
				-0.7,
				0.119545
			],
			[
				-0.69,
				0.132959
			],
			[
				-0.68,
				0.146373
			],
			[
				-0.67,
				0.159786
			],
			[
				-0.66,
				0.1732
			],
			[
				-0.65,
				0.186614
			],
			[
				-0.64,
				0.200028
			],
			[
				-0.63,
				0.213442
			],
			[
				-0.62,
				0.226856
			],
			[
				-0.61,
				0.240269
			],
			[
				-0.6,
				0.253683
			],
			[
				-0.59,
				0.267097
			],
			[
				-0.58,
				0.280511
			],
			[
				-0.57,
				0.293925
			],
			[
				-0.56,
				0.307339
			],
			[
				-0.55,
				0.320752
			],
			[
				-0.54,
				0.334166
			],
			[
				-0.53,
				0.34758
			],
			[
				-0.52,
				0.360994
			],
			[
				-0.51,
				0.374408
			],
			[
				-0.5,
				0.387822
			],
			[
				-0.49,
				0.401235
			],
			[
				-0.48,
				0.414649
			],
			[
				-0.47,
				0.428063
			],
			[
				-0.46,
				0.441477
			],
			[
				-0.45,
				0.454891
			],
			[
				-0.44,
				0.468305
			],
			[
				-0.43,
				0.481718
			],
			[
				-0.42,
				0.495132
			],
			[
				-0.41,
				0.508546
			],
			[
				-0.4,
				0.52196
			],
			[
				-0.39,
				0.535374
			],
			[
				-0.38,
				0.548788
			],
			[
				-0.37,
				0.562201
			],
			[
				-0.36,
				0.575615
			],
			[
				-0.35,
				0.589029
			],
			[
				-0.34,
				0.602443
			],
			[
				-0.33,
				0.615857
			],
			[
				-0.32,
				0.629271
			],
			[
				-0.31,
				0.642684
			],
			[
				-0.3,
				0.656098
			],
			[
				-0.29,
				0.669512
			],
			[
				-0.28,
				0.682926
			],
			[
				-0.27,
				0.69634
			],
			[
				-0.26,
				0.709754
			],
			[
				-0.25,
				0.723167
			],
			[
				-0.24,
				0.736581
			],
			[
				-0.23,
				0.749995
			],
			[
				-0.22,
				0.763409
			],
			[
				-0.21,
				0.776823
			],
			[
				-0.2,
				0.790237
			],
			[
				-0.19,
				0.80365
			],
			[
				-0.18,
				0.817064
			],
			[
				-0.17,
				0.830478
			],
			[
				-0.16,
				0.843892
			],
			[
				-0.15,
				0.857306
			],
			[
				-0.14,
				0.87072
			],
			[
				-0.13,
				0.884134
			],
			[
				-0.12,
				0.897547
			],
			[
				-0.11,
				0.910961
			],
			[
				-0.1,
				0.924375
			],
			[
				-0.09,
				0.937789
			],
			[
				-0.08,
				0.951203
			],
			[
				-0.07,
				0.964617
			],
			[
				-0.06,
				0.97803
			],
			[
				-0.05,
				0.991444
			],
			[
				-0.04,
				1.00486
			],
			[
				-0.03,
				1.01827
			],
			[
				-0.02,
				1.03169
			],
			[
				-0.01,
				1.0451
			],
			[
				0.0,
				1.05851
			]
		]
	}
}
