{
	"ID": 326,
	"name": "VACODYM_872TP_20C",
	"conductivity": 0.0,
	"relPermeability": 1.0,
	"remanence": 0.0,
	"linear": false,
	"BHCurve": {
		"default": [
			[
				-0.964999,
				0.0
			],
			[
				-0.96,
				0.00647642
			],
			[
				-0.95,
				0.0194324
			],
			[
				-0.94,
				0.0323884
			],
			[
				-0.93,
				0.0453443
			],
			[
				-0.92,
				0.0583003
			],
			[
				-0.91,
				0.0712563
			],
			[
				-0.9,
				0.0842123
			],
			[
				-0.89,
				0.0971682
			],
			[
				-0.88,
				0.110124
			],
			[
				-0.87,
				0.12308
			],
			[
				-0.86,
				0.136036
			],
			[
				-0.85,
				0.148992
			],
			[
				-0.84,
				0.161948
			],
			[
				-0.83,
				0.174904
			],
			[
				-0.82,
				0.18786
			],
			[
				-0.81,
				0.200816
			],
			[
				-0.8,
				0.213772
			],
			[
				-0.79,
				0.226728
			],
			[
				-0.78,
				0.239684
			],
			[
				-0.77,
				0.25264
			],
			[
				-0.76,
				0.265596
			],
			[
				-0.75,
				0.278552
			],
			[
				-0.74,
				0.291508
			],
			[
				-0.73,
				0.304464
			],
			[
				-0.72,
				0.31742
			],
			[
				-0.71,
				0.330376
			],
			[
				-0.7,
				0.343332
			],
			[
				-0.69,
				0.356288
			],
			[
				-0.68,
				0.369244
			],
			[
				-0.67,
				0.3822
			],
			[
				-0.66,
				0.395156
			],
			[
				-0.65,
				0.408112
			],
			[
				-0.64,
				0.421068
			],
			[
				-0.63,
				0.434024
			],
			[
				-0.62,
				0.44698
			],
			[
				-0.61,
				0.459936
			],
			[
				-0.6,
				0.472892
			],
			[
				-0.59,
				0.485847
			],
			[
				-0.58,
				0.498803
			],
			[
				-0.57,
				0.511759
			],
			[
				-0.56,
				0.524715
			],
			[
				-0.55,
				0.537671
			],
			[
				-0.54,
				0.550627
			],
			[
				-0.53,
				0.563583
			],
			[
				-0.52,
				0.576539
			],
			[
				-0.51,
				0.589495
			],
			[
				-0.5,
				0.602451
			],
			[
				-0.49,
				0.615407
			],
			[
				-0.48,
				0.628363
			],
			[
				-0.47,
				0.641319
			],
			[
				-0.46,
				0.654275
			],
			[
				-0.45,
				0.667231
			],
			[
				-0.44,
				0.680187
			],
			[
				-0.43,
				0.693143
			],
			[
				-0.42,
				0.706099
			],
			[
				-0.41,
				0.719055
			],
			[
				-0.4,
				0.732011
			],
			[
				-0.39,
				0.744967
			],
			[
				-0.38,
				0.757923
			],
			[
				-0.37,
				0.770879
			],
			[
				-0.36,
				0.783835
			],
			[
				-0.35,
				0.796791
			],
			[
				-0.34,
				0.809747
			],
			[
				-0.33,
				0.822703
			],
			[
				-0.32,
				0.835659
			],
			[
				-0.31,
				0.848615
			],
			[
				-0.3,
				0.861571
			],
			[
				-0.29,
				0.874527
			],
			[
				-0.28,
				0.887483
			],
			[
				-0.27,
				0.900439
			],
			[
				-0.26,
				0.913395
			],
			[
				-0.25,
				0.926351
			],
			[
				-0.24,
				0.939307
			],
			[
				-0.23,
				0.952263
			],
			[
				-0.22,
				0.965219
			],
			[
				-0.21,
				0.978175
			],
			[
				-0.2,
				0.991131
			],
			[
				-0.19,
				1.00409
			],
			[
				-0.18,
				1.01704
			],
			[
				-0.17,
				1.03
			],
			[
				-0.16,
				1.04295
			],
			[
				-0.15,
				1.05591
			],
			[
				-0.14,
				1.06887
			],
			[
				-0.13,
				1.08182
			],
			[
				-0.12,
				1.09478
			],
			[
				-0.11,
				1.10773
			],
			[
				-0.1,
				1.12069
			],
			[
				-0.09,
				1.13365
			],
			[
				-0.08,
				1.1466
			],
			[
				-0.07,
				1.15956
			],
			[
				-0.06,
				1.17251
			],
			[
				-0.05,
				1.18547
			],
			[
				-0.04,
				1.19843
			],
			[
				-0.03,
				1.21138
			],
			[
				-0.02,
				1.22434
			],
			[
				-0.01,
				1.23729
			],
			[
				0.0,
				1.25025
			]
		]
	}
}
