{
	"ID": 245,
	"name": "VACODYM_787AP_120C",
	"conductivity": 0.0,
	"relPermeability": 0.0,
	"remanence": "no information",
	"linear": false,
	"BHCurve": {
		"default": [
			[
				-0.816874,
				0.0
			],
			[
				-0.816782,
				0.000125072
			],
			[
				-0.815782,
				0.00148396
			],
			[
				-0.814782,
				0.00284071
			],
			[
				-0.813782,
				0.00419536
			],
			[
				-0.812782,
				0.00554801
			],
			[
				-0.811782,
				0.0068987
			],
			[
				-0.810782,
				0.00824752
			],
			[
				-0.809782,
				0.00959451
			],
			[
				-0.808782,
				0.0109398
			],
			[
				-0.807782,
				0.0122833
			],
			[
				-0.806782,
				0.0136253
			],
			[
				-0.805782,
				0.0149657
			],
			[
				-0.804782,
				0.0163046
			],
			[
				-0.803782,
				0.0176422
			],
			[
				-0.802782,
				0.0189783
			],
			[
				-0.801782,
				0.0203132
			],
			[
				-0.800782,
				0.0216469
			],
			[
				-0.799782,
				0.0229795
			],
			[
				-0.798782,
				0.024311
			],
			[
				-0.797782,
				0.0256414
			],
			[
				-0.796782,
				0.0269709
			],
			[
				-0.795782,
				0.0282996
			],
			[
				-0.794782,
				0.0296274
			],
			[
				-0.793782,
				0.0309545
			],
			[
				-0.792782,
				0.032281
			],
			[
				-0.791782,
				0.0336068
			],
			[
				-0.790782,
				0.0349321
			],
			[
				-0.789782,
				0.0362569
			],
			[
				-0.7887820000000001,
				0.0375813
			],
			[
				-0.7877820000000001,
				0.0389054
			],
			[
				-0.7867820000000001,
				0.0402292
			],
			[
				-0.7857820000000001,
				0.0415528
			],
			[
				-0.7847820000000001,
				0.0428762
			],
			[
				-0.7837820000000001,
				0.0441996
			],
			[
				-0.7827820000000001,
				0.045523
			],
			[
				-0.7817820000000001,
				0.0468465
			],
			[
				-0.7807820000000001,
				0.04817
			],
			[
				-0.7797820000000001,
				0.0494938
			],
			[
				-0.7787820000000001,
				0.0508179
			],
			[
				-0.7777820000000001,
				0.0521423
			],
			[
				-0.7767820000000001,
				0.0534671
			],
			[
				-0.7757820000000001,
				0.0547923
			],
			[
				-0.7747820000000001,
				0.0561181
			],
			[
				-0.7737820000000001,
				0.0574445
			],
			[
				-0.7727820000000001,
				0.0587716
			],
			[
				-0.7717820000000001,
				0.0600994
			],
			[
				-0.7707820000000001,
				0.061428
			],
			[
				-0.7697820000000001,
				0.0627575
			],
			[
				-0.7687820000000001,
				0.0640879
			],
			[
				-0.7677820000000001,
				0.0654194
			],
			[
				-0.7667820000000001,
				0.0667519
			],
			[
				-0.7657820000000001,
				0.0680855
			],
			[
				-0.7647820000000001,
				0.0694203
			],
			[
				-0.7637820000000001,
				0.0707565
			],
			[
				-0.7627820000000001,
				0.0720939
			],
			[
				-0.7617820000000001,
				0.0734328
			],
			[
				-0.7607820000000001,
				0.0747732
			],
			[
				-0.7597820000000001,
				0.076115
			],
			[
				-0.7587820000000001,
				0.0774585
			],
			[
				-0.7577820000000001,
				0.0788037
			],
			[
				-0.7567820000000001,
				0.0801506
			],
			[
				-0.7557820000000001,
				0.0814994
			],
			[
				-0.7547820000000001,
				0.0828491
			],
			[
				-0.7537820000000001,
				0.0841987
			],
			[
				-0.7527820000000001,
				0.0855484
			],
			[
				-0.7517820000000001,
				0.0868981
			],
			[
				-0.7507820000000001,
				0.0882478
			],
			[
				-0.7497820000000001,
				0.0895975
			],
			[
				-0.74,
				0.1028
			],
			[
				-0.73,
				0.116297
			],
			[
				-0.72,
				0.129794
			],
			[
				-0.71,
				0.14329
			],
			[
				-0.7,
				0.156787
			],
			[
				-0.69,
				0.170284
			],
			[
				-0.68,
				0.183781
			],
			[
				-0.67,
				0.197278
			],
			[
				-0.66,
				0.210775
			],
			[
				-0.65,
				0.224272
			],
			[
				-0.64,
				0.237768
			],
			[
				-0.63,
				0.251265
			],
			[
				-0.62,
				0.264762
			],
			[
				-0.61,
				0.278259
			],
			[
				-0.6,
				0.291756
			],
			[
				-0.59,
				0.305253
			],
			[
				-0.58,
				0.31875
			],
			[
				-0.57,
				0.332246
			],
			[
				-0.56,
				0.345743
			],
			[
				-0.55,
				0.35924
			],
			[
				-0.54,
				0.372737
			],
			[
				-0.53,
				0.386234
			],
			[
				-0.52,
				0.399731
			],
			[
				-0.51,
				0.413228
			],
			[
				-0.5,
				0.426724
			],
			[
				-0.49,
				0.440221
			],
			[
				-0.48,
				0.453718
			],
			[
				-0.47,
				0.467215
			],
			[
				-0.46,
				0.480712
			],
			[
				-0.45,
				0.494209
			],
			[
				-0.44,
				0.507706
			],
			[
				-0.43,
				0.521202
			],
			[
				-0.42,
				0.534699
			],
			[
				-0.41,
				0.548196
			],
			[
				-0.4,
				0.561693
			],
			[
				-0.39,
				0.57519
			],
			[
				-0.38,
				0.588687
			],
			[
				-0.37,
				0.602184
			],
			[
				-0.36,
				0.61568
			],
			[
				-0.35,
				0.629177
			],
			[
				-0.34,
				0.642674
			],
			[
				-0.33,
				0.656171
			],
			[
				-0.32,
				0.669668
			],
			[
				-0.31,
				0.683165
			],
			[
				-0.3,
				0.696662
			],
			[
				-0.29,
				0.710158
			],
			[
				-0.28,
				0.723655
			],
			[
				-0.27,
				0.737152
			],
			[
				-0.26,
				0.750649
			],
			[
				-0.25,
				0.764146
			],
			[
				-0.24,
				0.777643
			],
			[
				-0.23,
				0.79114
			],
			[
				-0.22,
				0.804636
			],
			[
				-0.21,
				0.818133
			],
			[
				-0.2,
				0.83163
			],
			[
				-0.19,
				0.845127
			],
			[
				-0.18,
				0.858624
			],
			[
				-0.17,
				0.872121
			],
			[
				-0.16,
				0.885618
			],
			[
				-0.15,
				0.899114
			],
			[
				-0.14,
				0.912611
			],
			[
				-0.13,
				0.926108
			],
			[
				-0.12,
				0.939605
			],
			[
				-0.11,
				0.953102
			],
			[
				-0.1,
				0.966599
			],
			[
				-0.09,
				0.980096
			],
			[
				-0.08,
				0.993592
			],
			[
				-0.07,
				1.00709
			],
			[
				-0.06,
				1.02059
			],
			[
				-0.05,
				1.03408
			],
			[
				-0.04,
				1.04758
			],
			[
				-0.03,
				1.06108
			],
			[
				-0.02,
				1.07457
			],
			[
				-0.01,
				1.08807
			],
			[
				0.0,
				1.10157
			]
		]
	}
}
