{
	"ID": 250,
	"name": "VACODYM_787AP_80C",
	"conductivity": 0.0,
	"relPermeability": 0.0,
	"remanence": "no information",
	"linear": false,
	"BHCurve": {
		"default": [
			[
				-0.870742,
				0.0
			],
			[
				-0.87,
				0.000989212
			],
			[
				-0.86,
				0.01432
			],
			[
				-0.85,
				0.0276508
			],
			[
				-0.84,
				0.0409817
			],
			[
				-0.83,
				0.0543125
			],
			[
				-0.82,
				0.0676433
			],
			[
				-0.81,
				0.0809741
			],
			[
				-0.8,
				0.0943049
			],
			[
				-0.79,
				0.107636
			],
			[
				-0.78,
				0.120967
			],
			[
				-0.77,
				0.134297
			],
			[
				-0.76,
				0.147628
			],
			[
				-0.75,
				0.160959
			],
			[
				-0.74,
				0.17429
			],
			[
				-0.73,
				0.187621
			],
			[
				-0.72,
				0.200951
			],
			[
				-0.71,
				0.214282
			],
			[
				-0.7,
				0.227613
			],
			[
				-0.69,
				0.240944
			],
			[
				-0.68,
				0.254275
			],
			[
				-0.67,
				0.267606
			],
			[
				-0.66,
				0.280936
			],
			[
				-0.65,
				0.294267
			],
			[
				-0.64,
				0.307598
			],
			[
				-0.63,
				0.320929
			],
			[
				-0.62,
				0.33426
			],
			[
				-0.61,
				0.34759
			],
			[
				-0.6,
				0.360921
			],
			[
				-0.59,
				0.374252
			],
			[
				-0.58,
				0.387583
			],
			[
				-0.57,
				0.400914
			],
			[
				-0.56,
				0.414245
			],
			[
				-0.55,
				0.427575
			],
			[
				-0.54,
				0.440906
			],
			[
				-0.53,
				0.454237
			],
			[
				-0.52,
				0.467568
			],
			[
				-0.51,
				0.480899
			],
			[
				-0.5,
				0.494229
			],
			[
				-0.49,
				0.50756
			],
			[
				-0.48,
				0.520891
			],
			[
				-0.47,
				0.534222
			],
			[
				-0.46,
				0.547553
			],
			[
				-0.45,
				0.560884
			],
			[
				-0.44,
				0.574214
			],
			[
				-0.43,
				0.587545
			],
			[
				-0.42,
				0.600876
			],
			[
				-0.41,
				0.614207
			],
			[
				-0.4,
				0.627538
			],
			[
				-0.39,
				0.640868
			],
			[
				-0.38,
				0.654199
			],
			[
				-0.37,
				0.66753
			],
			[
				-0.36,
				0.680861
			],
			[
				-0.35,
				0.694192
			],
			[
				-0.34,
				0.707523
			],
			[
				-0.33,
				0.720853
			],
			[
				-0.32,
				0.734184
			],
			[
				-0.31,
				0.747515
			],
			[
				-0.3,
				0.760846
			],
			[
				-0.29,
				0.774177
			],
			[
				-0.28,
				0.787507
			],
			[
				-0.27,
				0.800838
			],
			[
				-0.26,
				0.814169
			],
			[
				-0.25,
				0.8275
			],
			[
				-0.24,
				0.840831
			],
			[
				-0.23,
				0.854162
			],
			[
				-0.22,
				0.867492
			],
			[
				-0.21,
				0.880823
			],
			[
				-0.2,
				0.894154
			],
			[
				-0.19,
				0.907485
			],
			[
				-0.18,
				0.920816
			],
			[
				-0.17,
				0.934146
			],
			[
				-0.16,
				0.947477
			],
			[
				-0.15,
				0.960808
			],
			[
				-0.14,
				0.974139
			],
			[
				-0.13,
				0.98747
			],
			[
				-0.12,
				1.0008
			],
			[
				-0.11,
				1.01413
			],
			[
				-0.1,
				1.02746
			],
			[
				-0.09,
				1.04079
			],
			[
				-0.08,
				1.05412
			],
			[
				-0.07,
				1.06745
			],
			[
				-0.06,
				1.08079
			],
			[
				-0.05,
				1.09412
			],
			[
				-0.04,
				1.10745
			],
			[
				-0.03,
				1.12078
			],
			[
				-0.02,
				1.13411
			],
			[
				-0.01,
				1.14744
			],
			[
				0.0,
				1.16077
			]
		]
	}
}
