{
	"ID": 282,
	"name": "VACODYM_854TP_60C",
	"conductivity": 0.0,
	"relPermeability": 1.0,
	"remanence": 0.0,
	"linear": false,
	"BHCurve": {
		"default": [
			[
				-0.9665860000000001,
				0.0
			],
			[
				-0.96,
				0.00864279
			],
			[
				-0.95,
				0.0217648
			],
			[
				-0.94,
				0.0348868
			],
			[
				-0.93,
				0.0480088
			],
			[
				-0.92,
				0.0611308
			],
			[
				-0.91,
				0.0742529
			],
			[
				-0.9,
				0.0873749
			],
			[
				-0.89,
				0.100497
			],
			[
				-0.88,
				0.113619
			],
			[
				-0.87,
				0.126741
			],
			[
				-0.86,
				0.139863
			],
			[
				-0.85,
				0.152985
			],
			[
				-0.84,
				0.166107
			],
			[
				-0.83,
				0.179229
			],
			[
				-0.82,
				0.192351
			],
			[
				-0.81,
				0.205473
			],
			[
				-0.8,
				0.218595
			],
			[
				-0.79,
				0.231717
			],
			[
				-0.78,
				0.244839
			],
			[
				-0.77,
				0.257961
			],
			[
				-0.76,
				0.271083
			],
			[
				-0.75,
				0.284205
			],
			[
				-0.74,
				0.297327
			],
			[
				-0.73,
				0.310449
			],
			[
				-0.72,
				0.323571
			],
			[
				-0.71,
				0.336693
			],
			[
				-0.7,
				0.349815
			],
			[
				-0.69,
				0.362937
			],
			[
				-0.68,
				0.376059
			],
			[
				-0.67,
				0.389181
			],
			[
				-0.66,
				0.402303
			],
			[
				-0.65,
				0.415425
			],
			[
				-0.64,
				0.428547
			],
			[
				-0.63,
				0.441669
			],
			[
				-0.62,
				0.454791
			],
			[
				-0.61,
				0.467913
			],
			[
				-0.6,
				0.481035
			],
			[
				-0.59,
				0.494157
			],
			[
				-0.58,
				0.507279
			],
			[
				-0.57,
				0.520401
			],
			[
				-0.56,
				0.533523
			],
			[
				-0.55,
				0.546645
			],
			[
				-0.54,
				0.559767
			],
			[
				-0.53,
				0.572889
			],
			[
				-0.52,
				0.586011
			],
			[
				-0.51,
				0.599133
			],
			[
				-0.5,
				0.612255
			],
			[
				-0.49,
				0.625377
			],
			[
				-0.48,
				0.638499
			],
			[
				-0.47,
				0.651621
			],
			[
				-0.46,
				0.664743
			],
			[
				-0.45,
				0.677865
			],
			[
				-0.44,
				0.690987
			],
			[
				-0.43,
				0.704109
			],
			[
				-0.42,
				0.717231
			],
			[
				-0.41,
				0.730353
			],
			[
				-0.4,
				0.743475
			],
			[
				-0.39,
				0.756598
			],
			[
				-0.38,
				0.76972
			],
			[
				-0.37,
				0.782842
			],
			[
				-0.36,
				0.795964
			],
			[
				-0.35,
				0.809086
			],
			[
				-0.34,
				0.822208
			],
			[
				-0.33,
				0.83533
			],
			[
				-0.32,
				0.848452
			],
			[
				-0.31,
				0.861574
			],
			[
				-0.3,
				0.874696
			],
			[
				-0.29,
				0.887818
			],
			[
				-0.28,
				0.90094
			],
			[
				-0.27,
				0.914062
			],
			[
				-0.26,
				0.927184
			],
			[
				-0.25,
				0.940306
			],
			[
				-0.24,
				0.953428
			],
			[
				-0.23,
				0.96655
			],
			[
				-0.22,
				0.979672
			],
			[
				-0.21,
				0.992794
			],
			[
				-0.2,
				1.00592
			],
			[
				-0.19,
				1.01904
			],
			[
				-0.18,
				1.03216
			],
			[
				-0.17,
				1.04528
			],
			[
				-0.16,
				1.0584
			],
			[
				-0.15,
				1.07153
			],
			[
				-0.14,
				1.08465
			],
			[
				-0.13,
				1.09777
			],
			[
				-0.12,
				1.11089
			],
			[
				-0.11,
				1.12401
			],
			[
				-0.1,
				1.13714
			],
			[
				-0.09,
				1.15026
			],
			[
				-0.08,
				1.16338
			],
			[
				-0.07,
				1.1765
			],
			[
				-0.06,
				1.18962
			],
			[
				-0.05,
				1.20275
			],
			[
				-0.04,
				1.21587
			],
			[
				-0.03,
				1.22899
			],
			[
				-0.02,
				1.24211
			],
			[
				-0.01,
				1.25523
			],
			[
				0.0,
				1.26836
			]
		]
	}
}
