{
	"ID": 133,
	"name": "VACODYM_633AP_80C",
	"conductivity": 0.0,
	"relPermeability": 1.0,
	"remanence": 0.0,
	"linear": false,
	"BHCurve": {
		"default": [
			[
				-0.876519,
				0.0
			],
			[
				-0.876216,
				0.000836256
			],
			[
				-0.875216,
				0.00350574
			],
			[
				-0.874216,
				0.00607196
			],
			[
				-0.873216,
				0.00851898
			],
			[
				-0.872216,
				0.0108713
			],
			[
				-0.871216,
				0.0131651
			],
			[
				-0.870216,
				0.0154038
			],
			[
				-0.869216,
				0.0175909
			],
			[
				-0.868216,
				0.0197298
			],
			[
				-0.867216,
				0.0218241
			],
			[
				-0.866216,
				0.0238772
			],
			[
				-0.865216,
				0.0258926
			],
			[
				-0.864216,
				0.0278737
			],
			[
				-0.863216,
				0.0298241
			],
			[
				-0.862216,
				0.0317472
			],
			[
				-0.861216,
				0.0336465
			],
			[
				-0.860216,
				0.0355254
			],
			[
				-0.859216,
				0.0373875
			],
			[
				-0.858216,
				0.0392349
			],
			[
				-0.857216,
				0.0410573
			],
			[
				-0.856216,
				0.0428528
			],
			[
				-0.855216,
				0.0446231
			],
			[
				-0.854216,
				0.0463695
			],
			[
				-0.853216,
				0.0480937
			],
			[
				-0.852216,
				0.049797
			],
			[
				-0.851216,
				0.0514811
			],
			[
				-0.850216,
				0.0531474
			],
			[
				-0.849216,
				0.0547974
			],
			[
				-0.848216,
				0.0564327
			],
			[
				-0.847216,
				0.0580547
			],
			[
				-0.846216,
				0.059665
			],
			[
				-0.845216,
				0.0612651
			],
			[
				-0.844216,
				0.0628564
			],
			[
				-0.843216,
				0.0644405
			],
			[
				-0.842216,
				0.0660189
			],
			[
				-0.841216,
				0.0675931
			],
			[
				-0.840216,
				0.0691645
			],
			[
				-0.839216,
				0.0707285
			],
			[
				-0.838216,
				0.0722811
			],
			[
				-0.837216,
				0.0738227
			],
			[
				-0.836216,
				0.0753538
			],
			[
				-0.835216,
				0.0768748
			],
			[
				-0.834216,
				0.078386
			],
			[
				-0.833216,
				0.0798878
			],
			[
				-0.832216,
				0.0813807
			],
			[
				-0.831216,
				0.082865
			],
			[
				-0.830216,
				0.084341
			],
			[
				-0.829216,
				0.0858093
			],
			[
				-0.8282160000000001,
				0.0872701
			],
			[
				-0.8272160000000001,
				0.088724
			],
			[
				-0.8262160000000001,
				0.0901712
			],
			[
				-0.8252160000000001,
				0.0916121
			],
			[
				-0.8242160000000001,
				0.0930472
			],
			[
				-0.8232160000000001,
				0.0944768
			],
			[
				-0.8222160000000001,
				0.0959014
			],
			[
				-0.8212160000000001,
				0.0973214
			],
			[
				-0.8202160000000001,
				0.0987371
			],
			[
				-0.819216,
				0.100149
			],
			[
				-0.818216,
				0.101556
			],
			[
				-0.817216,
				0.10296
			],
			[
				-0.816216,
				0.104359
			],
			[
				-0.815216,
				0.105755
			],
			[
				-0.814216,
				0.107147
			],
			[
				-0.813216,
				0.108535
			],
			[
				-0.812216,
				0.10992
			],
			[
				-0.811216,
				0.111301
			],
			[
				-0.810216,
				0.112679
			],
			[
				-0.809216,
				0.114054
			],
			[
				-0.808216,
				0.115425
			],
			[
				-0.807216,
				0.116793
			],
			[
				-0.806216,
				0.118157
			],
			[
				-0.805216,
				0.119519
			],
			[
				-0.804216,
				0.120878
			],
			[
				-0.803216,
				0.122234
			],
			[
				-0.802216,
				0.123587
			],
			[
				-0.801216,
				0.124937
			],
			[
				-0.800216,
				0.126285
			],
			[
				-0.799216,
				0.12763
			],
			[
				-0.798216,
				0.128972
			],
			[
				-0.797216,
				0.130312
			],
			[
				-0.796216,
				0.13165
			],
			[
				-0.795216,
				0.132985
			],
			[
				-0.794216,
				0.134319
			],
			[
				-0.793216,
				0.13565
			],
			[
				-0.792216,
				0.136979
			],
			[
				-0.791216,
				0.138306
			],
			[
				-0.790216,
				0.139632
			],
			[
				-0.789216,
				0.140955
			],
			[
				-0.788216,
				0.142277
			],
			[
				-0.787216,
				0.143597
			],
			[
				-0.786216,
				0.144916
			],
			[
				-0.785216,
				0.146233
			],
			[
				-0.784216,
				0.147548
			],
			[
				-0.783216,
				0.148863
			],
			[
				-0.782216,
				0.150176
			],
			[
				-0.781216,
				0.151488
			],
			[
				-0.780216,
				0.152799
			],
			[
				-0.779216,
				0.154108
			],
			[
				-0.778216,
				0.155417
			],
			[
				-0.777216,
				0.156725
			],
			[
				-0.776216,
				0.158032
			],
			[
				-0.775216,
				0.159339
			],
			[
				-0.774216,
				0.160645
			],
			[
				-0.773216,
				0.16195
			],
			[
				-0.772216,
				0.163255
			],
			[
				-0.771216,
				0.16456
			],
			[
				-0.770216,
				0.165864
			],
			[
				-0.769216,
				0.167168
			],
			[
				-0.768216,
				0.168471
			],
			[
				-0.767216,
				0.169775
			],
			[
				-0.766216,
				0.171079
			],
			[
				-0.765216,
				0.172383
			],
			[
				-0.764216,
				0.173687
			],
			[
				-0.763216,
				0.174991
			],
			[
				-0.762216,
				0.176295
			],
			[
				-0.761216,
				0.1776
			],
			[
				-0.760216,
				0.178905
			],
			[
				-0.759216,
				0.180211
			],
			[
				-0.758216,
				0.181518
			],
			[
				-0.757216,
				0.182825
			],
			[
				-0.756216,
				0.184133
			],
			[
				-0.755216,
				0.185442
			],
			[
				-0.754216,
				0.186752
			],
			[
				-0.753216,
				0.188063
			],
			[
				-0.752216,
				0.189375
			],
			[
				-0.751216,
				0.190688
			],
			[
				-0.750216,
				0.192002
			],
			[
				-0.749216,
				0.193318
			],
			[
				-0.748216,
				0.194635
			],
			[
				-0.747216,
				0.195953
			],
			[
				-0.746216,
				0.197274
			],
			[
				-0.745216,
				0.198595
			],
			[
				-0.744216,
				0.199919
			],
			[
				-0.743216,
				0.201244
			],
			[
				-0.742216,
				0.202571
			],
			[
				-0.741216,
				0.203901
			],
			[
				-0.740216,
				0.205232
			],
			[
				-0.739216,
				0.206565
			],
			[
				-0.738216,
				0.207898
			],
			[
				-0.737216,
				0.209231
			],
			[
				-0.736216,
				0.210564
			],
			[
				-0.735216,
				0.211897
			],
			[
				-0.73,
				0.21885
			],
			[
				-0.72,
				0.232181
			],
			[
				-0.71,
				0.245512
			],
			[
				-0.7,
				0.258843
			],
			[
				-0.69,
				0.272174
			],
			[
				-0.68,
				0.285504
			],
			[
				-0.67,
				0.298835
			],
			[
				-0.66,
				0.312166
			],
			[
				-0.65,
				0.325497
			],
			[
				-0.64,
				0.338828
			],
			[
				-0.63,
				0.352158
			],
			[
				-0.62,
				0.365489
			],
			[
				-0.61,
				0.37882
			],
			[
				-0.6,
				0.392151
			],
			[
				-0.59,
				0.405482
			],
			[
				-0.58,
				0.418813
			],
			[
				-0.57,
				0.432143
			],
			[
				-0.56,
				0.445474
			],
			[
				-0.55,
				0.458805
			],
			[
				-0.54,
				0.472136
			],
			[
				-0.53,
				0.485467
			],
			[
				-0.52,
				0.498797
			],
			[
				-0.51,
				0.512128
			],
			[
				-0.5,
				0.525459
			],
			[
				-0.49,
				0.53879
			],
			[
				-0.48,
				0.552121
			],
			[
				-0.47,
				0.565452
			],
			[
				-0.46,
				0.578782
			],
			[
				-0.45,
				0.592113
			],
			[
				-0.44,
				0.605444
			],
			[
				-0.43,
				0.618775
			],
			[
				-0.42,
				0.632106
			],
			[
				-0.41,
				0.645436
			],
			[
				-0.4,
				0.658767
			],
			[
				-0.39,
				0.672098
			],
			[
				-0.38,
				0.685429
			],
			[
				-0.37,
				0.69876
			],
			[
				-0.36,
				0.712091
			],
			[
				-0.35,
				0.725421
			],
			[
				-0.34,
				0.738752
			],
			[
				-0.33,
				0.752083
			],
			[
				-0.32,
				0.765414
			],
			[
				-0.31,
				0.778745
			],
			[
				-0.3,
				0.792075
			],
			[
				-0.29,
				0.805406
			],
			[
				-0.28,
				0.818737
			],
			[
				-0.27,
				0.832068
			],
			[
				-0.26,
				0.845399
			],
			[
				-0.25,
				0.85873
			],
			[
				-0.24,
				0.87206
			],
			[
				-0.23,
				0.885391
			],
			[
				-0.22,
				0.898722
			],
			[
				-0.21,
				0.912053
			],
			[
				-0.2,
				0.925384
			],
			[
				-0.19,
				0.938714
			],
			[
				-0.18,
				0.952045
			],
			[
				-0.17,
				0.965376
			],
			[
				-0.16,
				0.978707
			],
			[
				-0.15,
				0.992038
			],
			[
				-0.14,
				1.00537
			],
			[
				-0.13,
				1.0187
			],
			[
