{
	"ID": 168,
	"name": "VACODYM_669TP_60C",
	"conductivity": 0.0,
	"relPermeability": 1.0,
	"remanence": 0.0,
	"linear": false,
	"BHCurve": {
		"default": [
			[
				-0.900639,
				0.0
			],
			[
				-0.9,
				0.000838408
			],
			[
				-0.89,
				0.0139604
			],
			[
				-0.88,
				0.0270824
			],
			[
				-0.87,
				0.0402044
			],
			[
				-0.86,
				0.0533265
			],
			[
				-0.85,
				0.0664485
			],
			[
				-0.84,
				0.0795705
			],
			[
				-0.83,
				0.0926925
			],
			[
				-0.82,
				0.105815
			],
			[
				-0.81,
				0.118937
			],
			[
				-0.8,
				0.132059
			],
			[
				-0.79,
				0.145181
			],
			[
				-0.78,
				0.158303
			],
			[
				-0.77,
				0.171425
			],
			[
				-0.76,
				0.184547
			],
			[
				-0.75,
				0.197669
			],
			[
				-0.74,
				0.210791
			],
			[
				-0.73,
				0.223913
			],
			[
				-0.72,
				0.237035
			],
			[
				-0.71,
				0.250157
			],
			[
				-0.7,
				0.263279
			],
			[
				-0.69,
				0.276401
			],
			[
				-0.68,
				0.289523
			],
			[
				-0.67,
				0.302645
			],
			[
				-0.66,
				0.315767
			],
			[
				-0.65,
				0.328889
			],
			[
				-0.64,
				0.342011
			],
			[
				-0.63,
				0.355133
			],
			[
				-0.62,
				0.368255
			],
			[
				-0.61,
				0.381377
			],
			[
				-0.6,
				0.394499
			],
			[
				-0.59,
				0.407621
			],
			[
				-0.58,
				0.420743
			],
			[
				-0.57,
				0.433865
			],
			[
				-0.56,
				0.446987
			],
			[
				-0.55,
				0.460109
			],
			[
				-0.54,
				0.473231
			],
			[
				-0.53,
				0.486353
			],
			[
				-0.52,
				0.499475
			],
			[
				-0.51,
				0.512597
			],
			[
				-0.5,
				0.525719
			],
			[
				-0.49,
				0.538841
			],
			[
				-0.48,
				0.551963
			],
			[
				-0.47,
				0.565085
			],
			[
				-0.46,
				0.578207
			],
			[
				-0.45,
				0.591329
			],
			[
				-0.44,
				0.604451
			],
			[
				-0.43,
				0.617573
			],
			[
				-0.42,
				0.630695
			],
			[
				-0.41,
				0.643817
			],
			[
				-0.4,
				0.656939
			],
			[
				-0.39,
				0.670061
			],
			[
				-0.38,
				0.683183
			],
			[
				-0.37,
				0.696305
			],
			[
				-0.36,
				0.709427
			],
			[
				-0.35,
				0.722549
			],
			[
				-0.34,
				0.735671
			],
			[
				-0.33,
				0.748793
			],
			[
				-0.32,
				0.761915
			],
			[
				-0.31,
				0.775037
			],
			[
				-0.3,
				0.788159
			],
			[
				-0.29,
				0.801281
			],
			[
				-0.28,
				0.814403
			],
			[
				-0.27,
				0.827525
			],
			[
				-0.26,
				0.840647
			],
			[
				-0.25,
				0.853769
			],
			[
				-0.24,
				0.866891
			],
			[
				-0.23,
				0.880013
			],
			[
				-0.22,
				0.893135
			],
			[
				-0.21,
				0.906257
			],
			[
				-0.2,
				0.919379
			],
			[
				-0.19,
				0.932501
			],
			[
				-0.18,
				0.945623
			],
			[
				-0.17,
				0.958745
			],
			[
				-0.16,
				0.971867
			],
			[
				-0.15,
				0.984989
			],
			[
				-0.14,
				0.998111
			],
			[
				-0.13,
				1.01123
			],
			[
				-0.12,
				1.02436
			],
			[
				-0.11,
				1.03748
			],
			[
				-0.1,
				1.0506
			],
			[
				-0.09,
				1.06372
			],
			[
				-0.08,
				1.07684
			],
			[
				-0.07,
				1.08997
			],
			[
				-0.06,
				1.10309
			],
			[
				-0.05,
				1.11621
			],
			[
				-0.04,
				1.12933
			],
			[
				-0.03,
				1.14245
			],
			[
				-0.02,
				1.15558
			],
			[
				-0.01,
				1.1687
			],
			[
				0.0,
				1.18182
			]
		]
	}
}
