{
	"ID": 286,
	"name": "VACODYM_854_AP_080C",
	"conductivity": 0.0,
	"relPermeability": 1.0,
	"remanence": 0.0,
	"linear": false,
	"BHCurve": {
		"default": [
			[
				-0.887561,
				0.0
			],
			[
				-0.887324,
				0.000317013
			],
			[
				-0.886324,
				0.00165009
			],
			[
				-0.885324,
				0.00298318
			],
			[
				-0.884324,
				0.00431626
			],
			[
				-0.883324,
				0.00564934
			],
			[
				-0.882324,
				0.00698242
			],
			[
				-0.881324,
				0.0083155
			],
			[
				-0.880324,
				0.00964859
			],
			[
				-0.879324,
				0.0109817
			],
			[
				-0.878324,
				0.0123147
			],
			[
				-0.877324,
				0.0136478
			],
			[
				-0.876324,
				0.0149809
			],
			[
				-0.875324,
				0.016314
			],
			[
				-0.874324,
				0.0176471
			],
			[
				-0.873324,
				0.0189802
			],
			[
				-0.872324,
				0.0203132
			],
			[
				-0.871324,
				0.0216463
			],
			[
				-0.870324,
				0.0229794
			],
			[
				-0.869324,
				0.0243125
			],
			[
				-0.868324,
				0.0256456
			],
			[
				-0.867324,
				0.0269786
			],
			[
				-0.866324,
				0.0283117
			],
			[
				-0.865324,
				0.0296448
			],
			[
				-0.864324,
				0.0309779
			],
			[
				-0.863324,
				0.032311
			],
			[
				-0.862324,
				0.0336441
			],
			[
				-0.861324,
				0.0349771
			],
			[
				-0.860324,
				0.0363102
			],
			[
				-0.859324,
				0.0376433
			],
			[
				-0.858324,
				0.0389764
			],
			[
				-0.857324,
				0.0403095
			],
			[
				-0.856324,
				0.0416425
			],
			[
				-0.855324,
				0.0429756
			],
			[
				-0.854324,
				0.0443087
			],
			[
				-0.853324,
				0.0456418
			],
			[
				-0.852324,
				0.0469749
			],
			[
				-0.851324,
				0.048308
			],
			[
				-0.850324,
				0.049641
			],
			[
				-0.849324,
				0.0509741
			],
			[
				-0.848324,
				0.0523072
			],
			[
				-0.847324,
				0.0536403
			],
			[
				-0.846324,
				0.0549734
			],
			[
				-0.845324,
				0.0563064
			],
			[
				-0.844324,
				0.0576395
			],
			[
				-0.843324,
				0.0589726
			],
			[
				-0.842324,
				0.0603057
			],
			[
				-0.841324,
				0.0616388
			],
			[
				-0.840324,
				0.0629719
			],
			[
				-0.839324,
				0.0643049
			],
			[
				-0.838324,
				0.065638
			],
			[
				-0.837324,
				0.0669711
			],
			[
				-0.836324,
				0.0683042
			],
			[
				-0.835324,
				0.0696373
			],
			[
				-0.834324,
				0.0709703
			],
			[
				-0.833324,
				0.0723034
			],
			[
				-0.832324,
				0.0736365
			],
			[
				-0.83,
				0.0767341
			],
			[
				-0.825,
				0.0833995
			],
			[
				-0.82,
				0.090065
			],
			[
				-0.815,
				0.0967304
			],
			[
				-0.81,
				0.103396
			],
			[
				-0.805,
				0.110061
			],
			[
				-0.8,
				0.116727
			],
			[
				-0.795,
				0.123392
			],
			[
				-0.79,
				0.130057
			],
			[
				-0.785,
				0.136723
			],
			[
				-0.78,
				0.143388
			],
			[
				-0.775,
				0.150054
			],
			[
				-0.77,
				0.156719
			],
			[
				-0.765,
				0.163384
			],
			[
				-0.76,
				0.17005
			],
			[
				-0.755,
				0.176715
			],
			[
				-0.75,
				0.183381
			],
			[
				-0.745,
				0.190046
			],
			[
				-0.74,
				0.196711
			],
			[
				-0.735,
				0.203377
			],
			[
				-0.73,
				0.210042
			],
			[
				-0.725,
				0.216708
			],
			[
				-0.72,
				0.223373
			],
			[
				-0.715,
				0.230039
			],
			[
				-0.71,
				0.236704
			],
			[
				-0.705,
				0.243369
			],
			[
				-0.7,
				0.250035
			],
			[
				-0.695,
				0.2567
			],
			[
				-0.69,
				0.263366
			],
			[
				-0.685,
				0.270031
			],
			[
				-0.68,
				0.276696
			],
			[
				-0.675,
				0.283362
			],
			[
				-0.67,
				0.290027
			],
			[
				-0.665,
				0.296693
			],
			[
				-0.66,
				0.303358
			],
			[
				-0.655,
				0.310023
			],
			[
				-0.65,
				0.316689
			],
			[
				-0.645,
				0.323354
			],
			[
				-0.64,
				0.33002
			],
			[
				-0.635,
				0.336685
			],
			[
				-0.63,
				0.34335
			],
			[
				-0.625,
				0.350016
			],
			[
				-0.62,
				0.356681
			],
			[
				-0.615,
				0.363347
			],
			[
				-0.61,
				0.370012
			],
			[
				-0.605,
				0.376678
			],
			[
				-0.6,
				0.383343
			],
			[
				-0.595,
				0.390008
			],
			[
				-0.59,
				0.396674
			],
			[
				-0.585,
				0.403339
			],
			[
				-0.58,
				0.410005
			],
			[
				-0.575,
				0.41667
			],
			[
				-0.57,
				0.423335
			],
			[
				-0.565,
				0.430001
			],
			[
				-0.56,
				0.436666
			],
			[
				-0.555,
				0.443332
			],
			[
				-0.55,
				0.449997
			],
			[
				-0.545,
				0.456662
			],
			[
				-0.54,
				0.463328
			],
			[
				-0.535,
				0.469993
			],
			[
				-0.53,
				0.476659
			],
			[
				-0.525,
				0.483324
			],
			[
				-0.52,
				0.489989
			],
			[
				-0.515,
				0.496655
			],
			[
				-0.51,
				0.50332
			],
			[
				-0.505,
				0.509986
			],
			[
				-0.5,
				0.516651
			],
			[
				-0.495,
				0.523317
			],
			[
				-0.49,
				0.529982
			],
			[
				-0.485,
				0.536647
			],
			[
				-0.48,
				0.543313
			],
			[
				-0.475,
				0.549978
			],
			[
				-0.47,
				0.556644
			],
			[
				-0.465,
				0.563309
			],
			[
				-0.46,
				0.569974
			],
			[
				-0.455,
				0.57664
			],
			[
				-0.45,
				0.583305
			],
			[
				-0.445,
				0.589971
			],
			[
				-0.44,
				0.596636
			],
			[
				-0.435,
				0.603301
			],
			[
				-0.43,
				0.609967
			],
			[
				-0.425,
				0.616632
			],
			[
				-0.42,
				0.623298
			],
			[
				-0.415,
				0.629963
			],
			[
				-0.41,
				0.636628
			],
			[
				-0.405,
				0.643294
			],
			[
				-0.4,
				0.649959
			],
			[
				-0.395,
				0.656625
			],
			[
				-0.39,
				0.66329
			],
			[
				-0.385,
				0.669956
			],
			[
				-0.38,
				0.676621
			],
			[
				-0.375,
				0.683286
			],
			[
				-0.37,
				0.689952
			],
			[
				-0.365,
				0.696617
			],
			[
				-0.36,
				0.703283
			],
			[
				-0.355,
				0.709948
			],
			[
				-0.35,
				0.716613
			],
			[
				-0.345,
				0.723279
			],
			[
				-0.34,
				0.729944
			],
			[
				-0.335,
				0.73661
			],
			[
				-0.33,
				0.743275
			],
			[
				-0.325,
				0.74994
			],
			[
				-0.32,
				0.756606
			],
			[
				-0.315,
				0.763271
			],
			[
				-0.31,
				0.769937
			],
			[
				-0.305,
				0.776602
			],
			[
				-0.3,
				0.783267
			],
			[
				-0.295,
				0.789933
			],
			[
				-0.29,
				0.796598
			],
			[
				-0.285,
				0.803264
			],
			[
				-0.28,
				0.809929
			],
			[
				-0.275,
				0.816595
			],
			[
				-0.27,
				0.82326
			],
			[
				-0.265,
				0.829925
			],
			[
				-0.26,
				0.836591
			],
			[
				-0.255,
				0.843256
			],
			[
				-0.25,
				0.849922
			],
			[
				-0.245,
				0.856587
			],
			[
				-0.24,
				0.863252
			],
			[
				-0.235,
				0.869918
			],
			[
				-0.23,
				0.876583
			],
			[
				-0.225,
				0.883249
			],
			[
				-0.22,
				0.889914
			],
			[
				-0.215,
				0.896579
			],
			[
				-0.21,
				0.903245
			],
			[
				-0.205,
				0.90991
			],
			[
				-0.2,
				0.916576
			],
			[
				-0.195,
				0.923241
			],
			[
				-0.19,
				0.929906
			],
			[
				-0.185,
				0.936572
			],
			[
				-0.18,
				0.943237
			],
			[
				-0.175,
				0.949903
			],
			[
				-0.17,
				0.956568
			],
			[
				-0.165,
				0.963234
			],
			[
				-0.16,
				0.969899
			],
			[
				-0.155,
				0.976564
			],
			[
				-0.15,
				0.98323
			],
			[
				-0.145,
				0.989895
			],
			[
				-0.14,
				0.996561
			],
			[
				-0.135,
				1.00323
			],
			[
				-0.13,
				1.00989
			],
			[
				-0.125,
				1.01656
			],
			[
				-0.12,
				1.02322
			],
			[
				-0.115,
				1.02989
			],
			[
				-0.11,
				1.03655
			],
			[
				-0.105,
				1.04322
			],
			[
				-0.1,
				1.04988
			],
			[
				-0.095,
				1.05655
			],
			[
				-0.09,
				1.06321
			],
			[
				-0.085,
				1.06988
			],
			[
				-0.08,
				1.07655
			],
			[
				-0.075,
				1.08321
			],
			[
				-0.07,
				1.08988
			],
			[
				-0.065,
				1.09654
			],
			[
				-0.06,
				1.10321
			],
			[
				-0.055,
				1.10987
			],
			[
				-0.05,
				1.11654
			],
			[
				-0.045,
				1.1232
