{
	"ID": 237,
	"name": "VACODYM_776_TP_020C",
	"conductivity": 0.0,
	"relPermeability": 1.0,
	"remanence": 0.0,
	"linear": false,
	"BHCurve": {
		"default": [
			[
				-1.01852,
				0.0
			],
			[
				-1.015,
				0.00455814
			],
			[
				-1.01,
				0.0110361
			],
			[
				-1.005,
				0.0175141
			],
			[
				-1.0,
				0.0239921
			],
			[
				-0.995,
				0.0304701
			],
			[
				-0.99,
				0.0369481
			],
			[
				-0.985,
				0.0434261
			],
			[
				-0.98,
				0.049904
			],
			[
				-0.975,
				0.056382
			],
			[
				-0.97,
				0.06286
			],
			[
				-0.965,
				0.069338
			],
			[
				-0.96,
				0.075816
			],
			[
				-0.955,
				0.082294
			],
			[
				-0.95,
				0.088772
			],
			[
				-0.945,
				0.09525
			],
			[
				-0.94,
				0.101728
			],
			[
				-0.935,
				0.108206
			],
			[
				-0.93,
				0.114684
			],
			[
				-0.925,
				0.121162
			],
			[
				-0.92,
				0.12764
			],
			[
				-0.915,
				0.134118
			],
			[
				-0.91,
				0.140596
			],
			[
				-0.905,
				0.147074
			],
			[
				-0.9,
				0.153552
			],
			[
				-0.895,
				0.16003
			],
			[
				-0.89,
				0.166508
			],
			[
				-0.885,
				0.172986
			],
			[
				-0.88,
				0.179464
			],
			[
				-0.875,
				0.185942
			],
			[
				-0.87,
				0.19242
			],
			[
				-0.865,
				0.198898
			],
			[
				-0.86,
				0.205376
			],
			[
				-0.855,
				0.211854
			],
			[
				-0.85,
				0.218332
			],
			[
				-0.845,
				0.22481
			],
			[
				-0.84,
				0.231288
			],
			[
				-0.835,
				0.237766
			],
			[
				-0.83,
				0.244244
			],
			[
				-0.825,
				0.250722
			],
			[
				-0.82,
				0.2572
			],
			[
				-0.815,
				0.263678
			],
			[
				-0.81,
				0.270156
			],
			[
				-0.805,
				0.276634
			],
			[
				-0.8,
				0.283112
			],
			[
				-0.795,
				0.28959
			],
			[
				-0.79,
				0.296068
			],
			[
				-0.785,
				0.302546
			],
			[
				-0.78,
				0.309024
			],
			[
				-0.775,
				0.315502
			],
			[
				-0.77,
				0.32198
			],
			[
				-0.765,
				0.328458
			],
			[
				-0.76,
				0.334935
			],
			[
				-0.755,
				0.341413
			],
			[
				-0.75,
				0.347891
			],
			[
				-0.745,
				0.354369
			],
			[
				-0.74,
				0.360847
			],
			[
				-0.735,
				0.367325
			],
			[
				-0.73,
				0.373803
			],
			[
				-0.725,
				0.380281
			],
			[
				-0.72,
				0.386759
			],
			[
				-0.715,
				0.393237
			],
			[
				-0.71,
				0.399715
			],
			[
				-0.705,
				0.406193
			],
			[
				-0.7,
				0.412671
			],
			[
				-0.695,
				0.419149
			],
			[
				-0.69,
				0.425627
			],
			[
				-0.685,
				0.432105
			],
			[
				-0.68,
				0.438583
			],
			[
				-0.675,
				0.445061
			],
			[
				-0.67,
				0.451539
			],
			[
				-0.665,
				0.458017
			],
			[
				-0.66,
				0.464495
			],
			[
				-0.655,
				0.470973
			],
			[
				-0.65,
				0.477451
			],
			[
				-0.645,
				0.483929
			],
			[
				-0.64,
				0.490407
			],
			[
				-0.635,
				0.496885
			],
			[
				-0.63,
				0.503363
			],
			[
				-0.625,
				0.509841
			],
			[
				-0.62,
				0.516319
			],
			[
				-0.615,
				0.522797
			],
			[
				-0.61,
				0.529275
			],
			[
				-0.605,
				0.535753
			],
			[
				-0.6,
				0.542231
			],
			[
				-0.595,
				0.548709
			],
			[
				-0.59,
				0.555187
			],
			[
				-0.585,
				0.561665
			],
			[
				-0.58,
				0.568143
			],
			[
				-0.575,
				0.574621
			],
			[
				-0.57,
				0.581099
			],
			[
				-0.565,
				0.587577
			],
			[
				-0.56,
				0.594055
			],
			[
				-0.555,
				0.600533
			],
			[
				-0.55,
				0.607011
			],
			[
				-0.545,
				0.613489
			],
			[
				-0.54,
				0.619967
			],
			[
				-0.535,
				0.626445
			],
			[
				-0.53,
				0.632923
			],
			[
				-0.525,
				0.639401
			],
			[
				-0.52,
				0.645879
			],
			[
				-0.515,
				0.652357
			],
			[
				-0.51,
				0.658835
			],
			[
				-0.505,
				0.665313
			],
			[
				-0.5,
				0.671791
			],
			[
				-0.495,
				0.678269
			],
			[
				-0.49,
				0.684747
			],
			[
				-0.485,
				0.691225
			],
			[
				-0.48,
				0.697703
			],
			[
				-0.475,
				0.704181
			],
			[
				-0.47,
				0.710659
			],
			[
				-0.465,
				0.717137
			],
			[
				-0.46,
				0.723615
			],
			[
				-0.455,
				0.730093
			],
			[
				-0.45,
				0.736571
			],
			[
				-0.445,
				0.743049
			],
			[
				-0.44,
				0.749527
			],
			[
				-0.435,
				0.756005
			],
			[
				-0.43,
				0.762483
			],
			[
				-0.425,
				0.768961
			],
			[
				-0.42,
				0.775439
			],
			[
				-0.415,
				0.781917
			],
			[
				-0.41,
				0.788395
			],
			[
				-0.405,
				0.794873
			],
			[
				-0.4,
				0.801351
			],
			[
				-0.395,
				0.807829
			],
			[
				-0.39,
				0.814307
			],
			[
				-0.385,
				0.820785
			],
			[
				-0.38,
				0.827263
			],
			[
				-0.375,
				0.833741
			],
			[
				-0.37,
				0.840219
			],
			[
				-0.365,
				0.846696
			],
			[
				-0.36,
				0.853174
			],
			[
				-0.355,
				0.859652
			],
			[
				-0.35,
				0.86613
			],
			[
				-0.345,
				0.872608
			],
			[
				-0.34,
				0.879086
			],
			[
				-0.335,
				0.885564
			],
			[
				-0.33,
				0.892042
			],
			[
				-0.325,
				0.89852
			],
			[
				-0.32,
				0.904998
			],
			[
				-0.315,
				0.911476
			],
			[
				-0.31,
				0.917954
			],
			[
				-0.305,
				0.924432
			],
			[
				-0.3,
				0.93091
			],
			[
				-0.295,
				0.937388
			],
			[
				-0.29,
				0.943866
			],
			[
				-0.285,
				0.950344
			],
			[
				-0.28,
				0.956822
			],
			[
				-0.275,
				0.9633
			],
			[
				-0.27,
				0.969778
			],
			[
				-0.265,
				0.976256
			],
			[
				-0.26,
				0.982734
			],
			[
				-0.255,
				0.989212
			],
			[
				-0.25,
				0.99569
			],
			[
				-0.245,
				1.00217
			],
			[
				-0.24,
				1.00865
			],
			[
				-0.235,
				1.01512
			],
			[
				-0.23,
				1.0216
			],
			[
				-0.225,
				1.02808
			],
			[
				-0.22,
				1.03456
			],
			[
				-0.215,
				1.04104
			],
			[
				-0.21,
				1.04751
			],
			[
				-0.205,
				1.05399
			],
			[
				-0.2,
				1.06047
			],
			[
				-0.195,
				1.06695
			],
			[
				-0.19,
				1.07343
			],
			[
				-0.185,
				1.0799
			],
			[
				-0.18,
				1.08638
			],
			[
				-0.175,
				1.09286
			],
			[
				-0.17,
				1.09934
			],
			[
				-0.165,
				1.10582
			],
			[
				-0.16,
				1.11229
			],
			[
				-0.155,
				1.11877
			],
			[
				-0.15,
				1.12525
			],
			[
				-0.145,
				1.13173
			],
			[
				-0.14,
				1.13821
			],
			[
				-0.135,
				1.14468
			],
			[
				-0.13,
				1.15116
			],
			[
				-0.125,
				1.15764
			],
			[
				-0.12,
				1.16412
			],
			[
				-0.115,
				1.1706
			],
			[
				-0.11,
				1.17707
			],
			[
				-0.105,
				1.18355
			],
			[
				-0.1,
				1.19003
			],
			[
				-0.095,
				1.19651
			],
			[
				-0.09,
				1.20299
			],
			[
				-0.085,
				1.20946
			],
			[
				-0.08,
				1.21594
			],
			[
				-0.075,
				1.22242
			],
			[
				-0.07,
				1.2289
			],
			[
				-0.065,
				1.23538
			],
			[
				-0.06,
				1.24185
			],
			[
				-0.055,
				1.24833
			],
			[
				-0.05,
				1.25481
			],
			[
				-0.045,
				1.26129
			],
			[
				-0.04,
				1.26777
			],
			[
				-0.035,
				1.27424
			],
			[
				-0.03,
				1.28072
			],
			[
				-0.025,
				1.2872
			],
			[
				-0.02,
				1.29368
			],
			[
				-0.015,
				1.30016
			],
			[
				-0.01,
				1.30663
			],
			[
				-0.005,
				1.31311
			],
			[
				0.0,
				1.31959
			]
		]
	}
}
