{
	"ID": 119,
	"name": "VACODYM_4020_020C",
	"conductivity": 0.0,
	"relPermeability": 0.0,
	"remanence": "no information",
	"linear": false,
	"BHCurve": {
		"default": [
			[
				-0.9784619999999999,
				0.0
			],
			[
				-0.975,
				0.0045283
			],
			[
				-0.97,
				0.0110692
			],
			[
				-0.965,
				0.0176101
			],
			[
				-0.96,
				0.0241509
			],
			[
				-0.955,
				0.0306918
			],
			[
				-0.95,
				0.0372327
			],
			[
				-0.945,
				0.0437736
			],
			[
				-0.94,
				0.0503145
			],
			[
				-0.935,
				0.0568553
			],
			[
				-0.93,
				0.0633962
			],
			[
				-0.925,
				0.0699371
			],
			[
				-0.92,
				0.076478
			],
			[
				-0.915,
				0.0830189
			],
			[
				-0.91,
				0.0895597
			],
			[
				-0.905,
				0.0961006
			],
			[
				-0.9,
				0.102642
			],
			[
				-0.895,
				0.109182
			],
			[
				-0.89,
				0.115723
			],
			[
				-0.885,
				0.122264
			],
			[
				-0.88,
				0.128805
			],
			[
				-0.875,
				0.135346
			],
			[
				-0.87,
				0.141887
			],
			[
				-0.865,
				0.148428
			],
			[
				-0.86,
				0.154969
			],
			[
				-0.855,
				0.161509
			],
			[
				-0.85,
				0.16805
			],
			[
				-0.845,
				0.174591
			],
			[
				-0.84,
				0.181132
			],
			[
				-0.835,
				0.187673
			],
			[
				-0.83,
				0.194214
			],
			[
				-0.825,
				0.200755
			],
			[
				-0.82,
				0.207296
			],
			[
				-0.815,
				0.213836
			],
			[
				-0.81,
				0.220377
			],
			[
				-0.805,
				0.226918
			],
			[
				-0.8,
				0.233459
			],
			[
				-0.795,
				0.24
			],
			[
				-0.79,
				0.246541
			],
			[
				-0.785,
				0.253082
			],
			[
				-0.78,
				0.259623
			],
			[
				-0.775,
				0.266164
			],
			[
				-0.77,
				0.272704
			],
			[
				-0.765,
				0.279245
			],
			[
				-0.76,
				0.285786
			],
			[
				-0.755,
				0.292327
			],
			[
				-0.75,
				0.298868
			],
			[
				-0.745,
				0.305409
			],
			[
				-0.74,
				0.31195
			],
			[
				-0.735,
				0.318491
			],
			[
				-0.73,
				0.325031
			],
			[
				-0.725,
				0.331572
			],
			[
				-0.72,
				0.338113
			],
			[
				-0.715,
				0.344654
			],
			[
				-0.71,
				0.351195
			],
			[
				-0.705,
				0.357736
			],
			[
				-0.7,
				0.364277
			],
			[
				-0.695,
				0.370818
			],
			[
				-0.69,
				0.377358
			],
			[
				-0.685,
				0.383899
			],
			[
				-0.68,
				0.39044
			],
			[
				-0.675,
				0.396981
			],
			[
				-0.67,
				0.403522
			],
			[
				-0.665,
				0.410063
			],
			[
				-0.66,
				0.416604
			],
			[
				-0.655,
				0.423145
			],
			[
				-0.65,
				0.429686
			],
			[
				-0.645,
				0.436226
			],
			[
				-0.64,
				0.442767
			],
			[
				-0.635,
				0.449308
			],
			[
				-0.63,
				0.455849
			],
			[
				-0.625,
				0.46239
			],
			[
				-0.62,
				0.468931
			],
			[
				-0.615,
				0.475472
			],
			[
				-0.61,
				0.482013
			],
			[
				-0.605,
				0.488553
			],
			[
				-0.6,
				0.495094
			],
			[
				-0.595,
				0.501635
			],
			[
				-0.59,
				0.508176
			],
			[
				-0.585,
				0.514717
			],
			[
				-0.58,
				0.521258
			],
			[
				-0.575,
				0.527799
			],
			[
				-0.57,
				0.53434
			],
			[
				-0.565,
				0.540881
			],
			[
				-0.56,
				0.547421
			],
			[
				-0.555,
				0.553962
			],
			[
				-0.55,
				0.560503
			],
			[
				-0.545,
				0.567044
			],
			[
				-0.54,
				0.573585
			],
			[
				-0.535,
				0.580126
			],
			[
				-0.53,
				0.586667
			],
			[
				-0.525,
				0.593208
			],
			[
				-0.52,
				0.599748
			],
			[
				-0.515,
				0.606289
			],
			[
				-0.51,
				0.61283
			],
			[
				-0.505,
				0.619371
			],
			[
				-0.5,
				0.625912
			],
			[
				-0.495,
				0.632453
			],
			[
				-0.49,
				0.638994
			],
			[
				-0.485,
				0.645535
			],
			[
				-0.48,
				0.652075
			],
			[
				-0.475,
				0.658616
			],
			[
				-0.47,
				0.665157
			],
			[
				-0.465,
				0.671698
			],
			[
				-0.46,
				0.678239
			],
			[
				-0.455,
				0.68478
			],
			[
				-0.45,
				0.691321
			],
			[
				-0.445,
				0.697862
			],
			[
				-0.44,
				0.704403
			],
			[
				-0.435,
				0.710943
			],
			[
				-0.43,
				0.717484
			],
			[
				-0.425,
				0.724025
			],
			[
				-0.42,
				0.730566
			],
			[
				-0.415,
				0.737107
			],
			[
				-0.41,
				0.743648
			],
			[
				-0.405,
				0.750189
			],
			[
				-0.4,
				0.75673
			],
			[
				-0.395,
				0.76327
			],
			[
				-0.39,
				0.769811
			],
			[
				-0.385,
				0.776352
			],
			[
				-0.38,
				0.782893
			],
			[
				-0.375,
				0.789434
			],
			[
				-0.37,
				0.795975
			],
			[
				-0.365,
				0.802516
			],
			[
				-0.36,
				0.809057
			],
			[
				-0.355,
				0.815597
			],
			[
				-0.35,
				0.822138
			],
			[
				-0.345,
				0.828679
			],
			[
				-0.34,
				0.83522
			],
			[
				-0.335,
				0.841761
			],
			[
				-0.33,
				0.848302
			],
			[
				-0.325,
				0.854843
			],
			[
				-0.32,
				0.861384
			],
			[
				-0.315,
				0.867925
			],
			[
				-0.31,
				0.874465
			],
			[
				-0.305,
				0.881006
			],
			[
				-0.3,
				0.887547
			],
			[
				-0.295,
				0.894088
			],
			[
				-0.29,
				0.900629
			],
			[
				-0.285,
				0.90717
			],
			[
				-0.28,
				0.913711
			],
			[
				-0.275,
				0.920252
			],
			[
				-0.27,
				0.926792
			],
			[
				-0.265,
				0.933333
			],
			[
				-0.26,
				0.939874
			],
			[
				-0.255,
				0.946415
			],
			[
				-0.25,
				0.952956
			],
			[
				-0.245,
				0.959497
			],
			[
				-0.24,
				0.966038
			],
			[
				-0.235,
				0.972579
			],
			[
				-0.23,
				0.979119
			],
			[
				-0.225,
				0.98566
			],
			[
				-0.22,
				0.992201
			],
			[
				-0.215,
				0.998742
			],
			[
				-0.21,
				1.00528
			],
			[
				-0.205,
				1.01182
			],
			[
				-0.2,
				1.01836
			],
			[
				-0.195,
				1.02491
			],
			[
				-0.19,
				1.03145
			],
			[
				-0.185,
				1.03799
			],
			[
				-0.18,
				1.04453
			],
			[
				-0.175,
				1.05107
			],
			[
				-0.17,
				1.05761
			],
			[
				-0.165,
				1.06415
			],
			[
				-0.16,
				1.07069
			],
			[
				-0.155,
				1.07723
			],
			[
				-0.15,
				1.08377
			],
			[
				-0.145,
				1.09031
			],
			[
				-0.14,
				1.09686
			],
			[
				-0.135,
				1.1034
			],
			[
				-0.13,
				1.10994
			],
			[
				-0.125,
				1.11648
			],
			[
				-0.12,
				1.12302
			],
			[
				-0.115,
				1.12956
			],
			[
				-0.11,
				1.1361
			],
			[
				-0.105,
				1.14264
			],
			[
				-0.1,
				1.14918
			],
			[
				-0.095,
				1.15572
			],
			[
				-0.09,
				1.16226
			],
			[
				-0.085,
				1.16881
			],
			[
				-0.08,
				1.17535
			],
			[
				-0.075,
				1.18189
			],
			[
				-0.07,
				1.18843
			],
			[
				-0.065,
				1.19497
			],
			[
				-0.06,
				1.20151
			],
			[
				-0.055,
				1.20805
			],
			[
				-0.05,
				1.21459
			],
			[
				-0.045,
				1.22113
			],
			[
				-0.04,
				1.22767
			],
			[
				-0.035,
				1.23421
			],
			[
				-0.03,
				1.24075
			],
			[
				-0.025,
				1.2473
			],
			[
				-0.02,
				1.25384
			],
			[
				-0.015,
				1.26038
			],
			[
				-0.01,
				1.26692
			],
			[
				-0.005,
				1.27346
			],
			[
				0.0,
				1.28
			]
		]
	}
}
