{
	"ID": 328,
	"name": "VACODYM_872TP_60C",
	"conductivity": 0.0,
	"relPermeability": 1.0,
	"remanence": 0.0,
	"linear": false,
	"BHCurve": {
		"default": [
			[
				-0.9196380000000001,
				0.0
			],
			[
				-0.91,
				0.0126469
			],
			[
				-0.9,
				0.0257689
			],
			[
				-0.89,
				0.0388909
			],
			[
				-0.88,
				0.0520129
			],
			[
				-0.87,
				0.0651349
			],
			[
				-0.86,
				0.0782569
			],
			[
				-0.85,
				0.0913789
			],
			[
				-0.84,
				0.104501
			],
			[
				-0.83,
				0.117623
			],
			[
				-0.82,
				0.130745
			],
			[
				-0.81,
				0.143867
			],
			[
				-0.8,
				0.156989
			],
			[
				-0.79,
				0.170111
			],
			[
				-0.78,
				0.183233
			],
			[
				-0.77,
				0.196355
			],
			[
				-0.76,
				0.209477
			],
			[
				-0.75,
				0.222599
			],
			[
				-0.74,
				0.235721
			],
			[
				-0.73,
				0.248843
			],
			[
				-0.72,
				0.261965
			],
			[
				-0.71,
				0.275087
			],
			[
				-0.7,
				0.288209
			],
			[
				-0.69,
				0.301331
			],
			[
				-0.68,
				0.314453
			],
			[
				-0.67,
				0.327575
			],
			[
				-0.66,
				0.340697
			],
			[
				-0.65,
				0.353819
			],
			[
				-0.64,
				0.366941
			],
			[
				-0.63,
				0.380063
			],
			[
				-0.62,
				0.393185
			],
			[
				-0.61,
				0.406307
			],
			[
				-0.6,
				0.419429
			],
			[
				-0.59,
				0.432551
			],
			[
				-0.58,
				0.445673
			],
			[
				-0.57,
				0.458795
			],
			[
				-0.56,
				0.471917
			],
			[
				-0.55,
				0.485039
			],
			[
				-0.54,
				0.498161
			],
			[
				-0.53,
				0.511283
			],
			[
				-0.52,
				0.524405
			],
			[
				-0.51,
				0.537527
			],
			[
				-0.5,
				0.550649
			],
			[
				-0.49,
				0.563771
			],
			[
				-0.48,
				0.576893
			],
			[
				-0.47,
				0.590015
			],
			[
				-0.46,
				0.603137
			],
			[
				-0.45,
				0.616259
			],
			[
				-0.44,
				0.629381
			],
			[
				-0.43,
				0.642503
			],
			[
				-0.42,
				0.655625
			],
			[
				-0.41,
				0.668747
			],
			[
				-0.4,
				0.681869
			],
			[
				-0.39,
				0.694992
			],
			[
				-0.38,
				0.708114
			],
			[
				-0.37,
				0.721236
			],
			[
				-0.36,
				0.734358
			],
			[
				-0.35,
				0.74748
			],
			[
				-0.34,
				0.760602
			],
			[
				-0.33,
				0.773724
			],
			[
				-0.32,
				0.786846
			],
			[
				-0.31,
				0.799968
			],
			[
				-0.3,
				0.81309
			],
			[
				-0.29,
				0.826212
			],
			[
				-0.28,
				0.839334
			],
			[
				-0.27,
				0.852456
			],
			[
				-0.26,
				0.865578
			],
			[
				-0.25,
				0.8787
			],
			[
				-0.24,
				0.891822
			],
			[
				-0.23,
				0.904944
			],
			[
				-0.22,
				0.918066
			],
			[
				-0.21,
				0.931188
			],
			[
				-0.2,
				0.94431
			],
			[
				-0.19,
				0.957432
			],
			[
				-0.18,
				0.970554
			],
			[
				-0.17,
				0.983676
			],
			[
				-0.16,
				0.996798
			],
			[
				-0.15,
				1.00992
			],
			[
				-0.14,
				1.02304
			],
			[
				-0.13,
				1.03616
			],
			[
				-0.12,
				1.04929
			],
			[
				-0.11,
				1.06241
			],
			[
				-0.1,
				1.07553
			],
			[
				-0.09,
				1.08865
			],
			[
				-0.08,
				1.10177
			],
			[
				-0.07,
				1.1149
			],
			[
				-0.06,
				1.12802
			],
			[
				-0.05,
				1.14114
			],
			[
				-0.04,
				1.15426
			],
			[
				-0.03,
				1.16738
			],
			[
				-0.02,
				1.18051
			],
			[
				-0.01,
				1.19363
			],
			[
				0.0,
				1.20675
			]
		]
	}
}
