{
	"ID": 291,
	"name": "VACODYM_854_TP_020C",
	"conductivity": 0.0,
	"relPermeability": 0.0,
	"remanence": "no information",
	"linear": false,
	"BHCurve": {
		"default": [
			[
				-1.0185,
				0.0
			],
			[
				-1.015,
				0.00453255
			],
			[
				-1.01,
				0.0110105
			],
			[
				-1.005,
				0.0174885
			],
			[
				-1.0,
				0.0239665
			],
			[
				-0.995,
				0.0304445
			],
			[
				-0.99,
				0.0369225
			],
			[
				-0.985,
				0.0434005
			],
			[
				-0.98,
				0.0498785
			],
			[
				-0.975,
				0.0563565
			],
			[
				-0.97,
				0.0628344
			],
			[
				-0.965,
				0.0693124
			],
			[
				-0.96,
				0.0757904
			],
			[
				-0.955,
				0.0822684
			],
			[
				-0.95,
				0.0887464
			],
			[
				-0.945,
				0.0952244
			],
			[
				-0.94,
				0.101702
			],
			[
				-0.935,
				0.10818
			],
			[
				-0.93,
				0.114658
			],
			[
				-0.925,
				0.121136
			],
			[
				-0.92,
				0.127614
			],
			[
				-0.915,
				0.134092
			],
			[
				-0.91,
				0.14057
			],
			[
				-0.905,
				0.147048
			],
			[
				-0.9,
				0.153526
			],
			[
				-0.895,
				0.160004
			],
			[
				-0.89,
				0.166482
			],
			[
				-0.885,
				0.17296
			],
			[
				-0.88,
				0.179438
			],
			[
				-0.875,
				0.185916
			],
			[
				-0.87,
				0.192394
			],
			[
				-0.865,
				0.198872
			],
			[
				-0.86,
				0.20535
			],
			[
				-0.855,
				0.211828
			],
			[
				-0.85,
				0.218306
			],
			[
				-0.845,
				0.224784
			],
			[
				-0.84,
				0.231262
			],
			[
				-0.835,
				0.23774
			],
			[
				-0.83,
				0.244218
			],
			[
				-0.825,
				0.250696
			],
			[
				-0.82,
				0.257174
			],
			[
				-0.815,
				0.263652
			],
			[
				-0.81,
				0.27013
			],
			[
				-0.805,
				0.276608
			],
			[
				-0.8,
				0.283086
			],
			[
				-0.795,
				0.289564
			],
			[
				-0.79,
				0.296042
			],
			[
				-0.785,
				0.30252
			],
			[
				-0.78,
				0.308998
			],
			[
				-0.775,
				0.315476
			],
			[
				-0.77,
				0.321954
			],
			[
				-0.765,
				0.328432
			],
			[
				-0.76,
				0.33491
			],
			[
				-0.755,
				0.341388
			],
			[
				-0.75,
				0.347866
			],
			[
				-0.745,
				0.354344
			],
			[
				-0.74,
				0.360822
			],
			[
				-0.735,
				0.3673
			],
			[
				-0.73,
				0.373778
			],
			[
				-0.725,
				0.380256
			],
			[
				-0.72,
				0.386734
			],
			[
				-0.715,
				0.393212
			],
			[
				-0.71,
				0.39969
			],
			[
				-0.705,
				0.406168
			],
			[
				-0.7,
				0.412646
			],
			[
				-0.695,
				0.419124
			],
			[
				-0.69,
				0.425602
			],
			[
				-0.685,
				0.43208
			],
			[
				-0.68,
				0.438558
			],
			[
				-0.675,
				0.445036
			],
			[
				-0.67,
				0.451514
			],
			[
				-0.665,
				0.457992
			],
			[
				-0.66,
				0.46447
			],
			[
				-0.655,
				0.470948
			],
			[
				-0.65,
				0.477426
			],
			[
				-0.645,
				0.483904
			],
			[
				-0.64,
				0.490382
			],
			[
				-0.635,
				0.49686
			],
			[
				-0.63,
				0.503338
			],
			[
				-0.625,
				0.509816
			],
			[
				-0.62,
				0.516294
			],
			[
				-0.615,
				0.522772
			],
			[
				-0.61,
				0.52925
			],
			[
				-0.605,
				0.535728
			],
			[
				-0.6,
				0.542206
			],
			[
				-0.595,
				0.548683
			],
			[
				-0.59,
				0.555161
			],
			[
				-0.585,
				0.561639
			],
			[
				-0.58,
				0.568117
			],
			[
				-0.575,
				0.574595
			],
			[
				-0.57,
				0.581073
			],
			[
				-0.565,
				0.587551
			],
			[
				-0.56,
				0.594029
			],
			[
				-0.555,
				0.600507
			],
			[
				-0.55,
				0.606985
			],
			[
				-0.545,
				0.613463
			],
			[
				-0.54,
				0.619941
			],
			[
				-0.535,
				0.626419
			],
			[
				-0.53,
				0.632897
			],
			[
				-0.525,
				0.639375
			],
			[
				-0.52,
				0.645853
			],
			[
				-0.515,
				0.652331
			],
			[
				-0.51,
				0.658809
			],
			[
				-0.505,
				0.665287
			],
			[
				-0.5,
				0.671765
			],
			[
				-0.495,
				0.678243
			],
			[
				-0.49,
				0.684721
			],
			[
				-0.485,
				0.691199
			],
			[
				-0.48,
				0.697677
			],
			[
				-0.475,
				0.704155
			],
			[
				-0.47,
				0.710633
			],
			[
				-0.465,
				0.717111
			],
			[
				-0.46,
				0.723589
			],
			[
				-0.455,
				0.730067
			],
			[
				-0.45,
				0.736545
			],
			[
				-0.445,
				0.743023
			],
			[
				-0.44,
				0.749501
			],
			[
				-0.435,
				0.755979
			],
			[
				-0.43,
				0.762457
			],
			[
				-0.425,
				0.768935
			],
			[
				-0.42,
				0.775413
			],
			[
				-0.415,
				0.781891
			],
			[
				-0.41,
				0.788369
			],
			[
				-0.405,
				0.794847
			],
			[
				-0.4,
				0.801325
			],
			[
				-0.395,
				0.807803
			],
			[
				-0.39,
				0.814281
			],
			[
				-0.385,
				0.820759
			],
			[
				-0.38,
				0.827237
			],
			[
				-0.375,
				0.833715
			],
			[
				-0.37,
				0.840193
			],
			[
				-0.365,
				0.846671
			],
			[
				-0.36,
				0.853149
			],
			[
				-0.355,
				0.859627
			],
			[
				-0.35,
				0.866105
			],
			[
				-0.345,
				0.872583
			],
			[
				-0.34,
				0.879061
			],
			[
				-0.335,
				0.885539
			],
			[
				-0.33,
				0.892017
			],
			[
				-0.325,
				0.898495
			],
			[
				-0.32,
				0.904973
			],
			[
				-0.315,
				0.911451
			],
			[
				-0.31,
				0.917929
			],
			[
				-0.305,
				0.924407
			],
			[
				-0.3,
				0.930885
			],
			[
				-0.295,
				0.937363
			],
			[
				-0.29,
				0.943841
			],
			[
				-0.285,
				0.950319
			],
			[
				-0.28,
				0.956797
			],
			[
				-0.275,
				0.963275
			],
			[
				-0.27,
				0.969753
			],
			[
				-0.265,
				0.976231
			],
			[
				-0.26,
				0.982709
			],
			[
				-0.255,
				0.989187
			],
			[
				-0.25,
				0.995665
			],
			[
				-0.245,
				1.00214
			],
			[
				-0.24,
				1.00862
			],
			[
				-0.235,
				1.0151
			],
			[
				-0.23,
				1.02158
			],
			[
				-0.225,
				1.02805
			],
			[
				-0.22,
				1.03453
			],
			[
				-0.215,
				1.04101
			],
			[
				-0.21,
				1.04749
			],
			[
				-0.205,
				1.05397
			],
			[
				-0.2,
				1.06044
			],
			[
				-0.195,
				1.06692
			],
			[
				-0.19,
				1.0734
			],
			[
				-0.185,
				1.07988
			],
			[
				-0.18,
				1.08636
			],
			[
				-0.175,
				1.09283
			],
			[
				-0.17,
				1.09931
			],
			[
				-0.165,
				1.10579
			],
			[
				-0.16,
				1.11227
			],
			[
				-0.155,
				1.11875
			],
			[
				-0.15,
				1.12522
			],
			[
				-0.145,
				1.1317
			],
			[
				-0.14,
				1.13818
			],
			[
				-0.135,
				1.14466
			],
			[
				-0.13,
				1.15114
			],
			[
				-0.125,
				1.15761
			],
			[
				-0.12,
				1.16409
			],
			[
				-0.115,
				1.17057
			],
			[
				-0.11,
				1.17705
			],
			[
				-0.105,
				1.18353
			],
			[
				-0.1,
				1.19
			],
			[
				-0.095,
				1.19648
			],
			[
				-0.09,
				1.20296
			],
			[
				-0.085,
				1.20944
			],
			[
				-0.08,
				1.21592
			],
			[
				-0.075,
				1.22239
			],
			[
				-0.07,
				1.22887
			],
			[
				-0.065,
				1.23535
			],
			[
				-0.06,
				1.24183
			],
			[
				-0.055,
				1.24831
			],
			[
				-0.05,
				1.25478
			],
			[
				-0.045,
				1.26126
			],
			[
				-0.04,
				1.26774
			],
			[
				-0.035,
				1.27422
			],
			[
				-0.03,
				1.2807
			],
			[
				-0.025,
				1.28717
			],
			[
				-0.02,
				1.29365
			],
			[
				-0.015,
				1.30013
			],
			[
				-0.01,
				1.30661
			],
			[
				-0.005,
				1.31309
			],
			[
				0.0,
				1.31956
			]
		]
	}
}
