{
	"ID": 227,
	"name": "VACODYM_776TP_20C",
	"conductivity": 0.0,
	"relPermeability": 0.0,
	"remanence": "no information",
	"linear": false,
	"BHCurve": {
		"default": [
			[
				-1.01852,
				0.0
			],
			[
				-1.01,
				0.0110361
			],
			[
				-1.0,
				0.0239921
			],
			[
				-0.99,
				0.0369481
			],
			[
				-0.98,
				0.049904
			],
			[
				-0.97,
				0.06286
			],
			[
				-0.96,
				0.075816
			],
			[
				-0.95,
				0.088772
			],
			[
				-0.94,
				0.101728
			],
			[
				-0.93,
				0.114684
			],
			[
				-0.92,
				0.12764
			],
			[
				-0.91,
				0.140596
			],
			[
				-0.9,
				0.153552
			],
			[
				-0.89,
				0.166508
			],
			[
				-0.88,
				0.179464
			],
			[
				-0.87,
				0.19242
			],
			[
				-0.86,
				0.205376
			],
			[
				-0.85,
				0.218332
			],
			[
				-0.84,
				0.231288
			],
			[
				-0.83,
				0.244244
			],
			[
				-0.82,
				0.2572
			],
			[
				-0.81,
				0.270156
			],
			[
				-0.8,
				0.283112
			],
			[
				-0.79,
				0.296068
			],
			[
				-0.78,
				0.309024
			],
			[
				-0.77,
				0.32198
			],
			[
				-0.76,
				0.334935
			],
			[
				-0.75,
				0.347891
			],
			[
				-0.74,
				0.360847
			],
			[
				-0.73,
				0.373803
			],
			[
				-0.72,
				0.386759
			],
			[
				-0.71,
				0.399715
			],
			[
				-0.7,
				0.412671
			],
			[
				-0.69,
				0.425627
			],
			[
				-0.68,
				0.438583
			],
			[
				-0.67,
				0.451539
			],
			[
				-0.66,
				0.464495
			],
			[
				-0.65,
				0.477451
			],
			[
				-0.64,
				0.490407
			],
			[
				-0.63,
				0.503363
			],
			[
				-0.62,
				0.516319
			],
			[
				-0.61,
				0.529275
			],
			[
				-0.6,
				0.542231
			],
			[
				-0.59,
				0.555187
			],
			[
				-0.58,
				0.568143
			],
			[
				-0.57,
				0.581099
			],
			[
				-0.56,
				0.594055
			],
			[
				-0.55,
				0.607011
			],
			[
				-0.54,
				0.619967
			],
			[
				-0.53,
				0.632923
			],
			[
				-0.52,
				0.645879
			],
			[
				-0.51,
				0.658835
			],
			[
				-0.5,
				0.671791
			],
			[
				-0.49,
				0.684747
			],
			[
				-0.48,
				0.697703
			],
			[
				-0.47,
				0.710659
			],
			[
				-0.46,
				0.723615
			],
			[
				-0.45,
				0.736571
			],
			[
				-0.44,
				0.749527
			],
			[
				-0.43,
				0.762483
			],
			[
				-0.42,
				0.775439
			],
			[
				-0.41,
				0.788395
			],
			[
				-0.4,
				0.801351
			],
			[
				-0.39,
				0.814307
			],
			[
				-0.38,
				0.827263
			],
			[
				-0.37,
				0.840219
			],
			[
				-0.36,
				0.853174
			],
			[
				-0.35,
				0.86613
			],
			[
				-0.34,
				0.879086
			],
			[
				-0.33,
				0.892042
			],
			[
				-0.32,
				0.904998
			],
			[
				-0.31,
				0.917954
			],
			[
				-0.3,
				0.93091
			],
			[
				-0.29,
				0.943866
			],
			[
				-0.28,
				0.956822
			],
			[
				-0.27,
				0.969778
			],
			[
				-0.26,
				0.982734
			],
			[
				-0.25,
				0.99569
			],
			[
				-0.24,
				1.00865
			],
			[
				-0.23,
				1.0216
			],
			[
				-0.22,
				1.03456
			],
			[
				-0.21,
				1.04751
			],
			[
				-0.2,
				1.06047
			],
			[
				-0.19,
				1.07343
			],
			[
				-0.18,
				1.08638
			],
			[
				-0.17,
				1.09934
			],
			[
				-0.16,
				1.11229
			],
			[
				-0.15,
				1.12525
			],
			[
				-0.14,
				1.13821
			],
			[
				-0.13,
				1.15116
			],
			[
				-0.12,
				1.16412
			],
			[
				-0.11,
				1.17707
			],
			[
				-0.1,
				1.19003
			],
			[
				-0.09,
				1.20299
			],
			[
				-0.08,
				1.21594
			],
			[
				-0.07,
				1.2289
			],
			[
				-0.06,
				1.24185
			],
			[
				-0.05,
				1.25481
			],
			[
				-0.04,
				1.26777
			],
			[
				-0.03,
				1.28072
			],
			[
				-0.02,
				1.29368
			],
			[
				-0.01,
				1.30663
			],
			[
				0.0,
				1.31959
			]
		]
	}
}
