{
	"ID": 130,
	"name": "VACODYM_633AP_150C",
	"conductivity": 0.0,
	"relPermeability": 0.0,
	"remanence": "no information",
	"linear": false,
	"BHCurve": {
		"default": [
			[
				-0.431952,
				0.0
			],
			[
				-0.43116000000000004,
				0.0334651
			],
			[
				-0.43016000000000004,
				0.0757347
			],
			[
				-0.42916000000000004,
				0.118004
			],
			[
				-0.42816000000000004,
				0.160274
			],
			[
				-0.42716000000000004,
				0.202543
			],
			[
				-0.42616000000000004,
				0.244813
			],
			[
				-0.42516000000000004,
				0.287083
			],
			[
				-0.42416000000000004,
				0.329352
			],
			[
				-0.42316000000000004,
				0.374213
			],
			[
				-0.42216000000000004,
				0.422593
			],
			[
				-0.42116000000000003,
				0.451328
			],
			[
				-0.42016000000000003,
				0.464014
			],
			[
				-0.41916000000000003,
				0.472426
			],
			[
				-0.41816000000000003,
				0.478615
			],
			[
				-0.41716000000000003,
				0.483666
			],
			[
				-0.41616000000000003,
				0.488332
			],
			[
				-0.41516000000000003,
				0.492598
			],
			[
				-0.41416000000000003,
				0.496595
			],
			[
				-0.41316,
				0.500456
			],
			[
				-0.41216,
				0.504259
			],
			[
				-0.41116,
				0.507938
			],
			[
				-0.41016,
				0.511407
			],
			[
				-0.40916,
				0.51458
			],
			[
				-0.40816,
				0.517481
			],
			[
				-0.40716,
				0.520235
			],
			[
				-0.40616,
				0.522858
			],
			[
				-0.40516,
				0.525365
			],
			[
				-0.40416,
				0.527769
			],
			[
				-0.40316,
				0.530086
			],
			[
				-0.40216,
				0.53233
			],
			[
				-0.40116,
				0.534516
			],
			[
				-0.40016,
				0.536649
			],
			[
				-0.39916,
				0.538713
			],
			[
				-0.39816,
				0.540714
			],
			[
				-0.39716,
				0.542658
			],
			[
				-0.39616,
				0.544552
			],
			[
				-0.39516,
				0.546403
			],
			[
				-0.39416,
				0.548217
			],
			[
				-0.39316,
				0.550001
			],
			[
				-0.39216,
				0.551762
			],
			[
				-0.39116,
				0.553506
			],
			[
				-0.39016,
				0.555238
			],
			[
				-0.38916,
				0.556943
			],
			[
				-0.38816,
				0.558622
			],
			[
				-0.38716,
				0.560274
			],
			[
				-0.38616,
				0.561901
			],
			[
				-0.38516,
				0.563505
			],
			[
				-0.38416,
				0.565086
			],
			[
				-0.38316,
				0.566645
			],
			[
				-0.38216,
				0.568184
			],
			[
				-0.38116,
				0.569704
			],
			[
				-0.38016,
				0.571206
			],
			[
				-0.37916000000000005,
				0.572693
			],
			[
				-0.37816000000000005,
				0.574166
			],
			[
				-0.37716000000000005,
				0.575626
			],
			[
				-0.37616000000000005,
				0.577074
			],
			[
				-0.37516000000000005,
				0.57851
			],
			[
				-0.37416000000000005,
				0.579935
			],
			[
				-0.37316000000000005,
				0.581349
			],
			[
				-0.37216000000000005,
				0.582753
			],
			[
				-0.37116000000000005,
				0.584147
			],
			[
				-0.37016000000000004,
				0.585532
			],
			[
				-0.36916000000000004,
				0.586909
			],
			[
				-0.36816000000000004,
				0.588278
			],
			[
				-0.36716000000000004,
				0.58964
			],
			[
				-0.36616000000000004,
				0.590994
			],
			[
				-0.36516000000000004,
				0.592343
			],
			[
				-0.36416000000000004,
				0.593686
			],
			[
				-0.36316000000000004,
				0.595023
			],
			[
				-0.36216000000000004,
				0.596357
			],
			[
				-0.36116000000000004,
				0.597686
			],
			[
				-0.36016000000000004,
				0.599012
			],
			[
				-0.35916000000000003,
				0.600334
			],
			[
				-0.35816000000000003,
				0.601655
			],
			[
				-0.35716000000000003,
				0.602974
			],
			[
				-0.35616000000000003,
				0.604292
			],
			[
				-0.35,
				0.612417
			],
			[
				-0.34,
				0.625873
			],
			[
				-0.33,
				0.639494
			],
			[
				-0.32,
				0.653116
			],
			[
				-0.31,
				0.666737
			],
			[
				-0.3,
				0.680358
			],
			[
				-0.29,
				0.69398
			],
			[
				-0.28,
				0.707601
			],
			[
				-0.27,
				0.721223
			],
			[
				-0.26,
				0.734844
			],
			[
				-0.25,
				0.748465
			],
			[
				-0.24,
				0.762087
			],
			[
				-0.23,
				0.775708
			],
			[
				-0.22,
				0.78933
			],
			[
				-0.21,
				0.802951
			],
			[
				-0.2,
				0.816572
			],
			[
				-0.19,
				0.830194
			],
			[
				-0.18,
				0.843815
			],
			[
				-0.17,
				0.857436
			],
			[
				-0.16,
				0.871058
			],
			[
				-0.15,
				0.884679
			],
			[
				-0.14,
				0.898301
			],
			[
				-0.13,
				0.911922
			],
			[
				-0.12,
				0.925543
			],
			[
				-0.11,
				0.939165
			],
			[
				-0.1,
				0.952786
			],
			[
				-0.09,
				0.966408
			],
			[
				-0.08,
				0.980029
			],
			[
				-0.07,
				0.99365
			],
			[
				-0.06,
				1.00727
			],
			[
				-0.05,
				1.02089
			],
			[
				-0.04,
				1.03451
			],
			[
				-0.03,
				1.04814
			],
			[
				-0.02,
				1.06176
			],
			[
				-0.01,
				1.07538
			],
			[
				0.0,
				1.089
			]
		]
	}
}
