{
	"ID": 358,
	"name": "VACODYM_890TP_20C",
	"conductivity": 0.0,
	"relPermeability": 1.0,
	"remanence": 0.0,
	"linear": false,
	"BHCurve": {
		"default": [
			[
				-0.9187580000000001,
				0.0
			],
			[
				-0.91,
				0.0113463
			],
			[
				-0.9,
				0.0243023
			],
			[
				-0.89,
				0.0372582
			],
			[
				-0.88,
				0.0502142
			],
			[
				-0.87,
				0.0631702
			],
			[
				-0.86,
				0.0761262
			],
			[
				-0.85,
				0.0890821
			],
			[
				-0.84,
				0.102038
			],
			[
				-0.83,
				0.114994
			],
			[
				-0.82,
				0.12795
			],
			[
				-0.81,
				0.140906
			],
			[
				-0.8,
				0.153862
			],
			[
				-0.79,
				0.166818
			],
			[
				-0.78,
				0.179774
			],
			[
				-0.77,
				0.19273
			],
			[
				-0.76,
				0.205686
			],
			[
				-0.75,
				0.218642
			],
			[
				-0.74,
				0.231598
			],
			[
				-0.73,
				0.244554
			],
			[
				-0.72,
				0.25751
			],
			[
				-0.71,
				0.270466
			],
			[
				-0.7,
				0.283422
			],
			[
				-0.69,
				0.296378
			],
			[
				-0.68,
				0.309334
			],
			[
				-0.67,
				0.32229
			],
			[
				-0.66,
				0.335246
			],
			[
				-0.65,
				0.348202
			],
			[
				-0.64,
				0.361158
			],
			[
				-0.63,
				0.374114
			],
			[
				-0.62,
				0.38707
			],
			[
				-0.61,
				0.400026
			],
			[
				-0.6,
				0.412982
			],
			[
				-0.59,
				0.425937
			],
			[
				-0.58,
				0.438893
			],
			[
				-0.57,
				0.451849
			],
			[
				-0.56,
				0.464805
			],
			[
				-0.55,
				0.477761
			],
			[
				-0.54,
				0.490717
			],
			[
				-0.53,
				0.503673
			],
			[
				-0.52,
				0.516629
			],
			[
				-0.51,
				0.529585
			],
			[
				-0.5,
				0.542541
			],
			[
				-0.49,
				0.555497
			],
			[
				-0.48,
				0.568453
			],
			[
				-0.47,
				0.581409
			],
			[
				-0.46,
				0.594365
			],
			[
				-0.45,
				0.607321
			],
			[
				-0.44,
				0.620277
			],
			[
				-0.43,
				0.633233
			],
			[
				-0.42,
				0.646189
			],
			[
				-0.41,
				0.659145
			],
			[
				-0.4,
				0.672101
			],
			[
				-0.39,
				0.685057
			],
			[
				-0.38,
				0.698013
			],
			[
				-0.37,
				0.710969
			],
			[
				-0.36,
				0.723925
			],
			[
				-0.35,
				0.736881
			],
			[
				-0.34,
				0.749837
			],
			[
				-0.33,
				0.762793
			],
			[
				-0.32,
				0.775749
			],
			[
				-0.31,
				0.788705
			],
			[
				-0.3,
				0.801661
			],
			[
				-0.29,
				0.814617
			],
			[
				-0.28,
				0.827573
			],
			[
				-0.27,
				0.840529
			],
			[
				-0.26,
				0.853485
			],
			[
				-0.25,
				0.866441
			],
			[
				-0.24,
				0.879397
			],
			[
				-0.23,
				0.892353
			],
			[
				-0.22,
				0.905309
			],
			[
				-0.21,
				0.918265
			],
			[
				-0.2,
				0.931221
			],
			[
				-0.19,
				0.944176
			],
			[
				-0.18,
				0.957132
			],
			[
				-0.17,
				0.970088
			],
			[
				-0.16,
				0.983044
			],
			[
				-0.15,
				0.996
			],
			[
				-0.14,
				1.00896
			],
			[
				-0.13,
				1.02191
			],
			[
				-0.12,
				1.03487
			],
			[
				-0.11,
				1.04782
			],
			[
				-0.1,
				1.06078
			],
			[
				-0.09,
				1.07374
			],
			[
				-0.08,
				1.08669
			],
			[
				-0.07,
				1.09965
			],
			[
				-0.06,
				1.1126
			],
			[
				-0.05,
				1.12556
			],
			[
				-0.04,
				1.13852
			],
			[
				-0.03,
				1.15147
			],
			[
				-0.02,
				1.16443
			],
			[
				-0.01,
				1.17738
			],
			[
				0.0,
				1.19034
			]
		]
	}
}
