{
	"ID": 122,
	"name": "VACODYM_4020_100C",
	"conductivity": 0.0,
	"relPermeability": 1.0,
	"remanence": 0.0,
	"linear": false,
	"BHCurve": {
		"default": [
			[
				-0.853173,
				0.0
			],
			[
				-0.85239,
				0.00212806
			],
			[
				-0.85139,
				0.00475278
			],
			[
				-0.85039,
				0.00726501
			],
			[
				-0.84939,
				0.0096587
			],
			[
				-0.84839,
				0.0119831
			],
			[
				-0.84739,
				0.0142501
			],
			[
				-0.84639,
				0.0164631
			],
			[
				-0.84539,
				0.0186259
			],
			[
				-0.84439,
				0.0207418
			],
			[
				-0.84339,
				0.0228146
			],
			[
				-0.84239,
				0.0248476
			],
			[
				-0.84139,
				0.0268445
			],
			[
				-0.84039,
				0.0288088
			],
			[
				-0.83939,
				0.030744
			],
			[
				-0.83839,
				0.0326538
			],
			[
				-0.83739,
				0.0345416
			],
			[
				-0.83639,
				0.036411
			],
			[
				-0.83539,
				0.0382656
			],
			[
				-0.83439,
				0.0400991
			],
			[
				-0.83339,
				0.0419049
			],
			[
				-0.83239,
				0.0436847
			],
			[
				-0.83139,
				0.0454398
			],
			[
				-0.83039,
				0.0471719
			],
			[
				-0.82939,
				0.0488824
			],
			[
				-0.82839,
				0.050573
			],
			[
				-0.82739,
				0.0522452
			],
			[
				-0.82639,
				0.0539005
			],
			[
				-0.82539,
				0.0555404
			],
			[
				-0.82439,
				0.0571666
			],
			[
				-0.82339,
				0.0587805
			],
			[
				-0.82239,
				0.0603837
			],
			[
				-0.82139,
				0.0619777
			],
			[
				-0.82039,
				0.063564
			],
			[
				-0.81939,
				0.0651443
			],
			[
				-0.81839,
				0.06672
			],
			[
				-0.81739,
				0.0682927
			],
			[
				-0.81639,
				0.0698591
			],
			[
				-0.81539,
				0.0714138
			],
			[
				-0.81439,
				0.0729571
			],
			[
				-0.81339,
				0.0744895
			],
			[
				-0.81239,
				0.0760114
			],
			[
				-0.81139,
				0.0775233
			],
			[
				-0.8103899999999999,
				0.0790256
			],
			[
				-0.8093899999999999,
				0.0805189
			],
			[
				-0.8083899999999999,
				0.0820035
			],
			[
				-0.8073899999999999,
				0.0834801
			],
			[
				-0.8063899999999999,
				0.0849489
			],
			[
				-0.8053899999999999,
				0.0864105
			],
			[
				-0.8043899999999999,
				0.0878653
			],
			[
				-0.8033899999999999,
				0.0893139
			],
			[
				-0.8023899999999999,
				0.0907566
			],
			[
				-0.8013899999999999,
				0.0921939
			],
			[
				-0.8003899999999999,
				0.0936264
			],
			[
				-0.7993899999999999,
				0.0950544
			],
			[
				-0.7983899999999999,
				0.0964782
			],
			[
				-0.7973899999999999,
				0.097898
			],
			[
				-0.7963899999999999,
				0.0993137
			],
			[
				-0.79539,
				0.100725
			],
			[
				-0.79439,
				0.102133
			],
			[
				-0.79339,
				0.103537
			],
			[
				-0.79239,
				0.104938
			],
			[
				-0.79139,
				0.106334
			],
			[
				-0.79039,
				0.107727
			],
			[
				-0.78939,
				0.109117
			],
			[
				-0.78839,
				0.110503
			],
			[
				-0.78739,
				0.111886
			],
			[
				-0.78639,
				0.113265
			],
			[
				-0.78539,
				0.114642
			],
			[
				-0.78439,
				0.116015
			],
			[
				-0.78339,
				0.117385
			],
			[
				-0.78239,
				0.118752
			],
			[
				-0.78139,
				0.120117
			],
			[
				-0.78039,
				0.121478
			],
			[
				-0.77939,
				0.122837
			],
			[
				-0.77839,
				0.124193
			],
			[
				-0.77739,
				0.125547
			],
			[
				-0.77639,
				0.126898
			],
			[
				-0.77539,
				0.128247
			],
			[
				-0.77439,
				0.129594
			],
			[
				-0.77339,
				0.130938
			],
			[
				-0.77239,
				0.13228
			],
			[
				-0.77139,
				0.13362
			],
			[
				-0.77039,
				0.134958
			],
			[
				-0.76939,
				0.136294
			],
			[
				-0.76839,
				0.137628
			],
			[
				-0.76739,
				0.138961
			],
			[
				-0.76639,
				0.140291
			],
			[
				-0.76539,
				0.141621
			],
			[
				-0.76439,
				0.142948
			],
			[
				-0.76339,
				0.144274
			],
			[
				-0.76239,
				0.145599
			],
			[
				-0.76139,
				0.146923
			],
			[
				-0.76039,
				0.148245
			],
			[
				-0.75939,
				0.149566
			],
			[
				-0.75839,
				0.150886
			],
			[
				-0.75739,
				0.152205
			],
			[
				-0.75639,
				0.153524
			],
			[
				-0.75539,
				0.154841
			],
			[
				-0.75439,
				0.156158
			],
			[
				-0.75339,
				0.157474
			],
			[
				-0.75239,
				0.158789
			],
			[
				-0.75139,
				0.160104
			],
			[
				-0.75039,
				0.161418
			],
			[
				-0.74939,
				0.162732
			],
			[
				-0.74839,
				0.164046
			],
			[
				-0.74739,
				0.16536
			],
			[
				-0.74639,
				0.166673
			],
			[
				-0.74539,
				0.167987
			],
			[
				-0.74439,
				0.1693
			],
			[
				-0.74339,
				0.170614
			],
			[
				-0.74239,
				0.171928
			],
			[
				-0.74139,
				0.173242
			],
			[
				-0.74039,
				0.174556
			],
			[
				-0.73939,
				0.175871
			],
			[
				-0.73839,
				0.177187
			],
			[
				-0.73739,
				0.178503
			],
			[
				-0.73639,
				0.179819
			],
			[
				-0.73539,
				0.181137
			],
			[
				-0.73439,
				0.182455
			],
			[
				-0.73339,
				0.183774
			],
			[
				-0.73239,
				0.185094
			],
			[
				-0.73139,
				0.186415
			],
			[
				-0.73039,
				0.187738
			],
			[
				-0.72939,
				0.189061
			],
			[
				-0.72839,
				0.190386
			],
			[
				-0.72739,
				0.191712
			],
			[
				-0.72639,
				0.19304
			],
			[
				-0.72539,
				0.194369
			],
			[
				-0.72439,
				0.1957
			],
			[
				-0.72339,
				0.197033
			],
			[
				-0.72239,
				0.198367
			],
			[
				-0.72139,
				0.199703
			],
			[
				-0.72039,
				0.201041
			],
			[
				-0.71939,
				0.202381
			],
			[
				-0.71839,
				0.203723
			],
			[
				-0.71739,
				0.205064
			],
			[
				-0.71639,
				0.206406
			],
			[
				-0.71,
				0.214978
			],
			[
				-0.7,
				0.228391
			],
			[
				-0.69,
				0.241805
			],
			[
				-0.68,
				0.255219
			],
			[
				-0.67,
				0.268633
			],
			[
				-0.66,
				0.282047
			],
			[
				-0.65,
				0.295461
			],
			[
				-0.64,
				0.308874
			],
			[
				-0.63,
				0.322288
			],
			[
				-0.62,
				0.335702
			],
			[
				-0.61,
				0.349116
			],
			[
				-0.6,
				0.36253
			],
			[
				-0.59,
				0.375944
			],
			[
				-0.58,
				0.389357
			],
			[
				-0.57,
				0.402771
			],
			[
				-0.56,
				0.416185
			],
			[
				-0.55,
				0.429599
			],
			[
				-0.54,
				0.443013
			],
			[
				-0.53,
				0.456427
			],
			[
				-0.52,
				0.469841
			],
			[
				-0.51,
				0.483254
			],
			[
				-0.5,
				0.496668
			],
			[
				-0.49,
				0.510082
			],
			[
				-0.48,
				0.523496
			],
			[
				-0.47,
				0.53691
			],
			[
				-0.46,
				0.550324
			],
			[
				-0.45,
				0.563737
			],
			[
				-0.44,
				0.577151
			],
			[
				-0.43,
				0.590565
			],
			[
				-0.42,
				0.603979
			],
			[
				-0.41,
				0.617393
			],
			[
				-0.4,
				0.630807
			],
			[
				-0.39,
				0.64422
			],
			[
				-0.38,
				0.657634
			],
			[
				-0.37,
				0.671048
			],
			[
				-0.36,
				0.684462
			],
			[
				-0.35,
				0.697876
			],
			[
				-0.34,
				0.71129
			],
			[
				-0.33,
				0.724703
			],
			[
				-0.32,
				0.738117
			],
			[
				-0.31,
				0.751531
			],
			[
				-0.3,
				0.764945
			],
			[
				-0.29,
				0.778359
			],
			[
				-0.28,
				0.791773
			],
			[
				-0.27,
				0.805186
			],
			[
				-0.26,
				0.8186
			],
			[
				-0.25,
				0.832014
			],
			[
				-0.24,
				0.845428
			],
			[
				-0.23,
				0.858842
			],
			[
				-0.22,
				0.872256
			],
			[
				-0.21,
				0.885669
			],
			[
				-0.2,
				0.899083
			],
			[
				-0.19,
				0.912497
			],
			[
				-0.18,
				0.925911
			],
			[
				-0.17,
				0.939325
			],
			[
				-0.16,
				0.952739
			],
			[
				-0.15,
				0.966152
			],
			[
				-0.14,
				0.979566
			],
			[
				-0.13,
				0.99298
			],
			[
				-0.12,
				1.00639
			],
			[
				-0.11,
				1.01981
			],
			[
				-0.1,
				1.03322
			],
			[
				-0.09,
				1.04664
			],
			[
				-0.08,
				1.06005
			],
			[
				-0.07,
				1.07346
			],
			[
				-0.06,
				1.08688
			],
			[
				-0.05,
				1.10029
			],
			[
				-0.04,
				1.1137
			],
			[
				-0.03,
				1.12712
			],
