{
	"ID": 314,
	"name": "VACODYM_872AP_100C",
	"conductivity": 0.0,
	"relPermeability": 0.0,
	"remanence": "no information",
	"linear": false,
	"BHCurve": {
		"default": [
			[
				-0.806279,
				0.0
			],
			[
				-0.8,
				0.00842308
			],
			[
				-0.79,
				0.0218369
			],
			[
				-0.78,
				0.0352508
			],
			[
				-0.77,
				0.0486646
			],
			[
				-0.76,
				0.0620784
			],
			[
				-0.75,
				0.0754923
			],
			[
				-0.74,
				0.0889061
			],
			[
				-0.73,
				0.10232
			],
			[
				-0.72,
				0.115734
			],
			[
				-0.71,
				0.129148
			],
			[
				-0.7,
				0.142561
			],
			[
				-0.69,
				0.155975
			],
			[
				-0.68,
				0.169389
			],
			[
				-0.67,
				0.182803
			],
			[
				-0.66,
				0.196217
			],
			[
				-0.65,
				0.209631
			],
			[
				-0.64,
				0.223044
			],
			[
				-0.63,
				0.236458
			],
			[
				-0.62,
				0.249872
			],
			[
				-0.61,
				0.263286
			],
			[
				-0.6,
				0.2767
			],
			[
				-0.59,
				0.290114
			],
			[
				-0.58,
				0.303527
			],
			[
				-0.57,
				0.316941
			],
			[
				-0.56,
				0.330355
			],
			[
				-0.55,
				0.343769
			],
			[
				-0.54,
				0.357183
			],
			[
				-0.53,
				0.370597
			],
			[
				-0.52,
				0.384011
			],
			[
				-0.51,
				0.397424
			],
			[
				-0.5,
				0.410838
			],
			[
				-0.49,
				0.424252
			],
			[
				-0.48,
				0.437666
			],
			[
				-0.47,
				0.45108
			],
			[
				-0.46,
				0.464494
			],
			[
				-0.45,
				0.477907
			],
			[
				-0.44,
				0.491321
			],
			[
				-0.43,
				0.504735
			],
			[
				-0.42,
				0.518149
			],
			[
				-0.41,
				0.531563
			],
			[
				-0.4,
				0.544977
			],
			[
				-0.39,
				0.55839
			],
			[
				-0.38,
				0.571804
			],
			[
				-0.37,
				0.585218
			],
			[
				-0.36,
				0.598632
			],
			[
				-0.35,
				0.612046
			],
			[
				-0.34,
				0.62546
			],
			[
				-0.33,
				0.638873
			],
			[
				-0.32,
				0.652287
			],
			[
				-0.31,
				0.665701
			],
			[
				-0.3,
				0.679115
			],
			[
				-0.29,
				0.692529
			],
			[
				-0.28,
				0.705943
			],
			[
				-0.27,
				0.719356
			],
			[
				-0.26,
				0.73277
			],
			[
				-0.25,
				0.746184
			],
			[
				-0.24,
				0.759598
			],
			[
				-0.23,
				0.773012
			],
			[
				-0.22,
				0.786426
			],
			[
				-0.21,
				0.799839
			],
			[
				-0.2,
				0.813253
			],
			[
				-0.19,
				0.826667
			],
			[
				-0.18,
				0.840081
			],
			[
				-0.17,
				0.853495
			],
			[
				-0.16,
				0.866909
			],
			[
				-0.15,
				0.880322
			],
			[
				-0.14,
				0.893736
			],
			[
				-0.13,
				0.90715
			],
			[
				-0.12,
				0.920564
			],
			[
				-0.11,
				0.933978
			],
			[
				-0.1,
				0.947392
			],
			[
				-0.09,
				0.960805
			],
			[
				-0.08,
				0.974219
			],
			[
				-0.07,
				0.987633
			],
			[
				-0.06,
				1.00105
			],
			[
				-0.05,
				1.01446
			],
			[
				-0.04,
				1.02787
			],
			[
				-0.03,
				1.04129
			],
			[
				-0.02,
				1.0547
			],
			[
				-0.01,
				1.06812
			],
			[
				0.0,
				1.08153
			]
		]
	}
}
