{
	"ID": 308,
	"name": "VACODYM_863TP_150C",
	"conductivity": 0.0,
	"relPermeability": 1.0,
	"remanence": 0.0,
	"linear": false,
	"BHCurve": {
		"default": [
			[
				-0.742657,
				0.0
			],
			[
				-0.742436,
				0.0106002
			],
			[
				-0.741436,
				0.0352772
			],
			[
				-0.740436,
				0.0457121
			],
			[
				-0.739436,
				0.0528259
			],
			[
				-0.738436,
				0.0585177
			],
			[
				-0.737436,
				0.0637038
			],
			[
				-0.7364360000000001,
				0.0680247
			],
			[
				-0.7354360000000001,
				0.0718879
			],
			[
				-0.7344360000000001,
				0.075635
			],
			[
				-0.7334360000000001,
				0.0791973
			],
			[
				-0.7324360000000001,
				0.0825817
			],
			[
				-0.7314360000000001,
				0.0858233
			],
			[
				-0.7304360000000001,
				0.0889574
			],
			[
				-0.7294360000000001,
				0.0920191
			],
			[
				-0.7284360000000001,
				0.0950436
			],
			[
				-0.7274360000000001,
				0.0980508
			],
			[
				-0.7264360000000001,
				0.10102
			],
			[
				-0.7254360000000001,
				0.10393
			],
			[
				-0.7244360000000001,
				0.106761
			],
			[
				-0.7234360000000001,
				0.109494
			],
			[
				-0.7224360000000001,
				0.112108
			],
			[
				-0.7214360000000001,
				0.114586
			],
			[
				-0.7204360000000001,
				0.116968
			],
			[
				-0.7194360000000001,
				0.119286
			],
			[
				-0.7184360000000001,
				0.121542
			],
			[
				-0.7174360000000001,
				0.123742
			],
			[
				-0.7164360000000001,
				0.125889
			],
			[
				-0.7154360000000001,
				0.127988
			],
			[
				-0.7144360000000001,
				0.130044
			],
			[
				-0.7134360000000001,
				0.132059
			],
			[
				-0.7124360000000001,
				0.13404
			],
			[
				-0.7114360000000001,
				0.135989
			],
			[
				-0.7104360000000001,
				0.137912
			],
			[
				-0.7094360000000001,
				0.139812
			],
			[
				-0.7084360000000001,
				0.141694
			],
			[
				-0.7074360000000001,
				0.143555
			],
			[
				-0.7064360000000001,
				0.145385
			],
			[
				-0.7054360000000001,
				0.147186
			],
			[
				-0.7044360000000001,
				0.148959
			],
			[
				-0.7034360000000001,
				0.150707
			],
			[
				-0.7024360000000001,
				0.15243
			],
			[
				-0.7014360000000001,
				0.154132
			],
			[
				-0.7004360000000001,
				0.155814
			],
			[
				-0.6994360000000001,
				0.157477
			],
			[
				-0.6984360000000001,
				0.159124
			],
			[
				-0.6974360000000001,
				0.160757
			],
			[
				-0.696436,
				0.162377
			],
			[
				-0.695436,
				0.163986
			],
			[
				-0.694436,
				0.165586
			],
			[
				-0.693436,
				0.16718
			],
			[
				-0.692436,
				0.168768
			],
			[
				-0.691436,
				0.170353
			],
			[
				-0.690436,
				0.171929
			],
			[
				-0.689436,
				0.173491
			],
			[
				-0.688436,
				0.175041
			],
			[
				-0.687436,
				0.176578
			],
			[
				-0.686436,
				0.178104
			],
			[
				-0.685436,
				0.179619
			],
			[
				-0.684436,
				0.181124
			],
			[
				-0.683436,
				0.182619
			],
			[
				-0.682436,
				0.184105
			],
			[
				-0.681436,
				0.185582
			],
			[
				-0.680436,
				0.187051
			],
			[
				-0.679436,
				0.188513
			],
			[
				-0.678436,
				0.189968
			],
			[
				-0.677436,
				0.191417
			],
			[
				-0.676436,
				0.19286
			],
			[
				-0.675436,
				0.194298
			],
			[
				-0.674436,
				0.195732
			],
			[
				-0.673436,
				0.19716
			],
			[
				-0.672436,
				0.198584
			],
			[
				-0.671436,
				0.200004
			],
			[
				-0.670436,
				0.201419
			],
			[
				-0.669436,
				0.202829
			],
			[
				-0.668436,
				0.204235
			],
			[
				-0.667436,
				0.205636
			],
			[
				-0.666436,
				0.207034
			],
			[
				-0.665436,
				0.208427
			],
			[
				-0.664436,
				0.209817
			],
			[
				-0.663436,
				0.211203
			],
			[
				-0.662436,
				0.212585
			],
			[
				-0.661436,
				0.213963
			],
			[
				-0.660436,
				0.215338
			],
			[
				-0.659436,
				0.21671
			],
			[
				-0.658436,
				0.218078
			],
			[
				-0.657436,
				0.219443
			],
			[
				-0.656436,
				0.220805
			],
			[
				-0.655436,
				0.222164
			],
			[
				-0.654436,
				0.223521
			],
			[
				-0.653436,
				0.224874
			],
			[
				-0.652436,
				0.226225
			],
			[
				-0.651436,
				0.227574
			],
			[
				-0.650436,
				0.22892
			],
			[
				-0.649436,
				0.230264
			],
			[
				-0.648436,
				0.231606
			],
			[
				-0.647436,
				0.232945
			],
			[
				-0.646436,
				0.234283
			],
			[
				-0.645436,
				0.235619
			],
			[
				-0.644436,
				0.236953
			],
			[
				-0.643436,
				0.238286
			],
			[
				-0.642436,
				0.239617
			],
			[
				-0.641436,
				0.240947
			],
			[
				-0.640436,
				0.242275
			],
			[
				-0.639436,
				0.243602
			],
			[
				-0.638436,
				0.244929
			],
			[
				-0.637436,
				0.246254
			],
			[
				-0.636436,
				0.247578
			],
			[
				-0.635436,
				0.248902
			],
			[
				-0.634436,
				0.250225
			],
			[
				-0.633436,
				0.251548
			],
			[
				-0.632436,
				0.25287
			],
			[
				-0.631436,
				0.254192
			],
			[
				-0.630436,
				0.255513
			],
			[
				-0.629436,
				0.256835
			],
			[
				-0.628436,
				0.258157
			],
			[
				-0.627436,
				0.259479
			],
			[
				-0.626436,
				0.260801
			],
			[
				-0.625436,
				0.262123
			],
			[
				-0.624436,
				0.263446
			],
			[
				-0.623436,
				0.26477
			],
			[
				-0.622436,
				0.266094
			],
			[
				-0.621436,
				0.267419
			],
			[
				-0.620436,
				0.268745
			],
			[
				-0.619436,
				0.270072
			],
			[
				-0.618436,
				0.271401
			],
			[
				-0.617436,
				0.27273
			],
			[
				-0.616436,
				0.274061
			],
			[
				-0.615436,
				0.275393
			],
			[
				-0.614436,
				0.276727
			],
			[
				-0.613436,
				0.278063
			],
			[
				-0.612436,
				0.2794
			],
			[
				-0.61,
				0.282667
			],
			[
				-0.6,
				0.296154
			],
			[
				-0.59,
				0.30965
			],
			[
				-0.58,
				0.323145
			],
			[
				-0.57,
				0.336641
			],
			[
				-0.56,
				0.350137
			],
			[
				-0.55,
				0.363632
			],
			[
				-0.54,
				0.377128
			],
			[
				-0.53,
				0.390623
			],
			[
				-0.52,
				0.404119
			],
			[
				-0.51,
				0.417615
			],
			[
				-0.5,
				0.43111
			],
			[
				-0.49,
				0.444606
			],
			[
				-0.48,
				0.458101
			],
			[
				-0.47,
				0.471597
			],
			[
				-0.46,
				0.485093
			],
			[
				-0.45,
				0.498588
			],
			[
				-0.44,
				0.512084
			],
			[
				-0.43,
				0.525579
			],
			[
				-0.42,
				0.539075
			],
			[
				-0.41,
				0.552571
			],
			[
				-0.4,
				0.566066
			],
			[
				-0.39,
				0.579562
			],
			[
				-0.38,
				0.593057
			],
			[
				-0.37,
				0.606553
			],
			[
				-0.36,
				0.620048
			],
			[
				-0.35,
				0.633544
			],
			[
				-0.34,
				0.64704
			],
			[
				-0.33,
				0.660535
			],
			[
				-0.32,
				0.674031
			],
			[
				-0.31,
				0.687526
			],
			[
				-0.3,
				0.701022
			],
			[
				-0.29,
				0.714518
			],
			[
				-0.28,
				0.728013
			],
			[
				-0.27,
				0.741509
			],
			[
				-0.26,
				0.755004
			],
			[
				-0.25,
				0.7685
			],
			[
				-0.24,
				0.781996
			],
			[
				-0.23,
				0.795491
			],
			[
				-0.22,
				0.808987
			],
			[
				-0.21,
				0.822482
			],
			[
				-0.2,
				0.835978
			],
			[
				-0.19,
				0.849474
			],
			[
				-0.18,
				0.862969
			],
			[
				-0.17,
				0.876465
			],
			[
				-0.16,
				0.88996
			],
			[
				-0.15,
				0.903456
			],
			[
				-0.14,
				0.916952
			],
			[
				-0.13,
				0.930447
			],
			[
				-0.12,
				0.943943
			],
			[
				-0.11,
				0.957438
			],
			[
				-0.1,
				0.970934
			],
			[
				-0.09,
				0.98443
			],
			[
				-0.08,
				0.997925
			],
			[
				-0.07,
				1.01142
			],
			[
				-0.06,
				1.02492
			],
			[
				-0.05,
				1.03841
			],
			[
				-0.04,
				1.05191
			],
			[
				-0.03,
				1.0654
			],
			[
				-0.02,
				1.0789
			],
			[
				-0.01,
				1.09239
			],
			[
				0.0,
				1.10589
			]
		]
	}
}
