{
	"ID": 204,
	"name": "VACODYM_764AP_100C",
	"conductivity": 0.0,
	"relPermeability": 1.0,
	"remanence": 0.0,
	"linear": false,
	"BHCurve": {
		"default": [
			[
				-0.656856,
				0.0
			],
			[
				-0.656423,
				0.0196802
			],
			[
				-0.655423,
				0.0651847
			],
			[
				-0.654423,
				0.110689
			],
			[
				-0.653423,
				0.16006
			],
			[
				-0.652423,
				0.212512
			],
			[
				-0.651423,
				0.239144
			],
			[
				-0.650423,
				0.249827
			],
			[
				-0.649423,
				0.256967
			],
			[
				-0.648423,
				0.262845
			],
			[
				-0.647423,
				0.267913
			],
			[
				-0.646423,
				0.272161
			],
			[
				-0.645423,
				0.2761
			],
			[
				-0.644423,
				0.279882
			],
			[
				-0.643423,
				0.283446
			],
			[
				-0.642423,
				0.286835
			],
			[
				-0.641423,
				0.290092
			],
			[
				-0.640423,
				0.293263
			],
			[
				-0.639423,
				0.296392
			],
			[
				-0.638423,
				0.299497
			],
			[
				-0.637423,
				0.302555
			],
			[
				-0.636423,
				0.305538
			],
			[
				-0.635423,
				0.308422
			],
			[
				-0.634423,
				0.31118
			],
			[
				-0.633423,
				0.313788
			],
			[
				-0.632423,
				0.316259
			],
			[
				-0.631423,
				0.318653
			],
			[
				-0.630423,
				0.320976
			],
			[
				-0.629423,
				0.323234
			],
			[
				-0.628423,
				0.325431
			],
			[
				-0.627423,
				0.327574
			],
			[
				-0.626423,
				0.329667
			],
			[
				-0.625423,
				0.331716
			],
			[
				-0.624423,
				0.333725
			],
			[
				-0.623423,
				0.335701
			],
			[
				-0.622423,
				0.337648
			],
			[
				-0.621423,
				0.339573
			],
			[
				-0.620423,
				0.341475
			],
			[
				-0.6194230000000001,
				0.343342
			],
			[
				-0.6184230000000001,
				0.345176
			],
			[
				-0.617423,
				0.346978
			],
			[
				-0.616423,
				0.348751
			],
			[
				-0.615423,
				0.350497
			],
			[
				-0.614423,
				0.352218
			],
			[
				-0.613423,
				0.353917
			],
			[
				-0.612423,
				0.355596
			],
			[
				-0.611423,
				0.357257
			],
			[
				-0.610423,
				0.358903
			],
			[
				-0.609423,
				0.360536
			],
			[
				-0.608423,
				0.362158
			],
			[
				-0.607423,
				0.363772
			],
			[
				-0.606423,
				0.365379
			],
			[
				-0.605423,
				0.366983
			],
			[
				-0.604423,
				0.368574
			],
			[
				-0.603423,
				0.370152
			],
			[
				-0.602423,
				0.371715
			],
			[
				-0.601423,
				0.373265
			],
			[
				-0.600423,
				0.374802
			],
			[
				-0.599423,
				0.376327
			],
			[
				-0.598423,
				0.377841
			],
			[
				-0.597423,
				0.379343
			],
			[
				-0.596423,
				0.380835
			],
			[
				-0.595423,
				0.382317
			],
			[
				-0.594423,
				0.383789
			],
			[
				-0.593423,
				0.385253
			],
			[
				-0.592423,
				0.386709
			],
			[
				-0.591423,
				0.388156
			],
			[
				-0.590423,
				0.389597
			],
			[
				-0.589423,
				0.391031
			],
			[
				-0.588423,
				0.392459
			],
			[
				-0.587423,
				0.39388
			],
			[
				-0.586423,
				0.395296
			],
			[
				-0.585423,
				0.396705
			],
			[
				-0.584423,
				0.398109
			],
			[
				-0.583423,
				0.399508
			],
			[
				-0.582423,
				0.400901
			],
			[
				-0.581423,
				0.402289
			],
			[
				-0.580423,
				0.403672
			],
			[
				-0.579423,
				0.405051
			],
			[
				-0.578423,
				0.406424
			],
			[
				-0.577423,
				0.407793
			],
			[
				-0.576423,
				0.409158
			],
			[
				-0.575423,
				0.410519
			],
			[
				-0.574423,
				0.411875
			],
			[
				-0.573423,
				0.413228
			],
			[
				-0.572423,
				0.414577
			],
			[
				-0.571423,
				0.415923
			],
			[
				-0.570423,
				0.417265
			],
			[
				-0.569423,
				0.418604
			],
			[
				-0.568423,
				0.41994
			],
			[
				-0.567423,
				0.421273
			],
			[
				-0.566423,
				0.422603
			],
			[
				-0.565423,
				0.423931
			],
			[
				-0.564423,
				0.425256
			],
			[
				-0.563423,
				0.42658
			],
			[
				-0.562423,
				0.427901
			],
			[
				-0.561423,
				0.42922
			],
			[
				-0.560423,
				0.430538
			],
			[
				-0.559423,
				0.431854
			],
			[
				-0.558423,
				0.433169
			],
			[
				-0.557423,
				0.434482
			],
			[
				-0.556423,
				0.435795
			],
			[
				-0.555423,
				0.437106
			],
			[
				-0.554423,
				0.438417
			],
			[
				-0.553423,
				0.439727
			],
			[
				-0.552423,
				0.441037
			],
			[
				-0.551423,
				0.442347
			],
			[
				-0.550423,
				0.443656
			],
			[
				-0.549423,
				0.444966
			],
			[
				-0.548423,
				0.446276
			],
			[
				-0.547423,
				0.447586
			],
			[
				-0.546423,
				0.448897
			],
			[
				-0.545423,
				0.450209
			],
			[
				-0.544423,
				0.451522
			],
			[
				-0.543423,
				0.452835
			],
			[
				-0.542423,
				0.45415
			],
			[
				-0.541423,
				0.455467
			],
			[
				-0.540423,
				0.456785
			],
			[
				-0.54,
				0.457343
			],
			[
				-0.53,
				0.470653
			],
			[
				-0.52,
				0.484067
			],
			[
				-0.51,
				0.497481
			],
			[
				-0.5,
				0.510895
			],
			[
				-0.49,
				0.524309
			],
			[
				-0.48,
				0.537722
			],
			[
				-0.47,
				0.551136
			],
			[
				-0.46,
				0.56455
			],
			[
				-0.45,
				0.577964
			],
			[
				-0.44,
				0.591378
			],
			[
				-0.43,
				0.604792
			],
			[
				-0.42,
				0.618205
			],
			[
				-0.41,
				0.631619
			],
			[
				-0.4,
				0.645033
			],
			[
				-0.39,
				0.658447
			],
			[
				-0.38,
				0.671861
			],
			[
				-0.37,
				0.685275
			],
			[
				-0.36,
				0.698688
			],
			[
				-0.35,
				0.712102
			],
			[
				-0.34,
				0.725516
			],
			[
				-0.33,
				0.73893
			],
			[
				-0.32,
				0.752344
			],
			[
				-0.31,
				0.765758
			],
			[
				-0.3,
				0.779172
			],
			[
				-0.29,
				0.792585
			],
			[
				-0.28,
				0.805999
			],
			[
				-0.27,
				0.819413
			],
			[
				-0.26,
				0.832827
			],
			[
				-0.25,
				0.846241
			],
			[
				-0.24,
				0.859655
			],
			[
				-0.23,
				0.873068
			],
			[
				-0.22,
				0.886482
			],
			[
				-0.21,
				0.899896
			],
			[
				-0.2,
				0.91331
			],
			[
				-0.19,
				0.926724
			],
			[
				-0.18,
				0.940138
			],
			[
				-0.17,
				0.953551
			],
			[
				-0.16,
				0.966965
			],
			[
				-0.15,
				0.980379
			],
			[
				-0.14,
				0.993793
			],
			[
				-0.13,
				1.00721
			],
			[
				-0.12,
				1.02062
			],
			[
				-0.11,
				1.03403
			],
			[
				-0.1,
				1.04745
			],
			[
				-0.09,
				1.06086
			],
			[
				-0.08,
				1.07428
			],
			[
				-0.07,
				1.08769
			],
			[
				-0.06,
				1.1011
			],
			[
				-0.05,
				1.11452
			],
			[
				-0.04,
				1.12793
			],
			[
				-0.03,
				1.14135
			],
			[
				-0.02,
				1.15476
			],
			[
				-0.01,
				1.16817
			],
			[
				0.0,
				1.18159
			]
		]
	}
}
