{
	"ID": 165,
	"name": "VACODYM_669TP_180C",
	"conductivity": 0.0,
	"relPermeability": 0.0,
	"remanence": "no information",
	"linear": false,
	"BHCurve": {
		"default": [
			[
				-0.525251,
				0.0
			],
			[
				-0.5242910000000001,
				0.0372221
			],
			[
				-0.5232910000000001,
				0.0759925
			],
			[
				-0.5222910000000001,
				0.114763
			],
			[
				-0.5212910000000001,
				0.153641
			],
			[
				-0.5202910000000001,
				0.198687
			],
			[
				-0.5192910000000001,
				0.236093
			],
			[
				-0.5182910000000001,
				0.251463
			],
			[
				-0.5172910000000001,
				0.260711
			],
			[
				-0.516291,
				0.267598
			],
			[
				-0.515291,
				0.273103
			],
			[
				-0.514291,
				0.277645
			],
			[
				-0.513291,
				0.281922
			],
			[
				-0.512291,
				0.285902
			],
			[
				-0.511291,
				0.289632
			],
			[
				-0.510291,
				0.293184
			],
			[
				-0.509291,
				0.296633
			],
			[
				-0.508291,
				0.300041
			],
			[
				-0.507291,
				0.303395
			],
			[
				-0.506291,
				0.306648
			],
			[
				-0.505291,
				0.309755
			],
			[
				-0.504291,
				0.312672
			],
			[
				-0.503291,
				0.315375
			],
			[
				-0.502291,
				0.317956
			],
			[
				-0.501291,
				0.32044
			],
			[
				-0.500291,
				0.322835
			],
			[
				-0.499291,
				0.325149
			],
			[
				-0.498291,
				0.327391
			],
			[
				-0.497291,
				0.32957
			],
			[
				-0.496291,
				0.331694
			],
			[
				-0.495291,
				0.333772
			],
			[
				-0.494291,
				0.335811
			],
			[
				-0.493291,
				0.33782
			],
			[
				-0.492291,
				0.339782
			],
			[
				-0.491291,
				0.341699
			],
			[
				-0.490291,
				0.343573
			],
			[
				-0.489291,
				0.345407
			],
			[
				-0.488291,
				0.347207
			],
			[
				-0.487291,
				0.348976
			],
			[
				-0.486291,
				0.350717
			],
			[
				-0.485291,
				0.352434
			],
			[
				-0.48429099999999997,
				0.354132
			],
			[
				-0.48329099999999997,
				0.355813
			],
			[
				-0.48229099999999997,
				0.357483
			],
			[
				-0.481291,
				0.359144
			],
			[
				-0.480291,
				0.360795
			],
			[
				-0.479291,
				0.362427
			],
			[
				-0.478291,
				0.364038
			],
			[
				-0.477291,
				0.365632
			],
			[
				-0.476291,
				0.367207
			],
			[
				-0.475291,
				0.368766
			],
			[
				-0.474291,
				0.37031
			],
			[
				-0.473291,
				0.371839
			],
			[
				-0.472291,
				0.373354
			],
			[
				-0.471291,
				0.374857
			],
			[
				-0.470291,
				0.376348
			],
			[
				-0.469291,
				0.377829
			],
			[
				-0.468291,
				0.379301
			],
			[
				-0.467291,
				0.380763
			],
			[
				-0.466291,
				0.382216
			],
			[
				-0.465291,
				0.383662
			],
			[
				-0.464291,
				0.385099
			],
			[
				-0.463291,
				0.386528
			],
			[
				-0.462291,
				0.38795
			],
			[
				-0.461291,
				0.389364
			],
			[
				-0.460291,
				0.390772
			],
			[
				-0.459291,
				0.392173
			],
			[
				-0.458291,
				0.393567
			],
			[
				-0.457291,
				0.394956
			],
			[
				-0.456291,
				0.396338
			],
			[
				-0.455291,
				0.397715
			],
			[
				-0.454291,
				0.399087
			],
			[
				-0.453291,
				0.400454
			],
			[
				-0.452291,
				0.401816
			],
			[
				-0.451291,
				0.403174
			],
			[
				-0.450291,
				0.404528
			],
			[
				-0.449291,
				0.405878
			],
			[
				-0.448291,
				0.407225
			],
			[
				-0.447291,
				0.408568
			],
			[
				-0.446291,
				0.409908
			],
			[
				-0.445291,
				0.411246
			],
			[
				-0.444291,
				0.412581
			],
			[
				-0.443291,
				0.413915
			],
			[
				-0.442291,
				0.415246
			],
			[
				-0.441291,
				0.416576
			],
			[
				-0.440291,
				0.417905
			],
			[
				-0.439291,
				0.419233
			],
			[
				-0.438291,
				0.42056
			],
			[
				-0.437291,
				0.421887
			],
			[
				-0.436291,
				0.423214
			],
			[
				-0.435291,
				0.424541
			],
			[
				-0.434291,
				0.425869
			],
			[
				-0.43,
				0.431578
			],
			[
				-0.42,
				0.445066
			],
			[
				-0.41,
				0.458686
			],
			[
				-0.4,
				0.472306
			],
			[
				-0.39,
				0.485926
			],
			[
				-0.38,
				0.499546
			],
			[
				-0.37,
				0.513167
			],
			[
				-0.36,
				0.526787
			],
			[
				-0.35,
				0.540407
			],
			[
				-0.34,
				0.554027
			],
			[
				-0.33,
				0.567647
			],
			[
				-0.32,
				0.581267
			],
			[
				-0.31,
				0.594887
			],
			[
				-0.3,
				0.608507
			],
			[
				-0.29,
				0.622128
			],
			[
				-0.28,
				0.635748
			],
			[
				-0.27,
				0.649368
			],
			[
				-0.26,
				0.662988
			],
			[
				-0.25,
				0.676608
			],
			[
				-0.24,
				0.690228
			],
			[
				-0.23,
				0.703848
			],
			[
				-0.22,
				0.717468
			],
			[
				-0.21,
				0.731089
			],
			[
				-0.2,
				0.744709
			],
			[
				-0.19,
				0.758329
			],
			[
				-0.18,
				0.771949
			],
			[
				-0.17,
				0.785569
			],
			[
				-0.16,
				0.799189
			],
			[
				-0.15,
				0.812809
			],
			[
				-0.14,
				0.826429
			],
			[
				-0.13,
				0.84005
			],
			[
				-0.12,
				0.85367
			],
			[
				-0.11,
				0.86729
			],
			[
				-0.1,
				0.88091
			],
			[
				-0.09,
				0.89453
			],
			[
				-0.08,
				0.90815
			],
			[
				-0.07,
				0.92177
			],
			[
				-0.06,
				0.935391
			],
			[
				-0.05,
				0.949011
			],
			[
				-0.04,
				0.962631
			],
			[
				-0.03,
				0.976251
			],
			[
				-0.02,
				0.989871
			],
			[
				-0.01,
				1.00349
			],
			[
				0.0,
				1.01711
			]
		]
	}
}
