{
	"ID": 346,
	"name": "VACODYM_890AP_120C",
	"conductivity": 0.0,
	"relPermeability": 1.0,
	"remanence": 0.0,
	"linear": false,
	"BHCurve": {
		"default": [
			[
				-0.745448,
				0.0
			],
			[
				-0.74,
				0.0073527
			],
			[
				-0.73,
				0.0208496
			],
			[
				-0.72,
				0.0343464
			],
			[
				-0.71,
				0.0478433
			],
			[
				-0.7,
				0.0613401
			],
			[
				-0.69,
				0.074837
			],
			[
				-0.68,
				0.0883338
			],
			[
				-0.67,
				0.101831
			],
			[
				-0.66,
				0.115328
			],
			[
				-0.65,
				0.128824
			],
			[
				-0.64,
				0.142321
			],
			[
				-0.63,
				0.155818
			],
			[
				-0.62,
				0.169315
			],
			[
				-0.61,
				0.182812
			],
			[
				-0.6,
				0.196309
			],
			[
				-0.59,
				0.209806
			],
			[
				-0.58,
				0.223302
			],
			[
				-0.57,
				0.236799
			],
			[
				-0.56,
				0.250296
			],
			[
				-0.55,
				0.263793
			],
			[
				-0.54,
				0.27729
			],
			[
				-0.53,
				0.290787
			],
			[
				-0.52,
				0.304284
			],
			[
				-0.51,
				0.31778
			],
			[
				-0.5,
				0.331277
			],
			[
				-0.49,
				0.344774
			],
			[
				-0.48,
				0.358271
			],
			[
				-0.47,
				0.371768
			],
			[
				-0.46,
				0.385265
			],
			[
				-0.45,
				0.398762
			],
			[
				-0.44,
				0.412258
			],
			[
				-0.43,
				0.425755
			],
			[
				-0.42,
				0.439252
			],
			[
				-0.41,
				0.452749
			],
			[
				-0.4,
				0.466246
			],
			[
				-0.39,
				0.479743
			],
			[
				-0.38,
				0.493239
			],
			[
				-0.37,
				0.506736
			],
			[
				-0.36,
				0.520233
			],
			[
				-0.35,
				0.53373
			],
			[
				-0.34,
				0.547227
			],
			[
				-0.33,
				0.560724
			],
			[
				-0.32,
				0.574221
			],
			[
				-0.31,
				0.587717
			],
			[
				-0.3,
				0.601214
			],
			[
				-0.29,
				0.614711
			],
			[
				-0.28,
				0.628208
			],
			[
				-0.27,
				0.641705
			],
			[
				-0.26,
				0.655202
			],
			[
				-0.25,
				0.668699
			],
			[
				-0.24,
				0.682195
			],
			[
				-0.23,
				0.695692
			],
			[
				-0.22,
				0.709189
			],
			[
				-0.21,
				0.722686
			],
			[
				-0.2,
				0.736183
			],
			[
				-0.19,
				0.74968
			],
			[
				-0.18,
				0.763177
			],
			[
				-0.17,
				0.776673
			],
			[
				-0.16,
				0.79017
			],
			[
				-0.15,
				0.803667
			],
			[
				-0.14,
				0.817164
			],
			[
				-0.13,
				0.830661
			],
			[
				-0.12,
				0.844158
			],
			[
				-0.11,
				0.857655
			],
			[
				-0.1,
				0.871151
			],
			[
				-0.09,
				0.884648
			],
			[
				-0.08,
				0.898145
			],
			[
				-0.07,
				0.911642
			],
			[
				-0.06,
				0.925139
			],
			[
				-0.05,
				0.938636
			],
			[
				-0.04,
				0.952133
			],
			[
				-0.03,
				0.965629
			],
			[
				-0.02,
				0.979126
			],
			[
				-0.01,
				0.992623
			],
			[
				0.0,
				1.00612
			]
		]
	}
}
