{
	"ID": 334,
	"name": "VACODYM_881AP_20C",
	"conductivity": 0.0,
	"relPermeability": 0.0,
	"remanence": "no information",
	"linear": false,
	"BHCurve": {
		"default": [
			[
				-0.8717140000000001,
				0.0
			],
			[
				-0.87,
				0.00224279
			],
			[
				-0.86,
				0.0153246
			],
			[
				-0.85,
				0.0284063
			],
			[
				-0.84,
				0.0414881
			],
			[
				-0.83,
				0.0545698
			],
			[
				-0.82,
				0.0676516
			],
			[
				-0.81,
				0.0807334
			],
			[
				-0.8,
				0.0938151
			],
			[
				-0.79,
				0.106897
			],
			[
				-0.78,
				0.119979
			],
			[
				-0.77,
				0.13306
			],
			[
				-0.76,
				0.146142
			],
			[
				-0.75,
				0.159224
			],
			[
				-0.74,
				0.172306
			],
			[
				-0.73,
				0.185387
			],
			[
				-0.72,
				0.198469
			],
			[
				-0.71,
				0.211551
			],
			[
				-0.7,
				0.224633
			],
			[
				-0.69,
				0.237714
			],
			[
				-0.68,
				0.250796
			],
			[
				-0.67,
				0.263878
			],
			[
				-0.66,
				0.27696
			],
			[
				-0.65,
				0.290042
			],
			[
				-0.64,
				0.303123
			],
			[
				-0.63,
				0.316205
			],
			[
				-0.62,
				0.329287
			],
			[
				-0.61,
				0.342369
			],
			[
				-0.6,
				0.35545
			],
			[
				-0.59,
				0.368532
			],
			[
				-0.58,
				0.381614
			],
			[
				-0.57,
				0.394696
			],
			[
				-0.56,
				0.407777
			],
			[
				-0.55,
				0.420859
			],
			[
				-0.54,
				0.433941
			],
			[
				-0.53,
				0.447023
			],
			[
				-0.52,
				0.460104
			],
			[
				-0.51,
				0.473186
			],
			[
				-0.5,
				0.486268
			],
			[
				-0.49,
				0.49935
			],
			[
				-0.48,
				0.512431
			],
			[
				-0.47,
				0.525513
			],
			[
				-0.46,
				0.538595
			],
			[
				-0.45,
				0.551677
			],
			[
				-0.44,
				0.564759
			],
			[
				-0.43,
				0.57784
			],
			[
				-0.42,
				0.590922
			],
			[
				-0.41,
				0.604004
			],
			[
				-0.4,
				0.617086
			],
			[
				-0.39,
				0.630167
			],
			[
				-0.38,
				0.643249
			],
			[
				-0.37,
				0.656331
			],
			[
				-0.36,
				0.669413
			],
			[
				-0.35,
				0.682494
			],
			[
				-0.34,
				0.695576
			],
			[
				-0.33,
				0.708658
			],
			[
				-0.32,
				0.72174
			],
			[
				-0.31,
				0.734821
			],
			[
				-0.3,
				0.747903
			],
			[
				-0.29,
				0.760985
			],
			[
				-0.28,
				0.774067
			],
			[
				-0.27,
				0.787148
			],
			[
				-0.26,
				0.80023
			],
			[
				-0.25,
				0.813312
			],
			[
				-0.24,
				0.826394
			],
			[
				-0.23,
				0.839475
			],
			[
				-0.22,
				0.852557
			],
			[
				-0.21,
				0.865639
			],
			[
				-0.2,
				0.878721
			],
			[
				-0.19,
				0.891803
			],
			[
				-0.18,
				0.904884
			],
			[
				-0.17,
				0.917966
			],
			[
				-0.16,
				0.931048
			],
			[
				-0.15,
				0.94413
			],
			[
				-0.14,
				0.957211
			],
			[
				-0.13,
				0.970293
			],
			[
				-0.12,
				0.983375
			],
			[
				-0.11,
				0.996457
			],
			[
				-0.1,
				1.00954
			],
			[
				-0.09,
				1.02262
			],
			[
				-0.08,
				1.0357
			],
			[
				-0.07,
				1.04878
			],
			[
				-0.06,
				1.06187
			],
			[
				-0.05,
				1.07495
			],
			[
				-0.04,
				1.08803
			],
			[
				-0.03,
				1.10111
			],
			[
				-0.02,
				1.11419
			],
			[
				-0.01,
				1.12727
			],
			[
				0.0,
				1.14036
			]
		]
	}
}
