{
	"ID": 329,
	"name": "VACODYM_872TP_80C",
	"conductivity": 0.0,
	"relPermeability": 1.0,
	"remanence": 0.0,
	"linear": false,
	"BHCurve": {
		"default": [
			[
				-0.895113,
				0.0
			],
			[
				-0.89,
				0.0067522
			],
			[
				-0.88,
				0.0199572
			],
			[
				-0.87,
				0.0331623
			],
			[
				-0.86,
				0.0463673
			],
			[
				-0.85,
				0.0595723
			],
			[
				-0.84,
				0.0727774
			],
			[
				-0.83,
				0.0859824
			],
			[
				-0.82,
				0.0991874
			],
			[
				-0.81,
				0.112392
			],
			[
				-0.8,
				0.125597
			],
			[
				-0.79,
				0.138803
			],
			[
				-0.78,
				0.152008
			],
			[
				-0.77,
				0.165213
			],
			[
				-0.76,
				0.178418
			],
			[
				-0.75,
				0.191623
			],
			[
				-0.74,
				0.204828
			],
			[
				-0.73,
				0.218033
			],
			[
				-0.72,
				0.231238
			],
			[
				-0.71,
				0.244443
			],
			[
				-0.7,
				0.257648
			],
			[
				-0.69,
				0.270853
			],
			[
				-0.68,
				0.284058
			],
			[
				-0.67,
				0.297263
			],
			[
				-0.66,
				0.310468
			],
			[
				-0.65,
				0.323673
			],
			[
				-0.64,
				0.336878
			],
			[
				-0.63,
				0.350083
			],
			[
				-0.62,
				0.363288
			],
			[
				-0.61,
				0.376493
			],
			[
				-0.6,
				0.389698
			],
			[
				-0.59,
				0.402903
			],
			[
				-0.58,
				0.416108
			],
			[
				-0.57,
				0.429313
			],
			[
				-0.56,
				0.442518
			],
			[
				-0.55,
				0.455723
			],
			[
				-0.54,
				0.468928
			],
			[
				-0.53,
				0.482133
			],
			[
				-0.52,
				0.495338
			],
			[
				-0.51,
				0.508543
			],
			[
				-0.5,
				0.521748
			],
			[
				-0.49,
				0.534953
			],
			[
				-0.48,
				0.548158
			],
			[
				-0.47,
				0.561364
			],
			[
				-0.46,
				0.574569
			],
			[
				-0.45,
				0.587774
			],
			[
				-0.44,
				0.600979
			],
			[
				-0.43,
				0.614184
			],
			[
				-0.42,
				0.627389
			],
			[
				-0.41,
				0.640594
			],
			[
				-0.4,
				0.653799
			],
			[
				-0.39,
				0.667004
			],
			[
				-0.38,
				0.680209
			],
			[
				-0.37,
				0.693414
			],
			[
				-0.36,
				0.706619
			],
			[
				-0.35,
				0.719824
			],
			[
				-0.34,
				0.733029
			],
			[
				-0.33,
				0.746234
			],
			[
				-0.32,
				0.759439
			],
			[
				-0.31,
				0.772644
			],
			[
				-0.3,
				0.785849
			],
			[
				-0.29,
				0.799054
			],
			[
				-0.28,
				0.812259
			],
			[
				-0.27,
				0.825464
			],
			[
				-0.26,
				0.838669
			],
			[
				-0.25,
				0.851874
			],
			[
				-0.24,
				0.865079
			],
			[
				-0.23,
				0.878284
			],
			[
				-0.22,
				0.891489
			],
			[
				-0.21,
				0.904694
			],
			[
				-0.2,
				0.917899
			],
			[
				-0.19,
				0.931104
			],
			[
				-0.18,
				0.944309
			],
			[
				-0.17,
				0.957514
			],
			[
				-0.16,
				0.970719
			],
			[
				-0.15,
				0.983925
			],
			[
				-0.14,
				0.99713
			],
			[
				-0.13,
				1.01033
			],
			[
				-0.12,
				1.02354
			],
			[
				-0.11,
				1.03674
			],
			[
				-0.1,
				1.04995
			],
			[
				-0.09,
				1.06315
			],
			[
				-0.08,
				1.07636
			],
			[
				-0.07,
				1.08956
			],
			[
				-0.06,
				1.10277
			],
			[
				-0.05,
				1.11597
			],
			[
				-0.04,
				1.12918
			],
			[
				-0.03,
				1.14238
			],
			[
				-0.02,
				1.15559
			],
			[
				-0.01,
				1.16879
			],
			[
				0.0,
				1.182
			]
		]
	}
}
