{
	"ID": 281,
	"name": "VACODYM_854TP_20C",
	"conductivity": 0.0,
	"relPermeability": 1.0,
	"remanence": 0.0,
	"linear": false,
	"BHCurve": {
		"default": [
			[
				-1.0185,
				0.0
			],
			[
				-1.01,
				0.0110105
			],
			[
				-1.0,
				0.0239665
			],
			[
				-0.99,
				0.0369225
			],
			[
				-0.98,
				0.0498785
			],
			[
				-0.97,
				0.0628344
			],
			[
				-0.96,
				0.0757904
			],
			[
				-0.95,
				0.0887464
			],
			[
				-0.94,
				0.101702
			],
			[
				-0.93,
				0.114658
			],
			[
				-0.92,
				0.127614
			],
			[
				-0.91,
				0.14057
			],
			[
				-0.9,
				0.153526
			],
			[
				-0.89,
				0.166482
			],
			[
				-0.88,
				0.179438
			],
			[
				-0.87,
				0.192394
			],
			[
				-0.86,
				0.20535
			],
			[
				-0.85,
				0.218306
			],
			[
				-0.84,
				0.231262
			],
			[
				-0.83,
				0.244218
			],
			[
				-0.82,
				0.257174
			],
			[
				-0.81,
				0.27013
			],
			[
				-0.8,
				0.283086
			],
			[
				-0.79,
				0.296042
			],
			[
				-0.78,
				0.308998
			],
			[
				-0.77,
				0.321954
			],
			[
				-0.76,
				0.33491
			],
			[
				-0.75,
				0.347866
			],
			[
				-0.74,
				0.360822
			],
			[
				-0.73,
				0.373778
			],
			[
				-0.72,
				0.386734
			],
			[
				-0.71,
				0.39969
			],
			[
				-0.7,
				0.412646
			],
			[
				-0.69,
				0.425602
			],
			[
				-0.68,
				0.438558
			],
			[
				-0.67,
				0.451514
			],
			[
				-0.66,
				0.46447
			],
			[
				-0.65,
				0.477426
			],
			[
				-0.64,
				0.490382
			],
			[
				-0.63,
				0.503338
			],
			[
				-0.62,
				0.516294
			],
			[
				-0.61,
				0.52925
			],
			[
				-0.6,
				0.542206
			],
			[
				-0.59,
				0.555161
			],
			[
				-0.58,
				0.568117
			],
			[
				-0.57,
				0.581073
			],
			[
				-0.56,
				0.594029
			],
			[
				-0.55,
				0.606985
			],
			[
				-0.54,
				0.619941
			],
			[
				-0.53,
				0.632897
			],
			[
				-0.52,
				0.645853
			],
			[
				-0.51,
				0.658809
			],
			[
				-0.5,
				0.671765
			],
			[
				-0.49,
				0.684721
			],
			[
				-0.48,
				0.697677
			],
			[
				-0.47,
				0.710633
			],
			[
				-0.46,
				0.723589
			],
			[
				-0.45,
				0.736545
			],
			[
				-0.44,
				0.749501
			],
			[
				-0.43,
				0.762457
			],
			[
				-0.42,
				0.775413
			],
			[
				-0.41,
				0.788369
			],
			[
				-0.4,
				0.801325
			],
			[
				-0.39,
				0.814281
			],
			[
				-0.38,
				0.827237
			],
			[
				-0.37,
				0.840193
			],
			[
				-0.36,
				0.853149
			],
			[
				-0.35,
				0.866105
			],
			[
				-0.34,
				0.879061
			],
			[
				-0.33,
				0.892017
			],
			[
				-0.32,
				0.904973
			],
			[
				-0.31,
				0.917929
			],
			[
				-0.3,
				0.930885
			],
			[
				-0.29,
				0.943841
			],
			[
				-0.28,
				0.956797
			],
			[
				-0.27,
				0.969753
			],
			[
				-0.26,
				0.982709
			],
			[
				-0.25,
				0.995665
			],
			[
				-0.24,
				1.00862
			],
			[
				-0.23,
				1.02158
			],
			[
				-0.22,
				1.03453
			],
			[
				-0.21,
				1.04749
			],
			[
				-0.2,
				1.06044
			],
			[
				-0.19,
				1.0734
			],
			[
				-0.18,
				1.08636
			],
			[
				-0.17,
				1.09931
			],
			[
				-0.16,
				1.11227
			],
			[
				-0.15,
				1.12522
			],
			[
				-0.14,
				1.13818
			],
			[
				-0.13,
				1.15114
			],
			[
				-0.12,
				1.16409
			],
			[
				-0.11,
				1.17705
			],
			[
				-0.1,
				1.19
			],
			[
				-0.09,
				1.20296
			],
			[
				-0.08,
				1.21592
			],
			[
				-0.07,
				1.22887
			],
			[
				-0.06,
				1.24183
			],
			[
				-0.05,
				1.25478
			],
			[
				-0.04,
				1.26774
			],
			[
				-0.03,
				1.2807
			],
			[
				-0.02,
				1.29365
			],
			[
				-0.01,
				1.30661
			],
			[
				0.0,
				1.31956
			]
		]
	}
}
