{
	"ID": 107,
	"name": "VACODYM_3230_60C",
	"conductivity": 0.0,
	"relPermeability": 1.0,
	"remanence": 0.0,
	"linear": false,
	"BHCurve": {
		"default": [
			[
				-0.8362759999999999,
				0.0
			],
			[
				-0.83,
				0.00831395
			],
			[
				-0.82,
				0.0215618
			],
			[
				-0.81,
				0.0348096
			],
			[
				-0.8,
				0.0480574
			],
			[
				-0.79,
				0.0613051
			],
			[
				-0.78,
				0.0745529
			],
			[
				-0.77,
				0.0878007
			],
			[
				-0.76,
				0.101049
			],
			[
				-0.75,
				0.114296
			],
			[
				-0.74,
				0.127544
			],
			[
				-0.73,
				0.140792
			],
			[
				-0.72,
				0.15404
			],
			[
				-0.71,
				0.167288
			],
			[
				-0.7,
				0.180535
			],
			[
				-0.69,
				0.193783
			],
			[
				-0.68,
				0.207031
			],
			[
				-0.67,
				0.220279
			],
			[
				-0.66,
				0.233527
			],
			[
				-0.65,
				0.246774
			],
			[
				-0.64,
				0.260022
			],
			[
				-0.63,
				0.27327
			],
			[
				-0.62,
				0.286518
			],
			[
				-0.61,
				0.299766
			],
			[
				-0.6,
				0.313013
			],
			[
				-0.59,
				0.326261
			],
			[
				-0.58,
				0.339509
			],
			[
				-0.57,
				0.352757
			],
			[
				-0.56,
				0.366005
			],
			[
				-0.55,
				0.379252
			],
			[
				-0.54,
				0.3925
			],
			[
				-0.53,
				0.405748
			],
			[
				-0.52,
				0.418996
			],
			[
				-0.51,
				0.432244
			],
			[
				-0.5,
				0.445491
			],
			[
				-0.49,
				0.458739
			],
			[
				-0.48,
				0.471987
			],
			[
				-0.47,
				0.485235
			],
			[
				-0.46,
				0.498483
			],
			[
				-0.45,
				0.51173
			],
			[
				-0.44,
				0.524978
			],
			[
				-0.43,
				0.538226
			],
			[
				-0.42,
				0.551474
			],
			[
				-0.41,
				0.564722
			],
			[
				-0.4,
				0.577969
			],
			[
				-0.39,
				0.591217
			],
			[
				-0.38,
				0.604465
			],
			[
				-0.37,
				0.617713
			],
			[
				-0.36,
				0.63096
			],
			[
				-0.35,
				0.644208
			],
			[
				-0.34,
				0.657456
			],
			[
				-0.33,
				0.670704
			],
			[
				-0.32,
				0.683952
			],
			[
				-0.31,
				0.697199
			],
			[
				-0.3,
				0.710447
			],
			[
				-0.29,
				0.723695
			],
			[
				-0.28,
				0.736943
			],
			[
				-0.27,
				0.750191
			],
			[
				-0.26,
				0.763438
			],
			[
				-0.25,
				0.776686
			],
			[
				-0.24,
				0.789934
			],
			[
				-0.23,
				0.803182
			],
			[
				-0.22,
				0.81643
			],
			[
				-0.21,
				0.829677
			],
			[
				-0.2,
				0.842925
			],
			[
				-0.19,
				0.856173
			],
			[
				-0.18,
				0.869421
			],
			[
				-0.17,
				0.882669
			],
			[
				-0.16,
				0.895916
			],
			[
				-0.15,
				0.909164
			],
			[
				-0.14,
				0.922412
			],
			[
				-0.13,
				0.93566
			],
			[
				-0.12,
				0.948908
			],
			[
				-0.11,
				0.962155
			],
			[
				-0.1,
				0.975403
			],
			[
				-0.09,
				0.988651
			],
			[
				-0.08,
				1.0019
			],
			[
				-0.07,
				1.01515
			],
			[
				-0.06,
				1.02839
			],
			[
				-0.05,
				1.04164
			],
			[
				-0.04,
				1.05489
			],
			[
				-0.03,
				1.06814
			],
			[
				-0.02,
				1.08139
			],
			[
				-0.01,
				1.09463
			],
			[
				0.0,
				1.10788
			]
		]
	}
}
