{
	"ID": 179,
	"name": "VACODYM_677TP_120C",
	"conductivity": 0.0,
	"relPermeability": 0.0,
	"remanence": "no information",
	"linear": false,
	"BHCurve": {
		"default": [
			[
				-0.804849,
				0.0
			],
			[
				-0.8,
				0.00648325
			],
			[
				-0.79,
				0.0198543
			],
			[
				-0.78,
				0.0332254
			],
			[
				-0.77,
				0.0465965
			],
			[
				-0.76,
				0.0599675
			],
			[
				-0.75,
				0.0733386
			],
			[
				-0.74,
				0.0867097
			],
			[
				-0.73,
				0.100081
			],
			[
				-0.72,
				0.113452
			],
			[
				-0.71,
				0.126823
			],
			[
				-0.7,
				0.140194
			],
			[
				-0.69,
				0.153565
			],
			[
				-0.68,
				0.166936
			],
			[
				-0.67,
				0.180307
			],
			[
				-0.66,
				0.193678
			],
			[
				-0.65,
				0.207049
			],
			[
				-0.64,
				0.22042
			],
			[
				-0.63,
				0.233791
			],
			[
				-0.62,
				0.247162
			],
			[
				-0.61,
				0.260534
			],
			[
				-0.6,
				0.273905
			],
			[
				-0.59,
				0.287276
			],
			[
				-0.58,
				0.300647
			],
			[
				-0.57,
				0.314018
			],
			[
				-0.56,
				0.327389
			],
			[
				-0.55,
				0.34076
			],
			[
				-0.54,
				0.354131
			],
			[
				-0.53,
				0.367502
			],
			[
				-0.52,
				0.380873
			],
			[
				-0.51,
				0.394244
			],
			[
				-0.5,
				0.407615
			],
			[
				-0.49,
				0.420986
			],
			[
				-0.48,
				0.434357
			],
			[
				-0.47,
				0.447729
			],
			[
				-0.46,
				0.4611
			],
			[
				-0.45,
				0.474471
			],
			[
				-0.44,
				0.487842
			],
			[
				-0.43,
				0.501213
			],
			[
				-0.42,
				0.514584
			],
			[
				-0.41,
				0.527955
			],
			[
				-0.4,
				0.541326
			],
			[
				-0.39,
				0.554697
			],
			[
				-0.38,
				0.568068
			],
			[
				-0.37,
				0.581439
			],
			[
				-0.36,
				0.59481
			],
			[
				-0.35,
				0.608181
			],
			[
				-0.34,
				0.621552
			],
			[
				-0.33,
				0.634923
			],
			[
				-0.32,
				0.648295
			],
			[
				-0.31,
				0.661666
			],
			[
				-0.3,
				0.675037
			],
			[
				-0.29,
				0.688408
			],
			[
				-0.28,
				0.701779
			],
			[
				-0.27,
				0.71515
			],
			[
				-0.26,
				0.728521
			],
			[
				-0.25,
				0.741892
			],
			[
				-0.24,
				0.755263
			],
			[
				-0.23,
				0.768634
			],
			[
				-0.22,
				0.782005
			],
			[
				-0.21,
				0.795376
			],
			[
				-0.2,
				0.808747
			],
			[
				-0.19,
				0.822118
			],
			[
				-0.18,
				0.83549
			],
			[
				-0.17,
				0.848861
			],
			[
				-0.16,
				0.862232
			],
			[
				-0.15,
				0.875603
			],
			[
				-0.14,
				0.888974
			],
			[
				-0.13,
				0.902345
			],
			[
				-0.12,
				0.915716
			],
			[
				-0.11,
				0.929087
			],
			[
				-0.1,
				0.942458
			],
			[
				-0.09,
				0.955829
			],
			[
				-0.08,
				0.9692
			],
			[
				-0.07,
				0.982571
			],
			[
				-0.06,
				0.995942
			],
			[
				-0.05,
				1.00931
			],
			[
				-0.04,
				1.02268
			],
			[
				-0.03,
				1.03606
			],
			[
				-0.02,
				1.04943
			],
			[
				-0.01,
				1.0628
			],
			[
				0.0,
				1.07617
			]
		]
	}
}
