{
	"ID": 192,
	"name": "VACODYM_688AP_240C",
	"conductivity": 0.0,
	"relPermeability": 1.0,
	"remanence": 0.0,
	"linear": false,
	"BHCurve": {
		"default": [
			[
				-0.319103,
				0.0
			],
			[
				-0.31823399999999996,
				0.0265859
			],
			[
				-0.31723399999999996,
				0.0571655
			],
			[
				-0.31623399999999996,
				0.0877451
			],
			[
				-0.31523399999999996,
				0.118325
			],
			[
				-0.31423399999999996,
				0.148904
			],
			[
				-0.31323399999999996,
				0.179484
			],
			[
				-0.31223399999999996,
				0.210064
			],
			[
				-0.31123399999999996,
				0.24068
			],
			[
				-0.31023399999999995,
				0.27408
			],
			[
				-0.30923399999999995,
				0.304167
			],
			[
				-0.308234,
				0.32344
			],
			[
				-0.307234,
				0.335325
			],
			[
				-0.306234,
				0.342509
			],
			[
				-0.305234,
				0.348568
			],
			[
				-0.304234,
				0.353882
			],
			[
				-0.303234,
				0.358838
			],
			[
				-0.302234,
				0.363633
			],
			[
				-0.301234,
				0.36804
			],
			[
				-0.300234,
				0.371819
			],
			[
				-0.299234,
				0.375212
			],
			[
				-0.298234,
				0.378345
			],
			[
				-0.297234,
				0.381256
			],
			[
				-0.296234,
				0.383985
			],
			[
				-0.295234,
				0.386571
			],
			[
				-0.294234,
				0.389032
			],
			[
				-0.293234,
				0.391361
			],
			[
				-0.292234,
				0.393576
			],
			[
				-0.291234,
				0.395695
			],
			[
				-0.290234,
				0.397737
			],
			[
				-0.289234,
				0.399721
			],
			[
				-0.288234,
				0.401665
			],
			[
				-0.287234,
				0.40357
			],
			[
				-0.286234,
				0.405421
			],
			[
				-0.285234,
				0.40722
			],
			[
				-0.284234,
				0.408969
			],
			[
				-0.283234,
				0.410671
			],
			[
				-0.282234,
				0.412327
			],
			[
				-0.281234,
				0.413939
			],
			[
				-0.280234,
				0.415518
			],
			[
				-0.279234,
				0.41707
			],
			[
				-0.278234,
				0.418598
			],
			[
				-0.277234,
				0.420103
			],
			[
				-0.276234,
				0.421587
			],
			[
				-0.275234,
				0.42305
			],
			[
				-0.274234,
				0.424495
			],
			[
				-0.273234,
				0.425923
			],
			[
				-0.272234,
				0.427335
			],
			[
				-0.271234,
				0.428733
			],
			[
				-0.270234,
				0.430119
			],
			[
				-0.269234,
				0.431493
			],
			[
				-0.268234,
				0.432857
			],
			[
				-0.26723399999999997,
				0.434212
			],
			[
				-0.26623399999999997,
				0.435561
			],
			[
				-0.26,
				0.443903
			],
			[
				-0.25,
				0.457653
			],
			[
				-0.24,
				0.471648
			],
			[
				-0.23,
				0.485643
			],
			[
				-0.22,
				0.499638
			],
			[
				-0.21,
				0.513633
			],
			[
				-0.2,
				0.527628
			],
			[
				-0.19,
				0.541623
			],
			[
				-0.18,
				0.555618
			],
			[
				-0.17,
				0.569613
			],
			[
				-0.16,
				0.583607
			],
			[
				-0.15,
				0.597602
			],
			[
				-0.14,
				0.611597
			],
			[
				-0.13,
				0.625592
			],
			[
				-0.12,
				0.639587
			],
			[
				-0.11,
				0.653582
			],
			[
				-0.1,
				0.667577
			],
			[
				-0.09,
				0.681572
			],
			[
				-0.08,
				0.695567
			],
			[
				-0.07,
				0.709562
			],
			[
				-0.06,
				0.723557
			],
			[
				-0.05,
				0.737552
			],
			[
				-0.04,
				0.751547
			],
			[
				-0.03,
				0.765542
			],
			[
				-0.02,
				0.779537
			],
			[
				-0.01,
				0.793532
			],
			[
				0.0,
				0.807527
			]
		]
	}
}
