{
	"ID": 231,
	"name": "VACODYM_776_AP_060C",
	"conductivity": 0.0,
	"relPermeability": 1.0,
	"remanence": 0.0,
	"linear": false,
	"BHCurve": {
		"default": [
			[
				-0.919663,
				0.0
			],
			[
				-0.915,
				0.00617768
			],
			[
				-0.91,
				0.0128016
			],
			[
				-0.905,
				0.0194255
			],
			[
				-0.9,
				0.0260494
			],
			[
				-0.895,
				0.0326733
			],
			[
				-0.89,
				0.0392972
			],
			[
				-0.885,
				0.0459211
			],
			[
				-0.88,
				0.052545
			],
			[
				-0.875,
				0.0591689
			],
			[
				-0.87,
				0.0657928
			],
			[
				-0.865,
				0.0724167
			],
			[
				-0.86,
				0.0790406
			],
			[
				-0.855,
				0.0856645
			],
			[
				-0.85,
				0.0922884
			],
			[
				-0.845,
				0.0989123
			],
			[
				-0.84,
				0.105536
			],
			[
				-0.835,
				0.11216
			],
			[
				-0.83,
				0.118784
			],
			[
				-0.825,
				0.125408
			],
			[
				-0.82,
				0.132032
			],
			[
				-0.815,
				0.138656
			],
			[
				-0.81,
				0.14528
			],
			[
				-0.805,
				0.151903
			],
			[
				-0.8,
				0.158527
			],
			[
				-0.795,
				0.165151
			],
			[
				-0.79,
				0.171775
			],
			[
				-0.785,
				0.178399
			],
			[
				-0.78,
				0.185023
			],
			[
				-0.775,
				0.191647
			],
			[
				-0.77,
				0.198271
			],
			[
				-0.765,
				0.204895
			],
			[
				-0.76,
				0.211519
			],
			[
				-0.755,
				0.218142
			],
			[
				-0.75,
				0.224766
			],
			[
				-0.745,
				0.23139
			],
			[
				-0.74,
				0.238014
			],
			[
				-0.735,
				0.244638
			],
			[
				-0.73,
				0.251262
			],
			[
				-0.725,
				0.257886
			],
			[
				-0.72,
				0.26451
			],
			[
				-0.715,
				0.271134
			],
			[
				-0.71,
				0.277758
			],
			[
				-0.705,
				0.284381
			],
			[
				-0.7,
				0.291005
			],
			[
				-0.695,
				0.297629
			],
			[
				-0.69,
				0.304253
			],
			[
				-0.685,
				0.310877
			],
			[
				-0.68,
				0.317501
			],
			[
				-0.675,
				0.324125
			],
			[
				-0.67,
				0.330749
			],
			[
				-0.665,
				0.337373
			],
			[
				-0.66,
				0.343997
			],
			[
				-0.655,
				0.35062
			],
			[
				-0.65,
				0.357244
			],
			[
				-0.645,
				0.363868
			],
			[
				-0.64,
				0.370492
			],
			[
				-0.635,
				0.377116
			],
			[
				-0.63,
				0.38374
			],
			[
				-0.625,
				0.390364
			],
			[
				-0.62,
				0.396988
			],
			[
				-0.615,
				0.403612
			],
			[
				-0.61,
				0.410236
			],
			[
				-0.605,
				0.416859
			],
			[
				-0.6,
				0.423483
			],
			[
				-0.595,
				0.430107
			],
			[
				-0.59,
				0.436731
			],
			[
				-0.585,
				0.443355
			],
			[
				-0.58,
				0.449979
			],
			[
				-0.575,
				0.456603
			],
			[
				-0.57,
				0.463227
			],
			[
				-0.565,
				0.469851
			],
			[
				-0.56,
				0.476475
			],
			[
				-0.555,
				0.483098
			],
			[
				-0.55,
				0.489722
			],
			[
				-0.545,
				0.496346
			],
			[
				-0.54,
				0.50297
			],
			[
				-0.535,
				0.509594
			],
			[
				-0.53,
				0.516218
			],
			[
				-0.525,
				0.522842
			],
			[
				-0.52,
				0.529466
			],
			[
				-0.515,
				0.53609
			],
			[
				-0.51,
				0.542714
			],
			[
				-0.505,
				0.549337
			],
			[
				-0.5,
				0.555961
			],
			[
				-0.495,
				0.562585
			],
			[
				-0.49,
				0.569209
			],
			[
				-0.485,
				0.575833
			],
			[
				-0.48,
				0.582457
			],
			[
				-0.475,
				0.589081
			],
			[
				-0.47,
				0.595705
			],
			[
				-0.465,
				0.602329
			],
			[
				-0.46,
				0.608953
			],
			[
				-0.455,
				0.615576
			],
			[
				-0.45,
				0.6222
			],
			[
				-0.445,
				0.628824
			],
			[
				-0.44,
				0.635448
			],
			[
				-0.435,
				0.642072
			],
			[
				-0.43,
				0.648696
			],
			[
				-0.425,
				0.65532
			],
			[
				-0.42,
				0.661944
			],
			[
				-0.415,
				0.668568
			],
			[
				-0.41,
				0.675192
			],
			[
				-0.405,
				0.681815
			],
			[
				-0.4,
				0.688439
			],
			[
				-0.395,
				0.695063
			],
			[
				-0.39,
				0.701687
			],
			[
				-0.385,
				0.708311
			],
			[
				-0.38,
				0.714935
			],
			[
				-0.375,
				0.721559
			],
			[
				-0.37,
				0.728183
			],
			[
				-0.365,
				0.734807
			],
			[
				-0.36,
				0.741431
			],
			[
				-0.355,
				0.748054
			],
			[
				-0.35,
				0.754678
			],
			[
				-0.345,
				0.761302
			],
			[
				-0.34,
				0.767926
			],
			[
				-0.335,
				0.77455
			],
			[
				-0.33,
				0.781174
			],
			[
				-0.325,
				0.787798
			],
			[
				-0.32,
				0.794422
			],
			[
				-0.315,
				0.801046
			],
			[
				-0.31,
				0.807669
			],
			[
				-0.305,
				0.814293
			],
			[
				-0.3,
				0.820917
			],
			[
				-0.295,
				0.827541
			],
			[
				-0.29,
				0.834165
			],
			[
				-0.285,
				0.840789
			],
			[
				-0.28,
				0.847413
			],
			[
				-0.275,
				0.854037
			],
			[
				-0.27,
				0.860661
			],
			[
				-0.265,
				0.867285
			],
			[
				-0.26,
				0.873908
			],
			[
				-0.255,
				0.880532
			],
			[
				-0.25,
				0.887156
			],
			[
				-0.245,
				0.89378
			],
			[
				-0.24,
				0.900404
			],
			[
				-0.235,
				0.907028
			],
			[
				-0.23,
				0.913652
			],
			[
				-0.225,
				0.920276
			],
			[
				-0.22,
				0.9269
			],
			[
				-0.215,
				0.933524
			],
			[
				-0.21,
				0.940147
			],
			[
				-0.205,
				0.946771
			],
			[
				-0.2,
				0.953395
			],
			[
				-0.195,
				0.960019
			],
			[
				-0.19,
				0.966643
			],
			[
				-0.185,
				0.973267
			],
			[
				-0.18,
				0.979891
			],
			[
				-0.175,
				0.986515
			],
			[
				-0.17,
				0.993139
			],
			[
				-0.165,
				0.999763
			],
			[
				-0.16,
				1.00639
			],
			[
				-0.155,
				1.01301
			],
			[
				-0.15,
				1.01963
			],
			[
				-0.145,
				1.02626
			],
			[
				-0.14,
				1.03288
			],
			[
				-0.135,
				1.03951
			],
			[
				-0.13,
				1.04613
			],
			[
				-0.125,
				1.05275
			],
			[
				-0.12,
				1.05938
			],
			[
				-0.115,
				1.066
			],
			[
				-0.11,
				1.07263
			],
			[
				-0.105,
				1.07925
			],
			[
				-0.1,
				1.08587
			],
			[
				-0.095,
				1.0925
			],
			[
				-0.09,
				1.09912
			],
			[
				-0.085,
				1.10574
			],
			[
				-0.08,
				1.11237
			],
			[
				-0.075,
				1.11899
			],
			[
				-0.07,
				1.12562
			],
			[
				-0.065,
				1.13224
			],
			[
				-0.06,
				1.13886
			],
			[
				-0.055,
				1.14549
			],
			[
				-0.05,
				1.15211
			],
			[
				-0.045,
				1.15874
			],
			[
				-0.04,
				1.16536
			],
			[
				-0.035,
				1.17198
			],
			[
				-0.03,
				1.17861
			],
			[
				-0.025,
				1.18523
			],
			[
				-0.02,
				1.19186
			],
			[
				-0.015,
				1.19848
			],
			[
				-0.01,
				1.2051
			],
			[
				-0.005,
				1.21173
			],
			[
				0.0,
				1.21835
			]
		]
	}
}
