{
	"ID": 169,
	"name": "VACODYM_669TP_80C",
	"conductivity": 0.0,
	"relPermeability": 0.0,
	"remanence": "no information",
	"linear": false,
	"BHCurve": {
		"default": [
			[
				-0.878216,
				0.0
			],
			[
				-0.87,
				0.0108496
			],
			[
				-0.86,
				0.0240547
			],
			[
				-0.85,
				0.0372597
			],
			[
				-0.84,
				0.0504647
			],
			[
				-0.83,
				0.0636697
			],
			[
				-0.82,
				0.0768748
			],
			[
				-0.81,
				0.0900798
			],
			[
				-0.8,
				0.103285
			],
			[
				-0.79,
				0.11649
			],
			[
				-0.78,
				0.129695
			],
			[
				-0.77,
				0.1429
			],
			[
				-0.76,
				0.156105
			],
			[
				-0.75,
				0.16931
			],
			[
				-0.74,
				0.182515
			],
			[
				-0.73,
				0.19572
			],
			[
				-0.72,
				0.208925
			],
			[
				-0.71,
				0.22213
			],
			[
				-0.7,
				0.235335
			],
			[
				-0.69,
				0.24854
			],
			[
				-0.68,
				0.261745
			],
			[
				-0.67,
				0.27495
			],
			[
				-0.66,
				0.288155
			],
			[
				-0.65,
				0.30136
			],
			[
				-0.64,
				0.314565
			],
			[
				-0.63,
				0.32777
			],
			[
				-0.62,
				0.340975
			],
			[
				-0.61,
				0.35418
			],
			[
				-0.6,
				0.367385
			],
			[
				-0.59,
				0.380591
			],
			[
				-0.58,
				0.393796
			],
			[
				-0.57,
				0.407001
			],
			[
				-0.56,
				0.420206
			],
			[
				-0.55,
				0.433411
			],
			[
				-0.54,
				0.446616
			],
			[
				-0.53,
				0.459821
			],
			[
				-0.52,
				0.473026
			],
			[
				-0.51,
				0.486231
			],
			[
				-0.5,
				0.499436
			],
			[
				-0.49,
				0.512641
			],
			[
				-0.48,
				0.525846
			],
			[
				-0.47,
				0.539051
			],
			[
				-0.46,
				0.552256
			],
			[
				-0.45,
				0.565461
			],
			[
				-0.44,
				0.578666
			],
			[
				-0.43,
				0.591871
			],
			[
				-0.42,
				0.605076
			],
			[
				-0.41,
				0.618281
			],
			[
				-0.4,
				0.631486
			],
			[
				-0.39,
				0.644691
			],
			[
				-0.38,
				0.657896
			],
			[
				-0.37,
				0.671101
			],
			[
				-0.36,
				0.684306
			],
			[
				-0.35,
				0.697511
			],
			[
				-0.34,
				0.710716
			],
			[
				-0.33,
				0.723921
			],
			[
				-0.32,
				0.737126
			],
			[
				-0.31,
				0.750331
			],
			[
				-0.3,
				0.763536
			],
			[
				-0.29,
				0.776741
			],
			[
				-0.28,
				0.789946
			],
			[
				-0.27,
				0.803152
			],
			[
				-0.26,
				0.816357
			],
			[
				-0.25,
				0.829562
			],
			[
				-0.24,
				0.842767
			],
			[
				-0.23,
				0.855972
			],
			[
				-0.22,
				0.869177
			],
			[
				-0.21,
				0.882382
			],
			[
				-0.2,
				0.895587
			],
			[
				-0.19,
				0.908792
			],
			[
				-0.18,
				0.921997
			],
			[
				-0.17,
				0.935202
			],
			[
				-0.16,
				0.948407
			],
			[
				-0.15,
				0.961612
			],
			[
				-0.14,
				0.974817
			],
			[
				-0.13,
				0.988022
			],
			[
				-0.12,
				1.00123
			],
			[
				-0.11,
				1.01443
			],
			[
				-0.1,
				1.02764
			],
			[
				-0.09,
				1.04084
			],
			[
				-0.08,
				1.05405
			],
			[
				-0.07,
				1.06725
			],
			[
				-0.06,
				1.08046
			],
			[
				-0.05,
				1.09366
			],
			[
				-0.04,
				1.10687
			],
			[
				-0.03,
				1.12007
			],
			[
				-0.02,
				1.13328
			],
			[
				-0.01,
				1.14648
			],
			[
				0.0,
				1.15969
			]
		]
	}
}
