{
	"ID": 209,
	"name": "VACODYM_764AP_80C",
	"conductivity": 0.0,
	"relPermeability": 1.0,
	"remanence": 0.0,
	"linear": false,
	"BHCurve": {
		"default": [
			[
				-0.8288719999999999,
				0.0
			],
			[
				-0.828457,
				0.0205317
			],
			[
				-0.827457,
				0.0397103
			],
			[
				-0.826457,
				0.0491223
			],
			[
				-0.825457,
				0.0556159
			],
			[
				-0.824457,
				0.0610387
			],
			[
				-0.823457,
				0.0660803
			],
			[
				-0.822457,
				0.070323
			],
			[
				-0.821457,
				0.074125
			],
			[
				-0.820457,
				0.0778102
			],
			[
				-0.819457,
				0.0813399
			],
			[
				-0.818457,
				0.0846993
			],
			[
				-0.817457,
				0.0879189
			],
			[
				-0.816457,
				0.091029
			],
			[
				-0.815457,
				0.0940602
			],
			[
				-0.814457,
				0.0970429
			],
			[
				-0.813457,
				0.100006
			],
			[
				-0.812457,
				0.102947
			],
			[
				-0.811457,
				0.105845
			],
			[
				-0.810457,
				0.108684
			],
			[
				-0.809457,
				0.111446
			],
			[
				-0.808457,
				0.114114
			],
			[
				-0.807457,
				0.116672
			],
			[
				-0.806457,
				0.119104
			],
			[
				-0.805457,
				0.121452
			],
			[
				-0.804457,
				0.12374
			],
			[
				-0.803457,
				0.125972
			],
			[
				-0.802457,
				0.128152
			],
			[
				-0.801457,
				0.130282
			],
			[
				-0.800457,
				0.132368
			],
			[
				-0.799457,
				0.134412
			],
			[
				-0.798457,
				0.136418
			],
			[
				-0.797457,
				0.138391
			],
			[
				-0.796457,
				0.140333
			],
			[
				-0.795457,
				0.142249
			],
			[
				-0.794457,
				0.144142
			],
			[
				-0.793457,
				0.146017
			],
			[
				-0.792457,
				0.147876
			],
			[
				-0.791457,
				0.149712
			],
			[
				-0.790457,
				0.15152
			],
			[
				-0.789457,
				0.153302
			],
			[
				-0.788457,
				0.155058
			],
			[
				-0.787457,
				0.156791
			],
			[
				-0.786457,
				0.158502
			],
			[
				-0.785457,
				0.160192
			],
			[
				-0.784457,
				0.161864
			],
			[
				-0.783457,
				0.163519
			],
			[
				-0.782457,
				0.165159
			],
			[
				-0.781457,
				0.166784
			],
			[
				-0.780457,
				0.168398
			],
			[
				-0.779457,
				0.170001
			],
			[
				-0.778457,
				0.171595
			],
			[
				-0.777457,
				0.173181
			],
			[
				-0.776457,
				0.174762
			],
			[
				-0.775457,
				0.176339
			],
			[
				-0.774457,
				0.177913
			],
			[
				-0.773457,
				0.179477
			],
			[
				-0.772457,
				0.181029
			],
			[
				-0.771457,
				0.182571
			],
			[
				-0.770457,
				0.184101
			],
			[
				-0.769457,
				0.185621
			],
			[
				-0.768457,
				0.187131
			],
			[
				-0.767457,
				0.188631
			],
			[
				-0.7664569999999999,
				0.190122
			],
			[
				-0.7654569999999999,
				0.191605
			],
			[
				-0.7644569999999999,
				0.193079
			],
			[
				-0.7634569999999999,
				0.194545
			],
			[
				-0.7624569999999999,
				0.196003
			],
			[
				-0.7614569999999999,
				0.197455
			],
			[
				-0.7604569999999999,
				0.198899
			],
			[
				-0.759457,
				0.200338
			],
			[
				-0.758457,
				0.20177
			],
			[
				-0.757457,
				0.203197
			],
			[
				-0.756457,
				0.204618
			],
			[
				-0.755457,
				0.206035
			],
			[
				-0.754457,
				0.207448
			],
			[
				-0.753457,
				0.208856
			],
			[
				-0.752457,
				0.210259
			],
			[
				-0.751457,
				0.211658
			],
			[
				-0.750457,
				0.213054
			],
			[
				-0.749457,
				0.214445
			],
			[
				-0.748457,
				0.215832
			],
			[
				-0.747457,
				0.217215
			],
			[
				-0.746457,
				0.218594
			],
			[
				-0.745457,
				0.21997
			],
			[
				-0.744457,
				0.221342
			],
			[
				-0.743457,
				0.22271
			],
			[
				-0.742457,
				0.224075
			],
			[
				-0.741457,
				0.225437
			],
			[
				-0.740457,
				0.226795
			],
			[
				-0.739457,
				0.22815
			],
			[
				-0.738457,
				0.229502
			],
			[
				-0.737457,
				0.230852
			],
			[
				-0.736457,
				0.232198
			],
			[
				-0.735457,
				0.233542
			],
			[
				-0.734457,
				0.234882
			],
			[
				-0.733457,
				0.236221
			],
			[
				-0.732457,
				0.237556
			],
			[
				-0.731457,
				0.23889
			],
			[
				-0.730457,
				0.240221
			],
			[
				-0.729457,
				0.24155
			],
			[
				-0.728457,
				0.242876
			],
			[
				-0.727457,
				0.244201
			],
			[
				-0.726457,
				0.245523
			],
			[
				-0.725457,
				0.246844
			],
			[
				-0.724457,
				0.248163
			],
			[
				-0.723457,
				0.249481
			],
			[
				-0.722457,
				0.250797
			],
			[
				-0.721457,
				0.252111
			],
			[
				-0.720457,
				0.253424
			],
			[
				-0.719457,
				0.254736
			],
			[
				-0.718457,
				0.256046
			],
			[
				-0.717457,
				0.257355
			],
			[
				-0.716457,
				0.258664
			],
			[
				-0.715457,
				0.259971
			],
			[
				-0.714457,
				0.261278
			],
			[
				-0.713457,
				0.262584
			],
			[
				-0.712457,
				0.263889
			],
			[
				-0.711457,
				0.265194
			],
			[
				-0.710457,
				0.266498
			],
			[
				-0.709457,
				0.267802
			],
			[
				-0.708457,
				0.269105
			],
			[
				-0.707457,
				0.270409
			],
			[
				-0.706457,
				0.271712
			],
			[
				-0.705457,
				0.273016
			],
			[
				-0.704457,
				0.274319
			],
			[
				-0.703457,
				0.275623
			],
			[
				-0.702457,
				0.276927
			],
			[
				-0.701457,
				0.278231
			],
			[
				-0.700457,
				0.279536
			],
			[
				-0.699457,
				0.280841
			],
			[
				-0.698457,
				0.282148
			],
			[
				-0.697457,
				0.283454
			],
			[
				-0.696457,
				0.284762
			],
			[
				-0.695457,
				0.286071
			],
			[
				-0.694457,
				0.287381
			],
			[
				-0.693457,
				0.288691
			],
			[
				-0.692457,
				0.290003
			],
			[
				-0.691457,
				0.291317
			],
			[
				-0.690457,
				0.292632
			],
			[
				-0.689457,
				0.293948
			],
			[
				-0.688457,
				0.295266
			],
			[
				-0.687457,
				0.296586
			],
			[
				-0.686457,
				0.297907
			],
			[
				-0.685457,
				0.29923
			],
			[
				-0.684457,
				0.300555
			],
			[
				-0.683457,
				0.301883
			],
			[
				-0.682457,
				0.303212
			],
			[
				-0.681457,
				0.304544
			],
			[
				-0.68,
				0.306486
			],
			[
				-0.67,
				0.319817
			],
			[
				-0.66,
				0.333148
			],
			[
				-0.65,
				0.346479
			],
			[
				-0.64,
				0.35981
			],
			[
				-0.63,
				0.37314
			],
			[
				-0.62,
				0.386471
			],
			[
				-0.61,
				0.399802
			],
			[
				-0.6,
				0.413133
			],
			[
				-0.59,
				0.426464
			],
			[
				-0.58,
				0.439795
			],
			[
				-0.57,
				0.453125
			],
			[
				-0.56,
				0.466456
			],
			[
				-0.55,
				0.479787
			],
			[
				-0.54,
				0.493118
			],
			[
				-0.53,
				0.506449
			],
			[
				-0.52,
				0.519779
			],
			[
				-0.51,
				0.53311
			],
			[
				-0.5,
				0.546441
			],
			[
				-0.49,
				0.559772
			],
			[
				-0.48,
				0.573103
			],
			[
				-0.47,
				0.586434
			],
			[
				-0.46,
				0.599764
			],
			[
				-0.45,
				0.613095
			],
			[
				-0.44,
				0.626426
			],
			[
				-0.43,
				0.639757
			],
			[
				-0.42,
				0.653088
			],
			[
				-0.41,
				0.666418
			],
			[
				-0.4,
				0.679749
			],
			[
				-0.39,
				0.69308
			],
			[
				-0.38,
				0.706411
			],
			[
				-0.37,
				0.719742
			],
			[
				-0.36,
				0.733073
			],
			[
				-0.35,
				0.746403
			],
			[
				-0.34,
				0.759734
			],
			[
				-0.33,
				0.773065
			],
			[
				-0.32,
				0.786396
			],
			[
				-0.31,
				0.799727
			],
			[
				-0.3,
				0.813057
			],
			[
				-0.29,
				0.826388
			],
			[
				-0.28,
				0.839719
			],
			[
				-0.27,
				0.85305
			],
			[
				-0.26,
				0.866381
			],
			[
				-0.25,
				0.879712
			],
			[
				-0.24,
				0.893042
			],
			[
				-0.23,
				0.906373
			],
			[
				-0.22,
				0.919704
			],
			[
				-0.21,
				0.933035
			],
			[
				-0.2,
				0.946366
			],
			[
				-0.19,
				0.959696
			],
			[
				-0.18,
				0.973027
			],
			[
				-0.17,
				0.986358
			],
			[
				-0.16,
				0.999689
			],
			[
				-0.15,
				1.01302
			],
			[
				-0.14,
				1.02635
			],
			[
				-0.13,
				1.03968
			],
			[
