{
	"ID": 213,
	"name": "VACODYM_764TP_20C",
	"conductivity": 0.0,
	"relPermeability": 1.0,
	"remanence": 0.0,
	"linear": false,
	"BHCurve": {
		"default": [
			[
				-1.0574000000000001,
				0.0
			],
			[
				-1.05,
				0.00958249
			],
			[
				-1.04,
				0.0225385
			],
			[
				-1.03,
				0.0354944
			],
			[
				-1.02,
				0.0484504
			],
			[
				-1.01,
				0.0614064
			],
			[
				-1.0,
				0.0743624
			],
			[
				-0.99,
				0.0873183
			],
			[
				-0.98,
				0.100274
			],
			[
				-0.97,
				0.11323
			],
			[
				-0.96,
				0.126186
			],
			[
				-0.95,
				0.139142
			],
			[
				-0.94,
				0.152098
			],
			[
				-0.93,
				0.165054
			],
			[
				-0.92,
				0.17801
			],
			[
				-0.91,
				0.190966
			],
			[
				-0.9,
				0.203922
			],
			[
				-0.89,
				0.216878
			],
			[
				-0.88,
				0.229834
			],
			[
				-0.87,
				0.24279
			],
			[
				-0.86,
				0.255746
			],
			[
				-0.85,
				0.268702
			],
			[
				-0.84,
				0.281658
			],
			[
				-0.83,
				0.294614
			],
			[
				-0.82,
				0.30757
			],
			[
				-0.81,
				0.320526
			],
			[
				-0.8,
				0.333482
			],
			[
				-0.79,
				0.346438
			],
			[
				-0.78,
				0.359394
			],
			[
				-0.77,
				0.37235
			],
			[
				-0.76,
				0.385306
			],
			[
				-0.75,
				0.398262
			],
			[
				-0.74,
				0.411218
			],
			[
				-0.73,
				0.424174
			],
			[
				-0.72,
				0.43713
			],
			[
				-0.71,
				0.450086
			],
			[
				-0.7,
				0.463042
			],
			[
				-0.69,
				0.475998
			],
			[
				-0.68,
				0.488954
			],
			[
				-0.67,
				0.50191
			],
			[
				-0.66,
				0.514866
			],
			[
				-0.65,
				0.527821
			],
			[
				-0.64,
				0.540777
			],
			[
				-0.63,
				0.553733
			],
			[
				-0.62,
				0.566689
			],
			[
				-0.61,
				0.579645
			],
			[
				-0.6,
				0.592601
			],
			[
				-0.59,
				0.605557
			],
			[
				-0.58,
				0.618513
			],
			[
				-0.57,
				0.631469
			],
			[
				-0.56,
				0.644425
			],
			[
				-0.55,
				0.657381
			],
			[
				-0.54,
				0.670337
			],
			[
				-0.53,
				0.683293
			],
			[
				-0.52,
				0.696249
			],
			[
				-0.51,
				0.709205
			],
			[
				-0.5,
				0.722161
			],
			[
				-0.49,
				0.735117
			],
			[
				-0.48,
				0.748073
			],
			[
				-0.47,
				0.761029
			],
			[
				-0.46,
				0.773985
			],
			[
				-0.45,
				0.786941
			],
			[
				-0.44,
				0.799897
			],
			[
				-0.43,
				0.812853
			],
			[
				-0.42,
				0.825809
			],
			[
				-0.41,
				0.838765
			],
			[
				-0.4,
				0.851721
			],
			[
				-0.39,
				0.864677
			],
			[
				-0.38,
				0.877633
			],
			[
				-0.37,
				0.890589
			],
			[
				-0.36,
				0.903545
			],
			[
				-0.35,
				0.916501
			],
			[
				-0.34,
				0.929457
			],
			[
				-0.33,
				0.942413
			],
			[
				-0.32,
				0.955369
			],
			[
				-0.31,
				0.968325
			],
			[
				-0.3,
				0.981281
			],
			[
				-0.29,
				0.994237
			],
			[
				-0.28,
				1.00719
			],
			[
				-0.27,
				1.02015
			],
			[
				-0.26,
				1.0331
			],
			[
				-0.25,
				1.04606
			],
			[
				-0.24,
				1.05902
			],
			[
				-0.23,
				1.07197
			],
			[
				-0.22,
				1.08493
			],
			[
				-0.21,
				1.09788
			],
			[
				-0.2,
				1.11084
			],
			[
				-0.19,
				1.1238
			],
			[
				-0.18,
				1.13675
			],
			[
				-0.17,
				1.14971
			],
			[
				-0.16,
				1.16266
			],
			[
				-0.15,
				1.17562
			],
			[
				-0.14,
				1.18858
			],
			[
				-0.13,
				1.20153
			],
			[
				-0.12,
				1.21449
			],
			[
				-0.11,
				1.22744
			],
			[
				-0.1,
				1.2404
			],
			[
				-0.09,
				1.25336
			],
			[
				-0.08,
				1.26631
			],
			[
				-0.07,
				1.27927
			],
			[
				-0.06,
				1.29222
			],
			[
				-0.05,
				1.30518
			],
			[
				-0.04,
				1.31814
			],
			[
				-0.03,
				1.33109
			],
			[
				-0.02,
				1.34405
			],
			[
				-0.01,
				1.357
			],
			[
				0.0,
				1.36996
			]
		]
	}
}
