{
	"ID": 256,
	"name": "VACODYM_787TP_60C",
	"conductivity": 0.0,
	"relPermeability": 0.0,
	"remanence": "no information",
	"linear": false,
	"BHCurve": {
		"default": [
			[
				-0.949509,
				0.0
			],
			[
				-0.94,
				0.0124777
			],
			[
				-0.93,
				0.0255997
			],
			[
				-0.92,
				0.0387217
			],
			[
				-0.91,
				0.0518437
			],
			[
				-0.9,
				0.0649657
			],
			[
				-0.89,
				0.0780877
			],
			[
				-0.88,
				0.0912097
			],
			[
				-0.87,
				0.104332
			],
			[
				-0.86,
				0.117454
			],
			[
				-0.85,
				0.130576
			],
			[
				-0.84,
				0.143698
			],
			[
				-0.83,
				0.15682
			],
			[
				-0.82,
				0.169942
			],
			[
				-0.81,
				0.183064
			],
			[
				-0.8,
				0.196186
			],
			[
				-0.79,
				0.209308
			],
			[
				-0.78,
				0.22243
			],
			[
				-0.77,
				0.235552
			],
			[
				-0.76,
				0.248674
			],
			[
				-0.75,
				0.261796
			],
			[
				-0.74,
				0.274918
			],
			[
				-0.73,
				0.28804
			],
			[
				-0.72,
				0.301162
			],
			[
				-0.71,
				0.314284
			],
			[
				-0.7,
				0.327406
			],
			[
				-0.69,
				0.340528
			],
			[
				-0.68,
				0.35365
			],
			[
				-0.67,
				0.366772
			],
			[
				-0.66,
				0.379894
			],
			[
				-0.65,
				0.393016
			],
			[
				-0.64,
				0.406138
			],
			[
				-0.63,
				0.41926
			],
			[
				-0.62,
				0.432382
			],
			[
				-0.61,
				0.445504
			],
			[
				-0.6,
				0.458626
			],
			[
				-0.59,
				0.471748
			],
			[
				-0.58,
				0.48487
			],
			[
				-0.57,
				0.497992
			],
			[
				-0.56,
				0.511114
			],
			[
				-0.55,
				0.524236
			],
			[
				-0.54,
				0.537358
			],
			[
				-0.53,
				0.55048
			],
			[
				-0.52,
				0.563602
			],
			[
				-0.51,
				0.576724
			],
			[
				-0.5,
				0.589846
			],
			[
				-0.49,
				0.602968
			],
			[
				-0.48,
				0.61609
			],
			[
				-0.47,
				0.629212
			],
			[
				-0.46,
				0.642334
			],
			[
				-0.45,
				0.655456
			],
			[
				-0.44,
				0.668578
			],
			[
				-0.43,
				0.6817
			],
			[
				-0.42,
				0.694822
			],
			[
				-0.41,
				0.707944
			],
			[
				-0.4,
				0.721066
			],
			[
				-0.39,
				0.734188
			],
			[
				-0.38,
				0.74731
			],
			[
				-0.37,
				0.760432
			],
			[
				-0.36,
				0.773554
			],
			[
				-0.35,
				0.786676
			],
			[
				-0.34,
				0.799798
			],
			[
				-0.33,
				0.81292
			],
			[
				-0.32,
				0.826042
			],
			[
				-0.31,
				0.839164
			],
			[
				-0.3,
				0.852286
			],
			[
				-0.29,
				0.865408
			],
			[
				-0.28,
				0.87853
			],
			[
				-0.27,
				0.891653
			],
			[
				-0.26,
				0.904775
			],
			[
				-0.25,
				0.917897
			],
			[
				-0.24,
				0.931019
			],
			[
				-0.23,
				0.944141
			],
			[
				-0.22,
				0.957263
			],
			[
				-0.21,
				0.970385
			],
			[
				-0.2,
				0.983507
			],
			[
				-0.19,
				0.996629
			],
			[
				-0.18,
				1.00975
			],
			[
				-0.17,
				1.02287
			],
			[
				-0.16,
				1.03599
			],
			[
				-0.15,
				1.04912
			],
			[
				-0.14,
				1.06224
			],
			[
				-0.13,
				1.07536
			],
			[
				-0.12,
				1.08848
			],
			[
				-0.11,
				1.1016
			],
			[
				-0.1,
				1.11473
			],
			[
				-0.09,
				1.12785
			],
			[
				-0.08,
				1.14097
			],
			[
				-0.07,
				1.15409
			],
			[
				-0.06,
				1.16721
			],
			[
				-0.05,
				1.18034
			],
			[
				-0.04,
				1.19346
			],
			[
				-0.03,
				1.20658
			],
			[
				-0.02,
				1.2197
			],
			[
				-0.01,
				1.23282
			],
			[
				0.0,
				1.24595
			]
		]
	}
}
