{
	"ID": 207,
	"name": "VACODYM_764AP_20C",
	"conductivity": 0.0,
	"relPermeability": 1.0,
	"remanence": 0.0,
	"linear": false,
	"BHCurve": {
		"default": [
			[
				-0.993721,
				0.0
			],
			[
				-0.99,
				0.00486756
			],
			[
				-0.98,
				0.0179493
			],
			[
				-0.97,
				0.0310311
			],
			[
				-0.96,
				0.0441128
			],
			[
				-0.95,
				0.0571946
			],
			[
				-0.94,
				0.0702764
			],
			[
				-0.93,
				0.0833581
			],
			[
				-0.92,
				0.0964399
			],
			[
				-0.91,
				0.109522
			],
			[
				-0.9,
				0.122603
			],
			[
				-0.89,
				0.135685
			],
			[
				-0.88,
				0.148767
			],
			[
				-0.87,
				0.161849
			],
			[
				-0.86,
				0.17493
			],
			[
				-0.85,
				0.188012
			],
			[
				-0.84,
				0.201094
			],
			[
				-0.83,
				0.214176
			],
			[
				-0.82,
				0.227258
			],
			[
				-0.81,
				0.240339
			],
			[
				-0.8,
				0.253421
			],
			[
				-0.79,
				0.266503
			],
			[
				-0.78,
				0.279585
			],
			[
				-0.77,
				0.292666
			],
			[
				-0.76,
				0.305748
			],
			[
				-0.75,
				0.31883
			],
			[
				-0.74,
				0.331912
			],
			[
				-0.73,
				0.344993
			],
			[
				-0.72,
				0.358075
			],
			[
				-0.71,
				0.371157
			],
			[
				-0.7,
				0.384239
			],
			[
				-0.69,
				0.39732
			],
			[
				-0.68,
				0.410402
			],
			[
				-0.67,
				0.423484
			],
			[
				-0.66,
				0.436566
			],
			[
				-0.65,
				0.449647
			],
			[
				-0.64,
				0.462729
			],
			[
				-0.63,
				0.475811
			],
			[
				-0.62,
				0.488893
			],
			[
				-0.61,
				0.501974
			],
			[
				-0.6,
				0.515056
			],
			[
				-0.59,
				0.528138
			],
			[
				-0.58,
				0.54122
			],
			[
				-0.57,
				0.554302
			],
			[
				-0.56,
				0.567383
			],
			[
				-0.55,
				0.580465
			],
			[
				-0.54,
				0.593547
			],
			[
				-0.53,
				0.606629
			],
			[
				-0.52,
				0.61971
			],
			[
				-0.51,
				0.632792
			],
			[
				-0.5,
				0.645874
			],
			[
				-0.49,
				0.658956
			],
			[
				-0.48,
				0.672037
			],
			[
				-0.47,
				0.685119
			],
			[
				-0.46,
				0.698201
			],
			[
				-0.45,
				0.711283
			],
			[
				-0.44,
				0.724364
			],
			[
				-0.43,
				0.737446
			],
			[
				-0.42,
				0.750528
			],
			[
				-0.41,
				0.76361
			],
			[
				-0.4,
				0.776691
			],
			[
				-0.39,
				0.789773
			],
			[
				-0.38,
				0.802855
			],
			[
				-0.37,
				0.815937
			],
			[
				-0.36,
				0.829019
			],
			[
				-0.35,
				0.8421
			],
			[
				-0.34,
				0.855182
			],
			[
				-0.33,
				0.868264
			],
			[
				-0.32,
				0.881346
			],
			[
				-0.31,
				0.894427
			],
			[
				-0.3,
				0.907509
			],
			[
				-0.29,
				0.920591
			],
			[
				-0.28,
				0.933673
			],
			[
				-0.27,
				0.946754
			],
			[
				-0.26,
				0.959836
			],
			[
				-0.25,
				0.972918
			],
			[
				-0.24,
				0.986
			],
			[
				-0.23,
				0.999081
			],
			[
				-0.22,
				1.01216
			],
			[
				-0.21,
				1.02524
			],
			[
				-0.2,
				1.03833
			],
			[
				-0.19,
				1.05141
			],
			[
				-0.18,
				1.06449
			],
			[
				-0.17,
				1.07757
			],
			[
				-0.16,
				1.09065
			],
			[
				-0.15,
				1.10374
			],
			[
				-0.14,
				1.11682
			],
			[
				-0.13,
				1.1299
			],
			[
				-0.12,
				1.14298
			],
			[
				-0.11,
				1.15606
			],
			[
				-0.1,
				1.16914
			],
			[
				-0.09,
				1.18223
			],
			[
				-0.08,
				1.19531
			],
			[
				-0.07,
				1.20839
			],
			[
				-0.06,
				1.22147
			],
			[
				-0.05,
				1.23455
			],
			[
				-0.04,
				1.24763
			],
			[
				-0.03,
				1.26072
			],
			[
				-0.02,
				1.2738
			],
			[
				-0.01,
				1.28688
			],
			[
				0.0,
				1.29996
			]
		]
	}
}
