{
	"ID": 105,
	"name": "VACODYM_3230_20C",
	"conductivity": 0.0,
	"relPermeability": 0.0,
	"remanence": "no information",
	"linear": false,
	"BHCurve": {
		"default": [
			[
				-0.8791019999999999,
				0.0
			],
			[
				-0.87,
				0.0119073
			],
			[
				-0.86,
				0.0249891
			],
			[
				-0.85,
				0.0380709
			],
			[
				-0.84,
				0.0511526
			],
			[
				-0.83,
				0.0642344
			],
			[
				-0.82,
				0.0773161
			],
			[
				-0.81,
				0.0903979
			],
			[
				-0.8,
				0.10348
			],
			[
				-0.79,
				0.116561
			],
			[
				-0.78,
				0.129643
			],
			[
				-0.77,
				0.142725
			],
			[
				-0.76,
				0.155807
			],
			[
				-0.75,
				0.168888
			],
			[
				-0.74,
				0.18197
			],
			[
				-0.73,
				0.195052
			],
			[
				-0.72,
				0.208134
			],
			[
				-0.71,
				0.221216
			],
			[
				-0.7,
				0.234297
			],
			[
				-0.69,
				0.247379
			],
			[
				-0.68,
				0.260461
			],
			[
				-0.67,
				0.273543
			],
			[
				-0.66,
				0.286624
			],
			[
				-0.65,
				0.299706
			],
			[
				-0.64,
				0.312788
			],
			[
				-0.63,
				0.32587
			],
			[
				-0.62,
				0.338951
			],
			[
				-0.61,
				0.352033
			],
			[
				-0.6,
				0.365115
			],
			[
				-0.59,
				0.378197
			],
			[
				-0.58,
				0.391278
			],
			[
				-0.57,
				0.40436
			],
			[
				-0.56,
				0.417442
			],
			[
				-0.55,
				0.430524
			],
			[
				-0.54,
				0.443605
			],
			[
				-0.53,
				0.456687
			],
			[
				-0.52,
				0.469769
			],
			[
				-0.51,
				0.482851
			],
			[
				-0.5,
				0.495932
			],
			[
				-0.49,
				0.509014
			],
			[
				-0.48,
				0.522096
			],
			[
				-0.47,
				0.535178
			],
			[
				-0.46,
				0.54826
			],
			[
				-0.45,
				0.561341
			],
			[
				-0.44,
				0.574423
			],
			[
				-0.43,
				0.587505
			],
			[
				-0.42,
				0.600587
			],
			[
				-0.41,
				0.613668
			],
			[
				-0.4,
				0.62675
			],
			[
				-0.39,
				0.639832
			],
			[
				-0.38,
				0.652914
			],
			[
				-0.37,
				0.665995
			],
			[
				-0.36,
				0.679077
			],
			[
				-0.35,
				0.692159
			],
			[
				-0.34,
				0.705241
			],
			[
				-0.33,
				0.718322
			],
			[
				-0.32,
				0.731404
			],
			[
				-0.31,
				0.744486
			],
			[
				-0.3,
				0.757568
			],
			[
				-0.29,
				0.770649
			],
			[
				-0.28,
				0.783731
			],
			[
				-0.27,
				0.796813
			],
			[
				-0.26,
				0.809895
			],
			[
				-0.25,
				0.822977
			],
			[
				-0.24,
				0.836058
			],
			[
				-0.23,
				0.84914
			],
			[
				-0.22,
				0.862222
			],
			[
				-0.21,
				0.875304
			],
			[
				-0.2,
				0.888385
			],
			[
				-0.19,
				0.901467
			],
			[
				-0.18,
				0.914549
			],
			[
				-0.17,
				0.927631
			],
			[
				-0.16,
				0.940712
			],
			[
				-0.15,
				0.953794
			],
			[
				-0.14,
				0.966876
			],
			[
				-0.13,
				0.979958
			],
			[
				-0.12,
				0.993039
			],
			[
				-0.11,
				1.00612
			],
			[
				-0.1,
				1.0192
			],
			[
				-0.09,
				1.03228
			],
			[
				-0.08,
				1.04537
			],
			[
				-0.07,
				1.05845
			],
			[
				-0.06,
				1.07153
			],
			[
				-0.05,
				1.08461
			],
			[
				-0.04,
				1.09769
			],
			[
				-0.03,
				1.11078
			],
			[
				-0.02,
				1.12386
			],
			[
				-0.01,
				1.13694
			],
			[
				0.0,
				1.15002
			]
		]
	}
}
