{
	"ID": 199,
	"name": "VACODYM_688TP_20C",
	"conductivity": 0.0,
	"relPermeability": 1.0,
	"remanence": 0.0,
	"linear": false,
	"BHCurve": {
		"default": [
			[
				-0.879903,
				0.0
			],
			[
				-0.87,
				0.0128302
			],
			[
				-0.86,
				0.0257862
			],
			[
				-0.85,
				0.0387421
			],
			[
				-0.84,
				0.0516981
			],
			[
				-0.83,
				0.0646541
			],
			[
				-0.82,
				0.0776101
			],
			[
				-0.81,
				0.090566
			],
			[
				-0.8,
				0.103522
			],
			[
				-0.79,
				0.116478
			],
			[
				-0.78,
				0.129434
			],
			[
				-0.77,
				0.14239
			],
			[
				-0.76,
				0.155346
			],
			[
				-0.75,
				0.168302
			],
			[
				-0.74,
				0.181258
			],
			[
				-0.73,
				0.194214
			],
			[
				-0.72,
				0.20717
			],
			[
				-0.71,
				0.220126
			],
			[
				-0.7,
				0.233082
			],
			[
				-0.69,
				0.246038
			],
			[
				-0.68,
				0.258994
			],
			[
				-0.67,
				0.27195
			],
			[
				-0.66,
				0.284906
			],
			[
				-0.65,
				0.297862
			],
			[
				-0.64,
				0.310818
			],
			[
				-0.63,
				0.323774
			],
			[
				-0.62,
				0.33673
			],
			[
				-0.61,
				0.349686
			],
			[
				-0.6,
				0.362642
			],
			[
				-0.59,
				0.375597
			],
			[
				-0.58,
				0.388553
			],
			[
				-0.57,
				0.401509
			],
			[
				-0.56,
				0.414465
			],
			[
				-0.55,
				0.427421
			],
			[
				-0.54,
				0.440377
			],
			[
				-0.53,
				0.453333
			],
			[
				-0.52,
				0.466289
			],
			[
				-0.51,
				0.479245
			],
			[
				-0.5,
				0.492201
			],
			[
				-0.49,
				0.505157
			],
			[
				-0.48,
				0.518113
			],
			[
				-0.47,
				0.531069
			],
			[
				-0.46,
				0.544025
			],
			[
				-0.45,
				0.556981
			],
			[
				-0.44,
				0.569937
			],
			[
				-0.43,
				0.582893
			],
			[
				-0.42,
				0.595849
			],
			[
				-0.41,
				0.608805
			],
			[
				-0.4,
				0.621761
			],
			[
				-0.39,
				0.634717
			],
			[
				-0.38,
				0.647673
			],
			[
				-0.37,
				0.660629
			],
			[
				-0.36,
				0.673585
			],
			[
				-0.35,
				0.686541
			],
			[
				-0.34,
				0.699497
			],
			[
				-0.33,
				0.712453
			],
			[
				-0.32,
				0.725409
			],
			[
				-0.31,
				0.738365
			],
			[
				-0.3,
				0.751321
			],
			[
				-0.29,
				0.764277
			],
			[
				-0.28,
				0.777233
			],
			[
				-0.27,
				0.790189
			],
			[
				-0.26,
				0.803145
			],
			[
				-0.25,
				0.816101
			],
			[
				-0.24,
				0.829057
			],
			[
				-0.23,
				0.842013
			],
			[
				-0.22,
				0.854969
			],
			[
				-0.21,
				0.867925
			],
			[
				-0.2,
				0.880881
			],
			[
				-0.19,
				0.893836
			],
			[
				-0.18,
				0.906792
			],
			[
				-0.17,
				0.919748
			],
			[
				-0.16,
				0.932704
			],
			[
				-0.15,
				0.94566
			],
			[
				-0.14,
				0.958616
			],
			[
				-0.13,
				0.971572
			],
			[
				-0.12,
				0.984528
			],
			[
				-0.11,
				0.997484
			],
			[
				-0.1,
				1.01044
			],
			[
				-0.09,
				1.0234
			],
			[
				-0.08,
				1.03635
			],
			[
				-0.07,
				1.04931
			],
			[
				-0.06,
				1.06226
			],
			[
				-0.05,
				1.07522
			],
			[
				-0.04,
				1.08818
			],
			[
				-0.03,
				1.10113
			],
			[
				-0.02,
				1.11409
			],
			[
				-0.01,
				1.12704
			],
			[
				0.0,
				1.14
			]
		]
	}
}
