{
	"ID": 271,
	"name": "VACODYM_854AP_120C",
	"conductivity": 0.0,
	"relPermeability": 1.0,
	"remanence": 0.0,
	"linear": false,
	"BHCurve": {
		"default": [
			[
				-0.790361,
				0.0
			],
			[
				-0.790325,
				0.0002431
			],
			[
				-0.789325,
				0.00576716
			],
			[
				-0.788325,
				0.0107976
			],
			[
				-0.787325,
				0.015027
			],
			[
				-0.786325,
				0.0188328
			],
			[
				-0.785325,
				0.0225326
			],
			[
				-0.784325,
				0.0260602
			],
			[
				-0.783325,
				0.0294168
			],
			[
				-0.782325,
				0.0326345
			],
			[
				-0.781325,
				0.0357454
			],
			[
				-0.780325,
				0.0387815
			],
			[
				-0.779325,
				0.0417748
			],
			[
				-0.778325,
				0.0447517
			],
			[
				-0.777325,
				0.0476991
			],
			[
				-0.776325,
				0.0505977
			],
			[
				-0.775325,
				0.0534293
			],
			[
				-0.774325,
				0.0561758
			],
			[
				-0.773325,
				0.0588189
			],
			[
				-0.772325,
				0.0613406
			],
			[
				-0.771325,
				0.0637412
			],
			[
				-0.770325,
				0.0660735
			],
			[
				-0.769325,
				0.0683456
			],
			[
				-0.768325,
				0.0705615
			],
			[
				-0.767325,
				0.0727252
			],
			[
				-0.766325,
				0.0748405
			],
			[
				-0.765325,
				0.0769114
			],
			[
				-0.764325,
				0.0789417
			],
			[
				-0.763325,
				0.0809355
			],
			[
				-0.762325,
				0.0828965
			],
			[
				-0.761325,
				0.0848288
			],
			[
				-0.760325,
				0.0867362
			],
			[
				-0.759325,
				0.0886227
			],
			[
				-0.758325,
				0.0904921
			],
			[
				-0.757325,
				0.0923425
			],
			[
				-0.756325,
				0.0941636
			],
			[
				-0.755325,
				0.0959567
			],
			[
				-0.754325,
				0.0977235
			],
			[
				-0.753325,
				0.0994657
			],
			[
				-0.752325,
				0.101185
			],
			[
				-0.751325,
				0.102883
			],
			[
				-0.750325,
				0.104562
			],
			[
				-0.749325,
				0.106223
			],
			[
				-0.748325,
				0.107867
			],
			[
				-0.747325,
				0.109498
			],
			[
				-0.746325,
				0.111116
			],
			[
				-0.745325,
				0.112722
			],
			[
				-0.744325,
				0.11432
			],
			[
				-0.743325,
				0.11591
			],
			[
				-0.742325,
				0.117494
			],
			[
				-0.741325,
				0.119074
			],
			[
				-0.740325,
				0.120651
			],
			[
				-0.739325,
				0.122216
			],
			[
				-0.738325,
				0.123768
			],
			[
				-0.737325,
				0.125309
			],
			[
				-0.736325,
				0.126838
			],
			[
				-0.735325,
				0.128357
			],
			[
				-0.734325,
				0.129865
			],
			[
				-0.733325,
				0.131364
			],
			[
				-0.732325,
				0.132853
			],
			[
				-0.731325,
				0.134334
			],
			[
				-0.730325,
				0.135807
			],
			[
				-0.729325,
				0.137272
			],
			[
				-0.728325,
				0.13873
			],
			[
				-0.727325,
				0.140182
			],
			[
				-0.726325,
				0.141629
			],
			[
				-0.725325,
				0.14307
			],
			[
				-0.724325,
				0.144506
			],
			[
				-0.723325,
				0.145938
			],
			[
				-0.722325,
				0.147367
			],
			[
				-0.721325,
				0.14879
			],
			[
				-0.720325,
				0.15021
			],
			[
				-0.719325,
				0.151625
			],
			[
				-0.718325,
				0.153037
			],
			[
				-0.717325,
				0.154444
			],
			[
				-0.7163250000000001,
				0.155847
			],
			[
				-0.7153250000000001,
				0.157247
			],
			[
				-0.7143250000000001,
				0.158642
			],
			[
				-0.7133250000000001,
				0.160034
			],
			[
				-0.7123250000000001,
				0.161423
			],
			[
				-0.7113250000000001,
				0.162808
			],
			[
				-0.7103250000000001,
				0.16419
			],
			[
				-0.7093250000000001,
				0.165568
			],
			[
				-0.7083250000000001,
				0.166943
			],
			[
				-0.7073250000000001,
				0.168316
			],
			[
				-0.7063250000000001,
				0.169685
			],
			[
				-0.7053250000000001,
				0.171051
			],
			[
				-0.7043250000000001,
				0.172415
			],
			[
				-0.7033250000000001,
				0.173775
			],
			[
				-0.7023250000000001,
				0.175134
			],
			[
				-0.7013250000000001,
				0.176489
			],
			[
				-0.7003250000000001,
				0.177842
			],
			[
				-0.6993250000000001,
				0.179193
			],
			[
				-0.6983250000000001,
				0.180542
			],
			[
				-0.6973250000000001,
				0.181888
			],
			[
				-0.6963250000000001,
				0.183233
			],
			[
				-0.6953250000000001,
				0.184575
			],
			[
				-0.6943250000000001,
				0.185916
			],
			[
				-0.6933250000000001,
				0.187255
			],
			[
				-0.6923250000000001,
				0.188592
			],
			[
				-0.6913250000000001,
				0.189927
			],
			[
				-0.6903250000000001,
				0.191261
			],
			[
				-0.6893250000000001,
				0.192594
			],
			[
				-0.6883250000000001,
				0.193925
			],
			[
				-0.6873250000000001,
				0.195255
			],
			[
				-0.6863250000000001,
				0.196584
			],
			[
				-0.6853250000000001,
				0.197912
			],
			[
				-0.6843250000000001,
				0.199239
			],
			[
				-0.6833250000000001,
				0.200565
			],
			[
				-0.6823250000000001,
				0.201891
			],
			[
				-0.6813250000000001,
				0.203215
			],
			[
				-0.6803250000000001,
				0.204539
			],
			[
				-0.6793250000000001,
				0.205863
			],
			[
				-0.6783250000000001,
				0.207186
			],
			[
				-0.6773250000000001,
				0.208509
			],
			[
				-0.6763250000000001,
				0.209832
			],
			[
				-0.6753250000000001,
				0.211155
			],
			[
				-0.6743250000000001,
				0.212477
			],
			[
				-0.6733250000000001,
				0.2138
			],
			[
				-0.6723250000000001,
				0.215123
			],
			[
				-0.6713250000000001,
				0.216446
			],
			[
				-0.6703250000000001,
				0.21777
			],
			[
				-0.6693250000000001,
				0.219094
			],
			[
				-0.6683250000000001,
				0.220418
			],
			[
				-0.6673250000000001,
				0.221743
			],
			[
				-0.6663250000000001,
				0.223069
			],
			[
				-0.665325,
				0.224396
			],
			[
				-0.664325,
				0.225724
			],
			[
				-0.663325,
				0.227052
			],
			[
				-0.662325,
				0.228382
			],
			[
				-0.661325,
				0.229713
			],
			[
				-0.660325,
				0.231045
			],
			[
				-0.659325,
				0.232379
			],
			[
				-0.658325,
				0.233714
			],
			[
				-0.657325,
				0.23505
			],
			[
				-0.656325,
				0.236389
			],
			[
				-0.655325,
				0.237729
			],
			[
				-0.654325,
				0.239071
			],
			[
				-0.653325,
				0.240415
			],
			[
				-0.65,
				0.244896
			],
			[
				-0.64,
				0.258393
			],
			[
				-0.63,
				0.27189
			],
			[
				-0.62,
				0.285387
			],
			[
				-0.61,
				0.298884
			],
			[
				-0.6,
				0.312381
			],
			[
				-0.59,
				0.325878
			],
			[
				-0.58,
				0.339374
			],
			[
				-0.57,
				0.352871
			],
			[
				-0.56,
				0.366368
			],
			[
				-0.55,
				0.379865
			],
			[
				-0.54,
				0.393362
			],
			[
				-0.53,
				0.406859
			],
			[
				-0.52,
				0.420356
			],
			[
				-0.51,
				0.433852
			],
			[
				-0.5,
				0.447349
			],
			[
				-0.49,
				0.460846
			],
			[
				-0.48,
				0.474343
			],
			[
				-0.47,
				0.48784
			],
			[
				-0.46,
				0.501337
			],
			[
				-0.45,
				0.514834
			],
			[
				-0.44,
				0.52833
			],
			[
				-0.43,
				0.541827
			],
			[
				-0.42,
				0.555324
			],
			[
				-0.41,
				0.568821
			],
			[
				-0.4,
				0.582318
			],
			[
				-0.39,
				0.595815
			],
			[
				-0.38,
				0.609311
			],
			[
				-0.37,
				0.622808
			],
			[
				-0.36,
				0.636305
			],
			[
				-0.35,
				0.649802
			],
			[
				-0.34,
				0.663299
			],
			[
				-0.33,
				0.676796
			],
			[
				-0.32,
				0.690293
			],
			[
				-0.31,
				0.703789
			],
			[
				-0.3,
				0.717286
			],
			[
				-0.29,
				0.730783
			],
			[
				-0.28,
				0.74428
			],
			[
				-0.27,
				0.757777
			],
			[
				-0.26,
				0.771274
			],
			[
				-0.25,
				0.784771
			],
			[
				-0.24,
				0.798267
			],
			[
				-0.23,
				0.811764
			],
			[
				-0.22,
				0.825261
			],
			[
				-0.21,
				0.838758
			],
			[
				-0.2,
				0.852255
			],
			[
				-0.19,
				0.865752
			],
			[
				-0.18,
				0.879249
			],
			[
				-0.17,
				0.892745
			],
			[
				-0.16,
				0.906242
			],
			[
				-0.15,
				0.919739
			],
			[
				-0.14,
				0.933236
			],
			[
				-0.13,
				0.946733
			],
			[
				-0.12,
				0.96023
			],
			[
