{
	"ID": 307,
	"name": "VACODYM_863TP_120C",
	"conductivity": 0.0,
	"relPermeability": 0.0,
	"remanence": "no information",
	"linear": false,
	"BHCurve": {
		"default": [
			[
				-0.865093,
				0.0
			],
			[
				-0.865091,
				3.19037e-06
			],
			[
				-0.864091,
				0.00131153
			],
			[
				-0.863091,
				0.00262009
			],
			[
				-0.862091,
				0.00392894
			],
			[
				-0.861091,
				0.00523813
			],
			[
				-0.860091,
				0.00654774
			],
			[
				-0.859091,
				0.0078578
			],
			[
				-0.858091,
				0.0091684
			],
			[
				-0.857091,
				0.0104796
			],
			[
				-0.856091,
				0.0117914
			],
			[
				-0.855091,
				0.013104
			],
			[
				-0.854091,
				0.0144173
			],
			[
				-0.853091,
				0.0157314
			],
			[
				-0.852091,
				0.0170465
			],
			[
				-0.851091,
				0.0183624
			],
			[
				-0.850091,
				0.0196794
			],
			[
				-0.849091,
				0.0209975
			],
			[
				-0.848091,
				0.0223167
			],
			[
				-0.847091,
				0.0236371
			],
			[
				-0.846091,
				0.0249588
			],
			[
				-0.845091,
				0.0262817
			],
			[
				-0.844091,
				0.0276061
			],
			[
				-0.843091,
				0.0289319
			],
			[
				-0.842091,
				0.0302591
			],
			[
				-0.841091,
				0.031588
			],
			[
				-0.840091,
				0.0329184
			],
			[
				-0.839091,
				0.0342506
			],
			[
				-0.838091,
				0.0355844
			],
			[
				-0.837091,
				0.0369201
			],
			[
				-0.836091,
				0.0382571
			],
			[
				-0.835091,
				0.0395942
			],
			[
				-0.834091,
				0.0409314
			],
			[
				-0.833091,
				0.0422685
			],
			[
				-0.832091,
				0.0436056
			],
			[
				-0.831091,
				0.0449427
			],
			[
				-0.830091,
				0.0462798
			],
			[
				-0.829091,
				0.0476169
			],
			[
				-0.828091,
				0.048954
			],
			[
				-0.827091,
				0.0502911
			],
			[
				-0.826091,
				0.0516282
			],
			[
				-0.825091,
				0.0529653
			],
			[
				-0.824091,
				0.0543024
			],
			[
				-0.823091,
				0.0556395
			],
			[
				-0.82,
				0.0597723
			],
			[
				-0.81,
				0.0731434
			],
			[
				-0.8,
				0.0865145
			],
			[
				-0.79,
				0.0998855
			],
			[
				-0.78,
				0.113257
			],
			[
				-0.77,
				0.126628
			],
			[
				-0.76,
				0.139999
			],
			[
				-0.75,
				0.15337
			],
			[
				-0.74,
				0.166741
			],
			[
				-0.73,
				0.180112
			],
			[
				-0.72,
				0.193483
			],
			[
				-0.71,
				0.206854
			],
			[
				-0.7,
				0.220225
			],
			[
				-0.69,
				0.233596
			],
			[
				-0.68,
				0.246967
			],
			[
				-0.67,
				0.260338
			],
			[
				-0.66,
				0.273709
			],
			[
				-0.65,
				0.287081
			],
			[
				-0.64,
				0.300452
			],
			[
				-0.63,
				0.313823
			],
			[
				-0.62,
				0.327194
			],
			[
				-0.61,
				0.340565
			],
			[
				-0.6,
				0.353936
			],
			[
				-0.59,
				0.367307
			],
			[
				-0.58,
				0.380678
			],
			[
				-0.57,
				0.394049
			],
			[
				-0.56,
				0.40742
			],
			[
				-0.55,
				0.420791
			],
			[
				-0.54,
				0.434162
			],
			[
				-0.53,
				0.447533
			],
			[
				-0.52,
				0.460904
			],
			[
				-0.51,
				0.474275
			],
			[
				-0.5,
				0.487647
			],
			[
				-0.49,
				0.501018
			],
			[
				-0.48,
				0.514389
			],
			[
				-0.47,
				0.52776
			],
			[
				-0.46,
				0.541131
			],
			[
				-0.45,
				0.554502
			],
			[
				-0.44,
				0.567873
			],
			[
				-0.43,
				0.581244
			],
			[
				-0.42,
				0.594615
			],
			[
				-0.41,
				0.607986
			],
			[
				-0.4,
				0.621357
			],
			[
				-0.39,
				0.634728
			],
			[
				-0.38,
				0.648099
			],
			[
				-0.37,
				0.66147
			],
			[
				-0.36,
				0.674842
			],
			[
				-0.35,
				0.688213
			],
			[
				-0.34,
				0.701584
			],
			[
				-0.33,
				0.714955
			],
			[
				-0.32,
				0.728326
			],
			[
				-0.31,
				0.741697
			],
			[
				-0.3,
				0.755068
			],
			[
				-0.29,
				0.768439
			],
			[
				-0.28,
				0.78181
			],
			[
				-0.27,
				0.795181
			],
			[
				-0.26,
				0.808552
			],
			[
				-0.25,
				0.821923
			],
			[
				-0.24,
				0.835294
			],
			[
				-0.23,
				0.848665
			],
			[
				-0.22,
				0.862036
			],
			[
				-0.21,
				0.875408
			],
			[
				-0.2,
				0.888779
			],
			[
				-0.19,
				0.90215
			],
			[
				-0.18,
				0.915521
			],
			[
				-0.17,
				0.928892
			],
			[
				-0.16,
				0.942263
			],
			[
				-0.15,
				0.955634
			],
			[
				-0.14,
				0.969005
			],
			[
				-0.13,
				0.982376
			],
			[
				-0.12,
				0.995747
			],
			[
				-0.11,
				1.00912
			],
			[
				-0.1,
				1.02249
			],
			[
				-0.09,
				1.03586
			],
			[
				-0.08,
				1.04923
			],
			[
				-0.07,
				1.0626
			],
			[
				-0.06,
				1.07597
			],
			[
				-0.05,
				1.08934
			],
			[
				-0.04,
				1.10272
			],
			[
				-0.03,
				1.11609
			],
			[
				-0.02,
				1.12946
			],
			[
				-0.01,
				1.14283
			],
			[
				0.0,
				1.1562
			]
		]
	}
}
