{
	"ID": 275,
	"name": "VACODYM_854AP_60C",
	"conductivity": 0.0,
	"relPermeability": 0.0,
	"remanence": "no information",
	"linear": false,
	"BHCurve": {
		"default": [
			[
				-0.913864,
				0.0
			],
			[
				-0.91,
				0.00511831
			],
			[
				-0.9,
				0.0183661
			],
			[
				-0.89,
				0.0316139
			],
			[
				-0.88,
				0.0448617
			],
			[
				-0.87,
				0.0581095
			],
			[
				-0.86,
				0.0713573
			],
			[
				-0.85,
				0.0846051
			],
			[
				-0.84,
				0.0978529
			],
			[
				-0.83,
				0.111101
			],
			[
				-0.82,
				0.124349
			],
			[
				-0.81,
				0.137596
			],
			[
				-0.8,
				0.150844
			],
			[
				-0.79,
				0.164092
			],
			[
				-0.78,
				0.17734
			],
			[
				-0.77,
				0.190587
			],
			[
				-0.76,
				0.203835
			],
			[
				-0.75,
				0.217083
			],
			[
				-0.74,
				0.230331
			],
			[
				-0.73,
				0.243579
			],
			[
				-0.72,
				0.256826
			],
			[
				-0.71,
				0.270074
			],
			[
				-0.7,
				0.283322
			],
			[
				-0.69,
				0.29657
			],
			[
				-0.68,
				0.309818
			],
			[
				-0.67,
				0.323065
			],
			[
				-0.66,
				0.336313
			],
			[
				-0.65,
				0.349561
			],
			[
				-0.64,
				0.362809
			],
			[
				-0.63,
				0.376057
			],
			[
				-0.62,
				0.389304
			],
			[
				-0.61,
				0.402552
			],
			[
				-0.6,
				0.4158
			],
			[
				-0.59,
				0.429048
			],
			[
				-0.58,
				0.442296
			],
			[
				-0.57,
				0.455543
			],
			[
				-0.56,
				0.468791
			],
			[
				-0.55,
				0.482039
			],
			[
				-0.54,
				0.495287
			],
			[
				-0.53,
				0.508535
			],
			[
				-0.52,
				0.521782
			],
			[
				-0.51,
				0.53503
			],
			[
				-0.5,
				0.548278
			],
			[
				-0.49,
				0.561526
			],
			[
				-0.48,
				0.574774
			],
			[
				-0.47,
				0.588021
			],
			[
				-0.46,
				0.601269
			],
			[
				-0.45,
				0.614517
			],
			[
				-0.44,
				0.627765
			],
			[
				-0.43,
				0.641013
			],
			[
				-0.42,
				0.65426
			],
			[
				-0.41,
				0.667508
			],
			[
				-0.4,
				0.680756
			],
			[
				-0.39,
				0.694004
			],
			[
				-0.38,
				0.707252
			],
			[
				-0.37,
				0.720499
			],
			[
				-0.36,
				0.733747
			],
			[
				-0.35,
				0.746995
			],
			[
				-0.34,
				0.760243
			],
			[
				-0.33,
				0.773491
			],
			[
				-0.32,
				0.786738
			],
			[
				-0.31,
				0.799986
			],
			[
				-0.3,
				0.813234
			],
			[
				-0.29,
				0.826482
			],
			[
				-0.28,
				0.83973
			],
			[
				-0.27,
				0.852977
			],
			[
				-0.26,
				0.866225
			],
			[
				-0.25,
				0.879473
			],
			[
				-0.24,
				0.892721
			],
			[
				-0.23,
				0.905969
			],
			[
				-0.22,
				0.919216
			],
			[
				-0.21,
				0.932464
			],
			[
				-0.2,
				0.945712
			],
			[
				-0.19,
				0.95896
			],
			[
				-0.18,
				0.972208
			],
			[
				-0.17,
				0.985455
			],
			[
				-0.16,
				0.998703
			],
			[
				-0.15,
				1.01195
			],
			[
				-0.14,
				1.0252
			],
			[
				-0.13,
				1.03845
			],
			[
				-0.12,
				1.05169
			],
			[
				-0.11,
				1.06494
			],
			[
				-0.1,
				1.07819
			],
			[
				-0.09,
				1.09144
			],
			[
				-0.08,
				1.10469
			],
			[
				-0.07,
				1.11793
			],
			[
				-0.06,
				1.13118
			],
			[
				-0.05,
				1.14443
			],
			[
				-0.04,
				1.15768
			],
			[
				-0.03,
				1.17092
			],
			[
				-0.02,
				1.18417
			],
			[
				-0.01,
				1.19742
			],
			[
				0.0,
				1.21067
			]
		]
	}
}
