{
	"ID": 136,
	"name": "VACODYM_633TP_150C",
	"conductivity": 0.0,
	"relPermeability": 1.0,
	"remanence": 0.0,
	"linear": false,
	"BHCurve": {
		"default": [
			[
				-0.39096600000000004,
				0.0
			],
			[
				-0.390816,
				0.00671828
			],
			[
				-0.389816,
				0.0514815
			],
			[
				-0.388816,
				0.0962448
			],
			[
				-0.387816,
				0.141008
			],
			[
				-0.386816,
				0.185771
			],
			[
				-0.385816,
				0.230535
			],
			[
				-0.384816,
				0.275298
			],
			[
				-0.383816,
				0.320061
			],
			[
				-0.382816,
				0.364824
			],
			[
				-0.381816,
				0.409588
			],
			[
				-0.380816,
				0.454351
			],
			[
				-0.379816,
				0.505282
			],
			[
				-0.378816,
				0.550954
			],
			[
				-0.377816,
				0.571471
			],
			[
				-0.376816,
				0.582469
			],
			[
				-0.375816,
				0.589937
			],
			[
				-0.374816,
				0.595551
			],
			[
				-0.373816,
				0.600632
			],
			[
				-0.372816,
				0.605215
			],
			[
				-0.371816,
				0.609485
			],
			[
				-0.370816,
				0.613623
			],
			[
				-0.369816,
				0.617664
			],
			[
				-0.368816,
				0.621488
			],
			[
				-0.367816,
				0.62497
			],
			[
				-0.366816,
				0.628084
			],
			[
				-0.365816,
				0.631007
			],
			[
				-0.364816,
				0.633767
			],
			[
				-0.363816,
				0.636386
			],
			[
				-0.36281599999999997,
				0.638882
			],
			[
				-0.36181599999999997,
				0.641276
			],
			[
				-0.36081599999999997,
				0.643588
			],
			[
				-0.35981599999999997,
				0.645831
			],
			[
				-0.35881599999999997,
				0.647991
			],
			[
				-0.35781599999999997,
				0.650072
			],
			[
				-0.35681599999999997,
				0.652083
			],
			[
				-0.35581599999999997,
				0.654034
			],
			[
				-0.35481599999999996,
				0.655934
			],
			[
				-0.35381599999999996,
				0.657792
			],
			[
				-0.35281599999999996,
				0.659617
			],
			[
				-0.35181599999999996,
				0.66142
			],
			[
				-0.35081599999999996,
				0.663205
			],
			[
				-0.34981599999999996,
				0.664959
			],
			[
				-0.34881599999999996,
				0.666682
			],
			[
				-0.34781599999999996,
				0.668373
			],
			[
				-0.34681599999999996,
				0.670032
			],
			[
				-0.34581599999999996,
				0.671661
			],
			[
				-0.34481599999999996,
				0.673261
			],
			[
				-0.34381599999999995,
				0.67483
			],
			[
				-0.34281599999999995,
				0.676371
			],
			[
				-0.34181599999999995,
				0.677885
			],
			[
				-0.34081599999999995,
				0.679379
			],
			[
				-0.33981599999999995,
				0.680856
			],
			[
				-0.33881599999999995,
				0.682315
			],
			[
				-0.33781599999999995,
				0.683758
			],
			[
				-0.33681599999999995,
				0.685186
			],
			[
				-0.33581599999999995,
				0.6866
			],
			[
				-0.33481599999999995,
				0.688
			],
			[
				-0.333816,
				0.689387
			],
			[
				-0.332816,
				0.690762
			],
			[
				-0.331816,
				0.692126
			],
			[
				-0.330816,
				0.69348
			],
			[
				-0.329816,
				0.694824
			],
			[
				-0.328816,
				0.69616
			],
			[
				-0.327816,
				0.697488
			],
			[
				-0.326816,
				0.698809
			],
			[
				-0.325816,
				0.700124
			],
			[
				-0.324816,
				0.701433
			],
			[
				-0.323816,
				0.702738
			],
			[
				-0.322816,
				0.70404
			],
			[
				-0.321816,
				0.705339
			],
			[
				-0.32,
				0.707693
			],
			[
				-0.31,
				0.720764
			],
			[
				-0.3,
				0.734243
			],
			[
				-0.29,
				0.747739
			],
			[
				-0.28,
				0.761234
			],
			[
				-0.27,
				0.77473
			],
			[
				-0.26,
				0.788226
			],
			[
				-0.25,
				0.801721
			],
			[
				-0.24,
				0.815217
			],
			[
				-0.23,
				0.828712
			],
			[
				-0.22,
				0.842208
			],
			[
				-0.21,
				0.855704
			],
			[
				-0.2,
				0.869199
			],
			[
				-0.19,
				0.882695
			],
			[
				-0.18,
				0.89619
			],
			[
				-0.17,
				0.909686
			],
			[
				-0.16,
				0.923182
			],
			[
				-0.15,
				0.936677
			],
			[
				-0.14,
				0.950173
			],
			[
				-0.13,
				0.963668
			],
			[
				-0.12,
				0.977164
			],
			[
				-0.11,
				0.99066
			],
			[
				-0.1,
				1.00416
			],
			[
				-0.09,
				1.01765
			],
			[
				-0.08,
				1.03115
			],
			[
				-0.07,
				1.04464
			],
			[
				-0.06,
				1.05814
			],
			[
				-0.05,
				1.07163
			],
			[
				-0.04,
				1.08513
			],
			[
				-0.03,
				1.09862
			],
			[
				-0.02,
				1.11212
			],
			[
				-0.01,
				1.12562
			],
			[
				0.0,
				1.13911
			]
		]
	}
}
