{
	"ID": 212,
	"name": "VACODYM_764TP_150C",
	"conductivity": 0.0,
	"relPermeability": 0.0,
	"remanence": "no information",
	"linear": false,
	"BHCurve": {
		"default": [
			[
				-0.288423,
				0.0
			],
			[
				-0.288228,
				0.00894899
			],
			[
				-0.287228,
				0.0549282
			],
			[
				-0.286228,
				0.100907
			],
			[
				-0.285228,
				0.146887
			],
			[
				-0.28422800000000004,
				0.192866
			],
			[
				-0.28322800000000004,
				0.238845
			],
			[
				-0.28222800000000003,
				0.284824
			],
			[
				-0.28122800000000003,
				0.330803
			],
			[
				-0.28022800000000003,
				0.376782
			],
			[
				-0.27922800000000003,
				0.422762
			],
			[
				-0.27822800000000003,
				0.468741
			],
			[
				-0.27722800000000003,
				0.51472
			],
			[
				-0.27622800000000003,
				0.560699
			],
			[
				-0.27522800000000003,
				0.606678
			],
			[
				-0.274228,
				0.656712
			],
			[
				-0.273228,
				0.705466
			],
			[
				-0.272228,
				0.733742
			],
			[
				-0.271228,
				0.747929
			],
			[
				-0.270228,
				0.755981
			],
			[
				-0.269228,
				0.76259
			],
			[
				-0.268228,
				0.768385
			],
			[
				-0.267228,
				0.773903
			],
			[
				-0.266228,
				0.778919
			],
			[
				-0.265228,
				0.783068
			],
			[
				-0.264228,
				0.786742
			],
			[
				-0.263228,
				0.790074
			],
			[
				-0.262228,
				0.793126
			],
			[
				-0.261228,
				0.795962
			],
			[
				-0.260228,
				0.798614
			],
			[
				-0.259228,
				0.801088
			],
			[
				-0.258228,
				0.803414
			],
			[
				-0.257228,
				0.805623
			],
			[
				-0.256228,
				0.807745
			],
			[
				-0.255228,
				0.809809
			],
			[
				-0.254228,
				0.811815
			],
			[
				-0.253228,
				0.813753
			],
			[
				-0.252228,
				0.815616
			],
			[
				-0.251228,
				0.817402
			],
			[
				-0.250228,
				0.819104
			],
			[
				-0.249228,
				0.820724
			],
			[
				-0.248228,
				0.822296
			],
			[
				-0.247228,
				0.82383
			],
			[
				-0.246228,
				0.825328
			],
			[
				-0.245228,
				0.826793
			],
			[
				-0.244228,
				0.828228
			],
			[
				-0.243228,
				0.829634
			],
			[
				-0.242228,
				0.831015
			],
			[
				-0.241228,
				0.832372
			],
			[
				-0.240228,
				0.833709
			],
			[
				-0.239228,
				0.835028
			],
			[
				-0.238228,
				0.836332
			],
			[
				-0.23722800000000002,
				0.837622
			],
			[
				-0.23,
				0.84679
			],
			[
				-0.22,
				0.860055
			],
			[
				-0.21,
				0.873551
			],
			[
				-0.2,
				0.887046
			],
			[
				-0.19,
				0.900542
			],
			[
				-0.18,
				0.914038
			],
			[
				-0.17,
				0.927533
			],
			[
				-0.16,
				0.941029
			],
			[
				-0.15,
				0.954524
			],
			[
				-0.14,
				0.96802
			],
			[
				-0.13,
				0.981516
			],
			[
				-0.12,
				0.995011
			],
			[
				-0.11,
				1.00851
			],
			[
				-0.1,
				1.022
			],
			[
				-0.09,
				1.0355
			],
			[
				-0.08,
				1.04899
			],
			[
				-0.07,
				1.06249
			],
			[
				-0.06,
				1.07598
			],
			[
				-0.05,
				1.08948
			],
			[
				-0.04,
				1.10298
			],
			[
				-0.03,
				1.11647
			],
			[
				-0.02,
				1.12997
			],
			[
				-0.01,
				1.14346
			],
			[
				0.0,
				1.15696
			]
		]
	}
}
