{
	"ID": 356,
	"name": "VACODYM_890TP_150C",
	"conductivity": 0.0,
	"relPermeability": 0.0,
	"remanence": "no information",
	"linear": false,
	"BHCurve": {
		"default": [
			[
				-0.7673909999999999,
				0.0
			],
			[
				-0.76,
				0.00997459
			],
			[
				-0.75,
				0.0234702
			],
			[
				-0.74,
				0.0369658
			],
			[
				-0.73,
				0.0504614
			],
			[
				-0.72,
				0.063957
			],
			[
				-0.71,
				0.0774526
			],
			[
				-0.7,
				0.0909482
			],
			[
				-0.69,
				0.104444
			],
			[
				-0.68,
				0.117939
			],
			[
				-0.67,
				0.131435
			],
			[
				-0.66,
				0.144931
			],
			[
				-0.65,
				0.158426
			],
			[
				-0.64,
				0.171922
			],
			[
				-0.63,
				0.185417
			],
			[
				-0.62,
				0.198913
			],
			[
				-0.61,
				0.212409
			],
			[
				-0.6,
				0.225904
			],
			[
				-0.59,
				0.2394
			],
			[
				-0.58,
				0.252895
			],
			[
				-0.57,
				0.266391
			],
			[
				-0.56,
				0.279887
			],
			[
				-0.55,
				0.293382
			],
			[
				-0.54,
				0.306878
			],
			[
				-0.53,
				0.320373
			],
			[
				-0.52,
				0.333869
			],
			[
				-0.51,
				0.347365
			],
			[
				-0.5,
				0.36086
			],
			[
				-0.49,
				0.374356
			],
			[
				-0.48,
				0.387851
			],
			[
				-0.47,
				0.401347
			],
			[
				-0.46,
				0.414843
			],
			[
				-0.45,
				0.428338
			],
			[
				-0.44,
				0.441834
			],
			[
				-0.43,
				0.455329
			],
			[
				-0.42,
				0.468825
			],
			[
				-0.41,
				0.482321
			],
			[
				-0.4,
				0.495816
			],
			[
				-0.39,
				0.509312
			],
			[
				-0.38,
				0.522807
			],
			[
				-0.37,
				0.536303
			],
			[
				-0.36,
				0.549798
			],
			[
				-0.35,
				0.563294
			],
			[
				-0.34,
				0.57679
			],
			[
				-0.33,
				0.590285
			],
			[
				-0.32,
				0.603781
			],
			[
				-0.31,
				0.617276
			],
			[
				-0.3,
				0.630772
			],
			[
				-0.29,
				0.644268
			],
			[
				-0.28,
				0.657763
			],
			[
				-0.27,
				0.671259
			],
			[
				-0.26,
				0.684754
			],
			[
				-0.25,
				0.69825
			],
			[
				-0.24,
				0.711746
			],
			[
				-0.23,
				0.725241
			],
			[
				-0.22,
				0.738737
			],
			[
				-0.21,
				0.752232
			],
			[
				-0.2,
				0.765728
			],
			[
				-0.19,
				0.779224
			],
			[
				-0.18,
				0.792719
			],
			[
				-0.17,
				0.806215
			],
			[
				-0.16,
				0.81971
			],
			[
				-0.15,
				0.833206
			],
			[
				-0.14,
				0.846702
			],
			[
				-0.13,
				0.860197
			],
			[
				-0.12,
				0.873693
			],
			[
				-0.11,
				0.887188
			],
			[
				-0.1,
				0.900684
			],
			[
				-0.09,
				0.91418
			],
			[
				-0.08,
				0.927675
			],
			[
				-0.07,
				0.941171
			],
			[
				-0.06,
				0.954666
			],
			[
				-0.05,
				0.968162
			],
			[
				-0.04,
				0.981658
			],
			[
				-0.03,
				0.995153
			],
			[
				-0.02,
				1.00865
			],
			[
				-0.01,
				1.02214
			],
			[
				0.0,
				1.03564
			]
		]
	}
}
