{
	"ID": 264,
	"name": "VACODYM_837TP_100C",
	"conductivity": 0.0,
	"relPermeability": 1.0,
	"remanence": 0.0,
	"linear": false,
	"BHCurve": {
		"default": [
			[
				-0.702365,
				0.0
			],
			[
				-0.7018519999999999,
				0.024857
			],
			[
				-0.700852,
				0.0733584
			],
			[
				-0.699852,
				0.12186
			],
			[
				-0.698852,
				0.175804
			],
			[
				-0.697852,
				0.230429
			],
			[
				-0.696852,
				0.254692
			],
			[
				-0.695852,
				0.264816
			],
			[
				-0.694852,
				0.271617
			],
			[
				-0.693852,
				0.277305
			],
			[
				-0.692852,
				0.282326
			],
			[
				-0.691852,
				0.286542
			],
			[
				-0.690852,
				0.29041
			],
			[
				-0.689852,
				0.294161
			],
			[
				-0.688852,
				0.297701
			],
			[
				-0.687852,
				0.301068
			],
			[
				-0.686852,
				0.304301
			],
			[
				-0.685852,
				0.307438
			],
			[
				-0.684852,
				0.310519
			],
			[
				-0.683852,
				0.313578
			],
			[
				-0.682852,
				0.316606
			],
			[
				-0.681852,
				0.319579
			],
			[
				-0.680852,
				0.322473
			],
			[
				-0.679852,
				0.325268
			],
			[
				-0.678852,
				0.32794
			],
			[
				-0.677852,
				0.330467
			],
			[
				-0.676852,
				0.332885
			],
			[
				-0.675852,
				0.335233
			],
			[
				-0.674852,
				0.337516
			],
			[
				-0.673852,
				0.339738
			],
			[
				-0.672852,
				0.341905
			],
			[
				-0.671852,
				0.344021
			],
			[
				-0.670852,
				0.346091
			],
			[
				-0.669852,
				0.34812
			],
			[
				-0.668852,
				0.350111
			],
			[
				-0.667852,
				0.352071
			],
			[
				-0.666852,
				0.354003
			],
			[
				-0.665852,
				0.355913
			],
			[
				-0.664852,
				0.357804
			],
			[
				-0.663852,
				0.359667
			],
			[
				-0.662852,
				0.361497
			],
			[
				-0.661852,
				0.363297
			],
			[
				-0.660852,
				0.365069
			],
			[
				-0.659852,
				0.366814
			],
			[
				-0.658852,
				0.368536
			],
			[
				-0.657852,
				0.370235
			],
			[
				-0.656852,
				0.371914
			],
			[
				-0.655852,
				0.373576
			],
			[
				-0.654852,
				0.375221
			],
			[
				-0.653852,
				0.376853
			],
			[
				-0.652852,
				0.378472
			],
			[
				-0.651852,
				0.380082
			],
			[
				-0.650852,
				0.381685
			],
			[
				-0.649852,
				0.383281
			],
			[
				-0.648852,
				0.384874
			],
			[
				-0.647852,
				0.386458
			],
			[
				-0.646852,
				0.388028
			],
			[
				-0.645852,
				0.389586
			],
			[
				-0.644852,
				0.391132
			],
			[
				-0.643852,
				0.392666
			],
			[
				-0.642852,
				0.394188
			],
			[
				-0.641852,
				0.3957
			],
			[
				-0.640852,
				0.3972
			],
			[
				-0.639852,
				0.398691
			],
			[
				-0.638852,
				0.400171
			],
			[
				-0.637852,
				0.401643
			],
			[
				-0.636852,
				0.403105
			],
			[
				-0.635852,
				0.404558
			],
			[
				-0.634852,
				0.406003
			],
			[
				-0.633852,
				0.407441
			],
			[
				-0.632852,
				0.408871
			],
			[
				-0.631852,
				0.410294
			],
			[
				-0.630852,
				0.411711
			],
			[
				-0.629852,
				0.413123
			],
			[
				-0.628852,
				0.414528
			],
			[
				-0.627852,
				0.415928
			],
			[
				-0.626852,
				0.417323
			],
			[
				-0.625852,
				0.418712
			],
			[
				-0.624852,
				0.420096
			],
			[
				-0.623852,
				0.421475
			],
			[
				-0.622852,
				0.42285
			],
			[
				-0.621852,
				0.424219
			],
			[
				-0.620852,
				0.425584
			],
			[
				-0.619852,
				0.426945
			],
			[
				-0.618852,
				0.428301
			],
			[
				-0.617852,
				0.429653
			],
			[
				-0.616852,
				0.431001
			],
			[
				-0.615852,
				0.432346
			],
			[
				-0.614852,
				0.433686
			],
			[
				-0.613852,
				0.435023
			],
			[
				-0.612852,
				0.436357
			],
			[
				-0.611852,
				0.437687
			],
			[
				-0.610852,
				0.439015
			],
			[
				-0.609852,
				0.440339
			],
			[
				-0.608852,
				0.441661
			],
			[
				-0.607852,
				0.44298
			],
			[
				-0.606852,
				0.444296
			],
			[
				-0.605852,
				0.44561
			],
			[
				-0.604852,
				0.446922
			],
			[
				-0.6038519999999999,
				0.448232
			],
			[
				-0.6028519999999999,
				0.44954
			],
			[
				-0.6018519999999999,
				0.450846
			],
			[
				-0.6008519999999999,
				0.45215
			],
			[
				-0.5998519999999999,
				0.453453
			],
			[
				-0.5988519999999999,
				0.454754
			],
			[
				-0.5978519999999999,
				0.456055
			],
			[
				-0.5968519999999999,
				0.457354
			],
			[
				-0.5958519999999999,
				0.458653
			],
			[
				-0.5948519999999999,
				0.45995
			],
			[
				-0.5938519999999999,
				0.461247
			],
			[
				-0.5928519999999999,
				0.462544
			],
			[
				-0.5918519999999999,
				0.46384
			],
			[
				-0.5908519999999999,
				0.465136
			],
			[
				-0.5898519999999999,
				0.466433
			],
			[
				-0.5888519999999999,
				0.467729
			],
			[
				-0.5878519999999999,
				0.469025
			],
			[
				-0.5868519999999999,
				0.470322
			],
			[
				-0.5858519999999999,
				0.47162
			],
			[
				-0.5848519999999999,
				0.472918
			],
			[
				-0.5838519999999999,
				0.474217
			],
			[
				-0.5828519999999999,
				0.475517
			],
			[
				-0.5818519999999999,
				0.476819
			],
			[
				-0.5808519999999999,
				0.478121
			],
			[
				-0.5798519999999999,
				0.479425
			],
			[
				-0.5788519999999999,
				0.480731
			],
			[
				-0.5778519999999999,
				0.482038
			],
			[
				-0.5768519999999999,
				0.483348
			],
			[
				-0.57,
				0.492381
			],
			[
				-0.56,
				0.505669
			],
			[
				-0.55,
				0.518957
			],
			[
				-0.54,
				0.532245
			],
			[
				-0.53,
				0.545533
			],
			[
				-0.52,
				0.558821
			],
			[
				-0.51,
				0.572109
			],
			[
				-0.5,
				0.585397
			],
			[
				-0.49,
				0.598686
			],
			[
				-0.48,
				0.611974
			],
			[
				-0.47,
				0.625262
			],
			[
				-0.46,
				0.63855
			],
			[
				-0.45,
				0.651838
			],
			[
				-0.44,
				0.665126
			],
			[
				-0.43,
				0.678414
			],
			[
				-0.42,
				0.691702
			],
			[
				-0.41,
				0.70499
			],
			[
				-0.4,
				0.718278
			],
			[
				-0.39,
				0.731566
			],
			[
				-0.38,
				0.744854
			],
			[
				-0.37,
				0.758142
			],
			[
				-0.36,
				0.77143
			],
			[
				-0.35,
				0.784718
			],
			[
				-0.34,
				0.798006
			],
			[
				-0.33,
				0.811294
			],
			[
				-0.32,
				0.824582
			],
			[
				-0.31,
				0.83787
			],
			[
				-0.3,
				0.851158
			],
			[
				-0.29,
				0.864447
			],
			[
				-0.28,
				0.877735
			],
			[
				-0.27,
				0.891023
			],
			[
				-0.26,
				0.904311
			],
			[
				-0.25,
				0.917599
			],
			[
				-0.24,
				0.930887
			],
			[
				-0.23,
				0.944175
			],
			[
				-0.22,
				0.957463
			],
			[
				-0.21,
				0.970751
			],
			[
				-0.2,
				0.984039
			],
			[
				-0.19,
				0.997327
			],
			[
				-0.18,
				1.01062
			],
			[
				-0.17,
				1.0239
			],
			[
				-0.16,
				1.03719
			],
			[
				-0.15,
				1.05048
			],
			[
				-0.14,
				1.06377
			],
			[
				-0.13,
				1.07706
			],
			[
				-0.12,
				1.09034
			],
			[
				-0.11,
				1.10363
			],
			[
				-0.1,
				1.11692
			],
			[
				-0.09,
				1.13021
			],
			[
				-0.08,
				1.1435
			],
			[
				-0.07,
				1.15678
			],
			[
				-0.06,
				1.17007
			],
			[
				-0.05,
				1.18336
			],
			[
				-0.04,
				1.19665
			],
			[
				-0.03,
				1.20994
			],
			[
				-0.02,
				1.22322
			],
			[
				-0.01,
				1.23651
			],
			[
				0.0,
				1.2498
			]
		]
	}
}
