{
	"ID": 140,
	"name": "VACODYM_655AP_100C",
	"conductivity": 0.0,
	"relPermeability": 1.0,
	"remanence": 0.0,
	"linear": false,
	"BHCurve": {
		"default": [
			[
				-829.255,
				0.0
			],
			[
				-828.272,
				0.00129275
			],
			[
				-827.272,
				0.00260872
			],
			[
				-826.272,
				0.0039253
			],
			[
				-825.272,
				0.00524254
			],
			[
				-824.272,
				0.00656051
			],
			[
				-823.272,
				0.00787928
			],
			[
				-822.272,
				0.0091989
			],
			[
				-821.272,
				0.0105194
			],
			[
				-820.272,
				0.011841
			],
			[
				-819.272,
				0.0131635
			],
			[
				-818.272,
				0.0144872
			],
			[
				-817.272,
				0.015812
			],
			[
				-816.272,
				0.0171381
			],
			[
				-815.272,
				0.0184655
			],
			[
				-814.272,
				0.0197942
			],
			[
				-813.272,
				0.0211244
			],
			[
				-812.272,
				0.022456
			],
			[
				-811.272,
				0.0237892
			],
			[
				-810.272,
				0.025124
			],
			[
				-809.272,
				0.0264604
			],
			[
				-808.272,
				0.0277986
			],
			[
				-807.272,
				0.0291386
			],
			[
				-806.272,
				0.0304799
			],
			[
				-805.272,
				0.0318213
			],
			[
				-804.272,
				0.0331627
			],
			[
				-803.272,
				0.0345041
			],
			[
				-802.272,
				0.0358455
			],
			[
				-801.272,
				0.0371868
			],
			[
				-800.272,
				0.0385282
			],
			[
				-799.272,
				0.0398696
			],
			[
				-798.272,
				0.041211
			],
			[
				-797.272,
				0.0425524
			],
			[
				-796.272,
				0.0438938
			],
			[
				-790.0,
				0.0523069
			],
			[
				-780.0,
				0.0657208
			],
			[
				-770.0,
				0.0791346
			],
			[
				-760.0,
				0.0925484
			],
			[
				-750.0,
				0.105962
			],
			[
				-740.0,
				0.119376
			],
			[
				-730.0,
				0.13279
			],
			[
				-720.0,
				0.146204
			],
			[
				-710.0,
				0.159618
			],
			[
				-700.0,
				0.173031
			],
			[
				-690.0,
				0.186445
			],
			[
				-680.0,
				0.199859
			],
			[
				-670.0,
				0.213273
			],
			[
				-660.0,
				0.226687
			],
			[
				-650.0,
				0.240101
			],
			[
				-640.0,
				0.253514
			],
			[
				-630.0,
				0.266928
			],
			[
				-620.0,
				0.280342
			],
			[
				-610.0,
				0.293756
			],
			[
				-600.0,
				0.30717
			],
			[
				-590.0,
				0.320584
			],
			[
				-580.0,
				0.333997
			],
			[
				-570.0,
				0.347411
			],
			[
				-560.0,
				0.360825
			],
			[
				-550.0,
				0.374239
			],
			[
				-540.0,
				0.387653
			],
			[
				-530.0,
				0.401067
			],
			[
				-520.0,
				0.414481
			],
			[
				-510.0,
				0.427894
			],
			[
				-500.0,
				0.441308
			],
			[
				-490.0,
				0.454722
			],
			[
				-480.0,
				0.468136
			],
			[
				-470.0,
				0.48155
			],
			[
				-460.0,
				0.494964
			],
			[
				-450.0,
				0.508377
			],
			[
				-440.0,
				0.521791
			],
			[
				-430.0,
				0.535205
			],
			[
				-420.0,
				0.548619
			],
			[
				-410.0,
				0.562033
			],
			[
				-400.0,
				0.575447
			],
			[
				-390.0,
				0.58886
			],
			[
				-380.0,
				0.602274
			],
			[
				-370.0,
				0.615688
			],
			[
				-360.0,
				0.629102
			],
			[
				-350.0,
				0.642516
			],
			[
				-340.0,
				0.65593
			],
			[
				-330.0,
				0.669343
			],
			[
				-320.0,
				0.682757
			],
			[
				-310.0,
				0.696171
			],
			[
				-300.0,
				0.709585
			],
			[
				-290.0,
				0.722999
			],
			[
				-280.0,
				0.736413
			],
			[
				-270.0,
				0.749826
			],
			[
				-260.0,
				0.76324
			],
			[
				-250.0,
				0.776654
			],
			[
				-240.0,
				0.790068
			],
			[
				-230.0,
				0.803482
			],
			[
				-220.0,
				0.816896
			],
			[
				-210.0,
				0.830309
			],
			[
				-200.0,
				0.843723
			],
			[
				-190.0,
				0.857137
			],
			[
				-180.0,
				0.870551
			],
			[
				-170.0,
				0.883965
			],
			[
				-160.0,
				0.897379
			],
			[
				-150.0,
				0.910792
			],
			[
				-140.0,
				0.924206
			],
			[
				-130.0,
				0.93762
			],
			[
				-120.0,
				0.951034
			],
			[
				-110.0,
				0.964448
			],
			[
				-100.0,
				0.977862
			],
			[
				-90.0,
				0.991275
			],
			[
				-80.0,
				1.00469
			],
			[
				-70.0,
				1.0181
			],
			[
				-60.0,
				1.03152
			],
			[
				-50.0,
				1.04493
			],
			[
				-40.0,
				1.05834
			],
			[
				-30.0,
				1.07176
			],
			[
				-20.0,
				1.08517
			],
			[
				-10.0,
				1.09859
			],
			[
				0.0,
				1.112
			]
		]
	}
}
