{
	"ID": 293,
	"name": "VACODYM_854_TP_080C",
	"conductivity": 0.0,
	"relPermeability": 1.0,
	"remanence": 0.0,
	"linear": false,
	"BHCurve": {
		"default": [
			[
				-0.938725,
				0.0
			],
			[
				-0.93862,
				0.000137947
			],
			[
				-0.93762,
				0.00145504
			],
			[
				-0.93662,
				0.00277401
			],
			[
				-0.93562,
				0.00409443
			],
			[
				-0.93462,
				0.00541493
			],
			[
				-0.93362,
				0.00673543
			],
			[
				-0.93262,
				0.00805593
			],
			[
				-0.93162,
				0.00937644
			],
			[
				-0.93062,
				0.0106969
			],
			[
				-0.92962,
				0.0120174
			],
			[
				-0.92862,
				0.0133379
			],
			[
				-0.92762,
				0.0146585
			],
			[
				-0.92662,
				0.015979
			],
			[
				-0.92562,
				0.0172995
			],
			[
				-0.92462,
				0.01862
			],
			[
				-0.92362,
				0.0199405
			],
			[
				-0.92262,
				0.021261
			],
			[
				-0.92162,
				0.0225815
			],
			[
				-0.92062,
				0.023902
			],
			[
				-0.91962,
				0.0252225
			],
			[
				-0.91862,
				0.026543
			],
			[
				-0.91762,
				0.0278635
			],
			[
				-0.91662,
				0.029184
			],
			[
				-0.91562,
				0.0305045
			],
			[
				-0.91462,
				0.031825
			],
			[
				-0.91362,
				0.0331455
			],
			[
				-0.91262,
				0.034466
			],
			[
				-0.91162,
				0.0357865
			],
			[
				-0.91062,
				0.037107
			],
			[
				-0.90962,
				0.0384275
			],
			[
				-0.90862,
				0.039748
			],
			[
				-0.90762,
				0.0410685
			],
			[
				-0.90662,
				0.042389
			],
			[
				-0.90562,
				0.0437095
			],
			[
				-0.90462,
				0.04503
			],
			[
				-0.90362,
				0.0463505
			],
			[
				-0.90262,
				0.047671
			],
			[
				-0.90162,
				0.0489915
			],
			[
				-0.90062,
				0.050312
			],
			[
				-0.89962,
				0.0516325
			],
			[
				-0.89862,
				0.052953
			],
			[
				-0.89762,
				0.0542735
			],
			[
				-0.89662,
				0.055594
			],
			[
				-0.89562,
				0.0569146
			],
			[
				-0.89462,
				0.0582351
			],
			[
				-0.89362,
				0.0595556
			],
			[
				-0.89262,
				0.0608761
			],
			[
				-0.89162,
				0.0621966
			],
			[
				-0.89062,
				0.0635171
			],
			[
				-0.88962,
				0.0648376
			],
			[
				-0.88862,
				0.0661581
			],
			[
				-0.88762,
				0.0674786
			],
			[
				-0.88662,
				0.0687991
			],
			[
				-0.88562,
				0.0701196
			],
			[
				-0.88462,
				0.0714401
			],
			[
				-0.88362,
				0.0727606
			],
			[
				-0.88262,
				0.0740811
			],
			[
				-0.88162,
				0.0754016
			],
			[
				-0.88062,
				0.0767221
			],
			[
				-0.87962,
				0.0780426
			],
			[
				-0.87862,
				0.0793631
			],
			[
				-0.87762,
				0.0806836
			],
			[
				-0.87662,
				0.0820041
			],
			[
				-0.87562,
				0.0833246
			],
			[
				-0.87462,
				0.0846451
			],
			[
				-0.87362,
				0.0859656
			],
			[
				-0.87262,
				0.0872861
			],
			[
				-0.87162,
				0.0886066
			],
			[
				-0.87062,
				0.0899271
			],
			[
				-0.8696200000000001,
				0.0912476
			],
			[
				-0.8686200000000001,
				0.0925681
			],
			[
				-0.8676200000000001,
				0.0938886
			],
			[
				-0.8666200000000001,
				0.0952091
			],
			[
				-0.8656200000000001,
				0.0965296
			],
			[
				-0.86462,
				0.0978501
			],
			[
				-0.86362,
				0.0991707
			],
			[
				-0.86262,
				0.100491
			],
			[
				-0.86162,
				0.101812
			],
			[
				-0.86062,
				0.103132
			],
			[
				-0.85962,
				0.104453
			],
			[
				-0.85862,
				0.105773
			],
			[
				-0.85762,
				0.107094
			],
			[
				-0.85662,
				0.108414
			],
			[
				-0.85562,
				0.109735
			],
			[
				-0.85462,
				0.111055
			],
			[
				-0.85362,
				0.112376
			],
			[
				-0.85262,
				0.113696
			],
			[
				-0.85162,
				0.115017
			],
			[
				-0.85062,
				0.116337
			],
			[
				-0.84962,
				0.117658
			],
			[
				-0.84862,
				0.118978
			],
			[
				-0.84762,
				0.120299
			],
			[
				-0.84662,
				0.121619
			],
			[
				-0.84562,
				0.12294
			],
			[
				-0.84462,
				0.12426
			],
			[
				-0.84362,
				0.125581
			],
			[
				-0.84262,
				0.126901
			],
			[
				-0.84162,
				0.128222
			],
			[
				-0.84062,
				0.129542
			],
			[
				-0.83962,
				0.130863
			],
			[
				-0.83862,
				0.132183
			],
			[
				-0.83762,
				0.133504
			],
			[
				-0.83662,
				0.134824
			],
			[
				-0.83562,
				0.136145
			],
			[
				-0.83462,
				0.137465
			],
			[
				-0.83362,
				0.138786
			],
			[
				-0.83262,
				0.140106
			],
			[
				-0.83162,
				0.141427
			],
			[
				-0.83062,
				0.142747
			],
			[
				-0.82962,
				0.144068
			],
			[
				-0.82862,
				0.145388
			],
			[
				-0.82762,
				0.146709
			],
			[
				-0.82662,
				0.148029
			],
			[
				-0.82562,
				0.14935
			],
			[
				-0.82462,
				0.15067
			],
			[
				-0.82362,
				0.151991
			],
			[
				-0.82262,
				0.153311
			],
			[
				-0.82162,
				0.154632
			],
			[
				-0.82062,
				0.155952
			],
			[
				-0.81962,
				0.157273
			],
			[
				-0.81862,
				0.158593
			],
			[
				-0.81762,
				0.159914
			],
			[
				-0.81662,
				0.161234
			],
			[
				-0.81562,
				0.162555
			],
			[
				-0.81462,
				0.163875
			],
			[
				-0.81362,
				0.165196
			],
			[
				-0.81262,
				0.166516
			],
			[
				-0.81162,
				0.167837
			],
			[
				-0.81062,
				0.169157
			],
			[
				-0.80962,
				0.170478
			],
			[
				-0.80862,
				0.171798
			],
			[
				-0.80762,
				0.173119
			],
			[
				-0.80662,
				0.174439
			],
			[
				-0.80562,
				0.17576
			],
			[
				-0.80462,
				0.17708
			],
			[
				-0.80362,
				0.178401
			],
			[
				-0.80262,
				0.179721
			],
			[
				-0.80162,
				0.181042
			],
			[
				-0.80062,
				0.182362
			],
			[
				-0.79962,
				0.183683
			],
			[
				-0.79862,
				0.185003
			],
			[
				-0.79762,
				0.186324
			],
			[
				-0.795,
				0.189784
			],
			[
				-0.79,
				0.196387
			],
			[
				-0.785,
				0.202989
			],
			[
				-0.78,
				0.209592
			],
			[
				-0.775,
				0.216194
			],
			[
				-0.77,
				0.222797
			],
			[
				-0.765,
				0.229399
			],
			[
				-0.76,
				0.236002
			],
			[
				-0.755,
				0.242604
			],
			[
				-0.75,
				0.249207
			],
			[
				-0.745,
				0.255809
			],
			[
				-0.74,
				0.262412
			],
			[
				-0.735,
				0.269014
			],
			[
				-0.73,
				0.275617
			],
			[
				-0.725,
				0.282219
			],
			[
				-0.72,
				0.288822
			],
			[
				-0.715,
				0.295424
			],
			[
				-0.71,
				0.302027
			],
			[
				-0.705,
				0.308629
			],
			[
				-0.7,
				0.315232
			],
			[
				-0.695,
				0.321834
			],
			[
				-0.69,
				0.328437
			],
			[
				-0.685,
				0.335039
			],
			[
				-0.68,
				0.341642
			],
			[
				-0.675,
				0.348244
			],
			[
				-0.67,
				0.354847
			],
			[
				-0.665,
				0.361449
			],
			[
				-0.66,
				0.368052
			],
			[
				-0.655,
				0.374654
			],
			[
				-0.65,
				0.381257
			],
			[
				-0.645,
				0.387859
			],
			[
				-0.64,
				0.394462
			],
			[
				-0.635,
				0.401065
			],
			[
				-0.63,
				0.407667
			],
			[
				-0.625,
				0.41427
			],
			[
				-0.62,
				0.420872
			],
			[
				-0.615,
				0.427475
			],
			[
				-0.61,
				0.434077
			],
			[
				-0.605,
				0.44068
			],
			[
				-0.6,
				0.447282
			],
			[
				-0.595,
				0.453885
			],
			[
				-0.59,
				0.460487
			],
			[
				-0.585,
				0.46709
			],
			[
				-0.58,
				0.473692
			],
			[
				-0.575,
				0.480295
			],
			[
				-0.57,
				0.486897
			],
			[
				-0.565,
				0.4935
			],
			[
				-0.56,
				0.500102
			],
			[
				-0.555,
				0.506705
			],
			[
				-0.55,
				0.513307
			],
			[
				-0.545,
				0.51991
			],
			[
				-0.54,
				0.526512
			],
			[
				-0.535,
				0.533115
			],
			[
				-0.53,
				0.539717
			],
			[
				-0.525,
				0.54632
			],
			[
				-0.52,
				0.552922
			],
			[
				-0.515,
				0.559525
			],
			[
				-0.51,
				0.566127
			],
			[
				-0.505,
				0.57273
			],
			[
				-0.5,
				0.579332
			],
			[
				-0.495,
				0.585935
			],
			[
				-0.49,
				0.592537
			],
			[
				-0.485,
				0.59914
			],
			[
				-0.48,
				0.605742
			],
			[
				-0.475,
				0.612345
