{
	"ID": 147,
	"name": "VACODYM_655TP_100C",
	"conductivity": 0.0,
	"relPermeability": 0.0,
	"remanence": "no information",
	"linear": false,
	"BHCurve": {
		"default": [
			[
				-0.881525,
				0.0
			],
			[
				-0.881272,
				0.000346074
			],
			[
				-0.880272,
				0.00170992
			],
			[
				-0.879272,
				0.00307081
			],
			[
				-0.878272,
				0.00442882
			],
			[
				-0.877272,
				0.00578403
			],
			[
				-0.876272,
				0.00713648
			],
			[
				-0.875272,
				0.00848627
			],
			[
				-0.874272,
				0.00983344
			],
			[
				-0.873272,
				0.0111781
			],
			[
				-0.872272,
				0.0125202
			],
			[
				-0.871272,
				0.01386
			],
			[
				-0.870272,
				0.0151974
			],
			[
				-0.869272,
				0.0165326
			],
			[
				-0.868272,
				0.0178655
			],
			[
				-0.867272,
				0.0191964
			],
			[
				-0.866272,
				0.0205251
			],
			[
				-0.865272,
				0.0218519
			],
			[
				-0.864272,
				0.0231767
			],
			[
				-0.863272,
				0.0244997
			],
			[
				-0.862272,
				0.0258209
			],
			[
				-0.861272,
				0.0271403
			],
			[
				-0.860272,
				0.0284581
			],
			[
				-0.859272,
				0.0297743
			],
			[
				-0.858272,
				0.031089
			],
			[
				-0.857272,
				0.0324023
			],
			[
				-0.856272,
				0.0337141
			],
			[
				-0.855272,
				0.0350247
			],
			[
				-0.854272,
				0.036334
			],
			[
				-0.853272,
				0.0376421
			],
			[
				-0.852272,
				0.0389491
			],
			[
				-0.851272,
				0.040255
			],
			[
				-0.850272,
				0.04156
			],
			[
				-0.849272,
				0.0428641
			],
			[
				-0.848272,
				0.0441673
			],
			[
				-0.847272,
				0.0454697
			],
			[
				-0.846272,
				0.0467715
			],
			[
				-0.845272,
				0.0480726
			],
			[
				-0.844272,
				0.0493732
			],
			[
				-0.843272,
				0.0506732
			],
			[
				-0.842272,
				0.0519728
			],
			[
				-0.841272,
				0.0532721
			],
			[
				-0.840272,
				0.054571
			],
			[
				-0.839272,
				0.0558697
			],
			[
				-0.838272,
				0.0571683
			],
			[
				-0.837272,
				0.0584668
			],
			[
				-0.836272,
				0.0597652
			],
			[
				-0.835272,
				0.0610637
			],
			[
				-0.834272,
				0.0623623
			],
			[
				-0.833272,
				0.0636611
			],
			[
				-0.832272,
				0.0649601
			],
			[
				-0.831272,
				0.0662594
			],
			[
				-0.830272,
				0.0675592
			],
			[
				-0.829272,
				0.0688593
			],
			[
				-0.828272,
				0.07016
			],
			[
				-0.827272,
				0.0714613
			],
			[
				-0.826272,
				0.0727632
			],
			[
				-0.825272,
				0.0740659
			],
			[
				-0.824272,
				0.0753693
			],
			[
				-0.823272,
				0.0766737
			],
			[
				-0.822272,
				0.0779789
			],
			[
				-0.821272,
				0.0792851
			],
			[
				-0.820272,
				0.0805924
			],
			[
				-0.819272,
				0.0819008
			],
			[
				-0.818272,
				0.0832105
			],
			[
				-0.817272,
				0.0845213
			],
			[
				-0.816272,
				0.0858336
			],
			[
				-0.815272,
				0.0871472
			],
			[
				-0.814272,
				0.0884623
			],
			[
				-0.813272,
				0.0897789
			],
			[
				-0.812272,
				0.0910972
			],
			[
				-0.811272,
				0.0924171
			],
			[
				-0.8102720000000001,
				0.0937387
			],
			[
				-0.8092720000000001,
				0.0950622
			],
			[
				-0.8082720000000001,
				0.0963876
			],
			[
				-0.8072720000000001,
				0.0977148
			],
			[
				-0.8062720000000001,
				0.0990436
			],
			[
				-0.8052720000000001,
				0.100372
			],
			[
				-0.8042720000000001,
				0.101701
			],
			[
				-0.8032720000000001,
				0.10303
			],
			[
				-0.8022720000000001,
				0.104359
			],
			[
				-0.8012720000000001,
				0.105688
			],
			[
				-0.8002720000000001,
				0.107016
			],
			[
				-0.7992720000000001,
				0.108345
			],
			[
				-0.7982720000000001,
				0.109674
			],
			[
				-0.7972720000000001,
				0.111003
			],
			[
				-0.7962720000000001,
				0.112332
			],
			[
				-0.79,
				0.120666
			],
			[
				-0.78,
				0.133954
			],
			[
				-0.77,
				0.147242
			],
			[
				-0.76,
				0.16053
			],
			[
				-0.75,
				0.173818
			],
			[
				-0.74,
				0.187106
			],
			[
				-0.73,
				0.200394
			],
			[
				-0.72,
				0.213682
			],
			[
				-0.71,
				0.22697
			],
			[
				-0.7,
				0.240258
			],
			[
				-0.69,
				0.253546
			],
			[
				-0.68,
				0.266834
			],
			[
				-0.67,
				0.280123
			],
			[
				-0.66,
				0.293411
			],
			[
				-0.65,
				0.306699
			],
			[
				-0.64,
				0.319987
			],
			[
				-0.63,
				0.333275
			],
			[
				-0.62,
				0.346563
			],
			[
				-0.61,
				0.359851
			],
			[
				-0.6,
				0.373139
			],
			[
				-0.59,
				0.386427
			],
			[
				-0.58,
				0.399715
			],
			[
				-0.57,
				0.413003
			],
			[
				-0.56,
				0.426291
			],
			[
				-0.55,
				0.439579
			],
			[
				-0.54,
				0.452867
			],
			[
				-0.53,
				0.466155
			],
			[
				-0.52,
				0.479443
			],
			[
				-0.51,
				0.492731
			],
			[
				-0.5,
				0.506019
			],
			[
				-0.49,
				0.519307
			],
			[
				-0.48,
				0.532595
			],
			[
				-0.47,
				0.545884
			],
			[
				-0.46,
				0.559172
			],
			[
				-0.45,
				0.57246
			],
			[
				-0.44,
				0.585748
			],
			[
				-0.43,
				0.599036
			],
			[
				-0.42,
				0.612324
			],
			[
				-0.41,
				0.625612
			],
			[
				-0.4,
				0.6389
			],
			[
				-0.39,
				0.652188
			],
			[
				-0.38,
				0.665476
			],
			[
				-0.37,
				0.678764
			],
			[
				-0.36,
				0.692052
			],
			[
				-0.35,
				0.70534
			],
			[
				-0.34,
				0.718628
			],
			[
				-0.33,
				0.731916
			],
			[
				-0.32,
				0.745204
			],
			[
				-0.31,
				0.758492
			],
			[
				-0.3,
				0.77178
			],
			[
				-0.29,
				0.785068
			],
			[
				-0.28,
				0.798356
			],
			[
				-0.27,
				0.811645
			],
			[
				-0.26,
				0.824933
			],
			[
				-0.25,
				0.838221
			],
			[
				-0.24,
				0.851509
			],
			[
				-0.23,
				0.864797
			],
			[
				-0.22,
				0.878085
			],
			[
				-0.21,
				0.891373
			],
			[
				-0.2,
				0.904661
			],
			[
				-0.19,
				0.917949
			],
			[
				-0.18,
				0.931237
			],
			[
				-0.17,
				0.944525
			],
			[
				-0.16,
				0.957813
			],
			[
				-0.15,
				0.971101
			],
			[
				-0.14,
				0.984389
			],
			[
				-0.13,
				0.997677
			],
			[
				-0.12,
				1.01097
			],
			[
				-0.11,
				1.02425
			],
			[
				-0.1,
				1.03754
			],
			[
				-0.09,
				1.05083
			],
			[
				-0.08,
				1.06412
			],
			[
				-0.07,
				1.07741
			],
			[
				-0.06,
				1.09069
			],
			[
				-0.05,
				1.10398
			],
			[
				-0.04,
				1.11727
			],
			[
				-0.03,
				1.13056
			],
			[
				-0.02,
				1.14385
			],
			[
				-0.01,
				1.15713
			],
			[
				0.0,
				1.17042
			]
		]
	}
}
