{
	"ID": 190,
	"name": "VACODYM_688AP_20C",
	"conductivity": 0.0,
	"relPermeability": 1.0,
	"remanence": 0.0,
	"linear": false,
	"BHCurve": {
		"default": [
			[
				-0.825577,
				0.0
			],
			[
				-0.82,
				0.0072956
			],
			[
				-0.81,
				0.0203774
			],
			[
				-0.8,
				0.0334591
			],
			[
				-0.79,
				0.0465409
			],
			[
				-0.78,
				0.0596226
			],
			[
				-0.77,
				0.0727044
			],
			[
				-0.76,
				0.0857862
			],
			[
				-0.75,
				0.0988679
			],
			[
				-0.74,
				0.11195
			],
			[
				-0.73,
				0.125031
			],
			[
				-0.72,
				0.138113
			],
			[
				-0.71,
				0.151195
			],
			[
				-0.7,
				0.164277
			],
			[
				-0.69,
				0.177358
			],
			[
				-0.68,
				0.19044
			],
			[
				-0.67,
				0.203522
			],
			[
				-0.66,
				0.216604
			],
			[
				-0.65,
				0.229686
			],
			[
				-0.64,
				0.242767
			],
			[
				-0.63,
				0.255849
			],
			[
				-0.62,
				0.268931
			],
			[
				-0.61,
				0.282013
			],
			[
				-0.6,
				0.295094
			],
			[
				-0.59,
				0.308176
			],
			[
				-0.58,
				0.321258
			],
			[
				-0.57,
				0.33434
			],
			[
				-0.56,
				0.347421
			],
			[
				-0.55,
				0.360503
			],
			[
				-0.54,
				0.373585
			],
			[
				-0.53,
				0.386667
			],
			[
				-0.52,
				0.399748
			],
			[
				-0.51,
				0.41283
			],
			[
				-0.5,
				0.425912
			],
			[
				-0.49,
				0.438994
			],
			[
				-0.48,
				0.452075
			],
			[
				-0.47,
				0.465157
			],
			[
				-0.46,
				0.478239
			],
			[
				-0.45,
				0.491321
			],
			[
				-0.44,
				0.504403
			],
			[
				-0.43,
				0.517484
			],
			[
				-0.42,
				0.530566
			],
			[
				-0.41,
				0.543648
			],
			[
				-0.4,
				0.55673
			],
			[
				-0.39,
				0.569811
			],
			[
				-0.38,
				0.582893
			],
			[
				-0.37,
				0.595975
			],
			[
				-0.36,
				0.609057
			],
			[
				-0.35,
				0.622138
			],
			[
				-0.34,
				0.63522
			],
			[
				-0.33,
				0.648302
			],
			[
				-0.32,
				0.661384
			],
			[
				-0.31,
				0.674465
			],
			[
				-0.3,
				0.687547
			],
			[
				-0.29,
				0.700629
			],
			[
				-0.28,
				0.713711
			],
			[
				-0.27,
				0.726792
			],
			[
				-0.26,
				0.739874
			],
			[
				-0.25,
				0.752956
			],
			[
				-0.24,
				0.766038
			],
			[
				-0.23,
				0.779119
			],
			[
				-0.22,
				0.792201
			],
			[
				-0.21,
				0.805283
			],
			[
				-0.2,
				0.818365
			],
			[
				-0.19,
				0.831447
			],
			[
				-0.18,
				0.844528
			],
			[
				-0.17,
				0.85761
			],
			[
				-0.16,
				0.870692
			],
			[
				-0.15,
				0.883774
			],
			[
				-0.14,
				0.896855
			],
			[
				-0.13,
				0.909937
			],
			[
				-0.12,
				0.923019
			],
			[
				-0.11,
				0.936101
			],
			[
				-0.1,
				0.949182
			],
			[
				-0.09,
				0.962264
			],
			[
				-0.08,
				0.975346
			],
			[
				-0.07,
				0.988428
			],
			[
				-0.06,
				1.00151
			],
			[
				-0.05,
				1.01459
			],
			[
				-0.04,
				1.02767
			],
			[
				-0.03,
				1.04075
			],
			[
				-0.02,
				1.05384
			],
			[
				-0.01,
				1.06692
			],
			[
				0.0,
				1.08
			]
		]
	}
}
