{
	"ID": 166,
	"name": "VACODYM_669TP_20C",
	"conductivity": 0.0,
	"relPermeability": 1.0,
	"remanence": 0.0,
	"linear": false,
	"BHCurve": {
		"default": [
			[
				-0.9414199999999999,
				0.0
			],
			[
				-0.94,
				0.00183922
			],
			[
				-0.93,
				0.0147952
			],
			[
				-0.92,
				0.0277512
			],
			[
				-0.91,
				0.0407071
			],
			[
				-0.9,
				0.0536631
			],
			[
				-0.89,
				0.0666191
			],
			[
				-0.88,
				0.0795751
			],
			[
				-0.87,
				0.092531
			],
			[
				-0.86,
				0.105487
			],
			[
				-0.85,
				0.118443
			],
			[
				-0.84,
				0.131399
			],
			[
				-0.83,
				0.144355
			],
			[
				-0.82,
				0.157311
			],
			[
				-0.81,
				0.170267
			],
			[
				-0.8,
				0.183223
			],
			[
				-0.79,
				0.196179
			],
			[
				-0.78,
				0.209135
			],
			[
				-0.77,
				0.222091
			],
			[
				-0.76,
				0.235047
			],
			[
				-0.75,
				0.248003
			],
			[
				-0.74,
				0.260959
			],
			[
				-0.73,
				0.273915
			],
			[
				-0.72,
				0.286871
			],
			[
				-0.71,
				0.299827
			],
			[
				-0.7,
				0.312783
			],
			[
				-0.69,
				0.325739
			],
			[
				-0.68,
				0.338695
			],
			[
				-0.67,
				0.351651
			],
			[
				-0.66,
				0.364607
			],
			[
				-0.65,
				0.377562
			],
			[
				-0.64,
				0.390518
			],
			[
				-0.63,
				0.403474
			],
			[
				-0.62,
				0.41643
			],
			[
				-0.61,
				0.429386
			],
			[
				-0.6,
				0.442342
			],
			[
				-0.59,
				0.455298
			],
			[
				-0.58,
				0.468254
			],
			[
				-0.57,
				0.48121
			],
			[
				-0.56,
				0.494166
			],
			[
				-0.55,
				0.507122
			],
			[
				-0.54,
				0.520078
			],
			[
				-0.53,
				0.533034
			],
			[
				-0.52,
				0.54599
			],
			[
				-0.51,
				0.558946
			],
			[
				-0.5,
				0.571902
			],
			[
				-0.49,
				0.584858
			],
			[
				-0.48,
				0.597814
			],
			[
				-0.47,
				0.61077
			],
			[
				-0.46,
				0.623726
			],
			[
				-0.45,
				0.636682
			],
			[
				-0.44,
				0.649638
			],
			[
				-0.43,
				0.662594
			],
			[
				-0.42,
				0.67555
			],
			[
				-0.41,
				0.688506
			],
			[
				-0.4,
				0.701462
			],
			[
				-0.39,
				0.714418
			],
			[
				-0.38,
				0.727374
			],
			[
				-0.37,
				0.74033
			],
			[
				-0.36,
				0.753286
			],
			[
				-0.35,
				0.766242
			],
			[
				-0.34,
				0.779198
			],
			[
				-0.33,
				0.792154
			],
			[
				-0.32,
				0.80511
			],
			[
				-0.31,
				0.818066
			],
			[
				-0.3,
				0.831022
			],
			[
				-0.29,
				0.843978
			],
			[
				-0.28,
				0.856934
			],
			[
				-0.27,
				0.86989
			],
			[
				-0.26,
				0.882846
			],
			[
				-0.25,
				0.895801
			],
			[
				-0.24,
				0.908757
			],
			[
				-0.23,
				0.921713
			],
			[
				-0.22,
				0.934669
			],
			[
				-0.21,
				0.947625
			],
			[
				-0.2,
				0.960581
			],
			[
				-0.19,
				0.973537
			],
			[
				-0.18,
				0.986493
			],
			[
				-0.17,
				0.999449
			],
			[
				-0.16,
				1.01241
			],
			[
				-0.15,
				1.02536
			],
			[
				-0.14,
				1.03832
			],
			[
				-0.13,
				1.05127
			],
			[
				-0.12,
				1.06423
			],
			[
				-0.11,
				1.07719
			],
			[
				-0.1,
				1.09014
			],
			[
				-0.09,
				1.1031
			],
			[
				-0.08,
				1.11605
			],
			[
				-0.07,
				1.12901
			],
			[
				-0.06,
				1.14197
			],
			[
				-0.05,
				1.15492
			],
			[
				-0.04,
				1.16788
			],
			[
				-0.03,
				1.18083
			],
			[
				-0.02,
				1.19379
			],
			[
				-0.01,
				1.20674
			],
			[
				0.0,
				1.2197
			]
		]
	}
}
