{
	"ID": 236,
	"name": "VACODYM_776_AP_180C",
	"conductivity": 0.0,
	"relPermeability": 1.0,
	"remanence": 0.0,
	"linear": false,
	"BHCurve": {
		"default": [
			[
				-0.365991,
				0.0
			],
			[
				-0.36535199999999995,
				0.0260262
			],
			[
				-0.36435199999999995,
				0.0667827
			],
			[
				-0.36335199999999995,
				0.107539
			],
			[
				-0.36235199999999995,
				0.148296
			],
			[
				-0.36135199999999995,
				0.189052
			],
			[
				-0.36035199999999995,
				0.229809
			],
			[
				-0.35935199999999995,
				0.270565
			],
			[
				-0.35835199999999995,
				0.311322
			],
			[
				-0.357352,
				0.352078
			],
			[
				-0.356352,
				0.392835
			],
			[
				-0.355352,
				0.437574
			],
			[
				-0.354352,
				0.481279
			],
			[
				-0.353352,
				0.504818
			],
			[
				-0.352352,
				0.51723
			],
			[
				-0.351352,
				0.525178
			],
			[
				-0.350352,
				0.531066
			],
			[
				-0.349352,
				0.53633
			],
			[
				-0.348352,
				0.541062
			],
			[
				-0.347352,
				0.545495
			],
			[
				-0.346352,
				0.549821
			],
			[
				-0.345352,
				0.55397
			],
			[
				-0.344352,
				0.55778
			],
			[
				-0.343352,
				0.561133
			],
			[
				-0.342352,
				0.564223
			],
			[
				-0.341352,
				0.567121
			],
			[
				-0.340352,
				0.569851
			],
			[
				-0.339352,
				0.572438
			],
			[
				-0.338352,
				0.574907
			],
			[
				-0.337352,
				0.577282
			],
			[
				-0.336352,
				0.579573
			],
			[
				-0.335352,
				0.581767
			],
			[
				-0.334352,
				0.583874
			],
			[
				-0.333352,
				0.585906
			],
			[
				-0.332352,
				0.587873
			],
			[
				-0.331352,
				0.589789
			],
			[
				-0.330352,
				0.591664
			],
			[
				-0.329352,
				0.593511
			],
			[
				-0.328352,
				0.595335
			],
			[
				-0.327352,
				0.597123
			],
			[
				-0.326352,
				0.598872
			],
			[
				-0.325352,
				0.600585
			],
			[
				-0.324352,
				0.602262
			],
			[
				-0.323352,
				0.603904
			],
			[
				-0.32235199999999997,
				0.605514
			],
			[
				-0.32135199999999997,
				0.607093
			],
			[
				-0.32035199999999997,
				0.608642
			],
			[
				-0.31935199999999997,
				0.610168
			],
			[
				-0.31835199999999997,
				0.611675
			],
			[
				-0.31735199999999997,
				0.613163
			],
			[
				-0.31635199999999997,
				0.614633
			],
			[
				-0.31535199999999997,
				0.616087
			],
			[
				-0.31435199999999996,
				0.617525
			],
			[
				-0.31335199999999996,
				0.618948
			],
			[
				-0.31235199999999996,
				0.620358
			],
			[
				-0.31135199999999996,
				0.621755
			],
			[
				-0.31035199999999996,
				0.62314
			],
			[
				-0.30935199999999996,
				0.624515
			],
			[
				-0.30835199999999996,
				0.62588
			],
			[
				-0.30735199999999996,
				0.627235
			],
			[
				-0.30635199999999996,
				0.628583
			],
			[
				-0.30535199999999996,
				0.629924
			],
			[
				-0.30435199999999996,
				0.631259
			],
			[
				-0.30335199999999996,
				0.632589
			],
			[
				-0.30235199999999995,
				0.633915
			],
			[
				-0.30135199999999995,
				0.635238
			],
			[
				-0.30035199999999995,
				0.636558
			],
			[
				-0.29935199999999995,
				0.637878
			],
			[
				-0.29835199999999995,
				0.639197
			],
			[
				-0.29735199999999995,
				0.640518
			],
			[
				-0.29635199999999995,
				0.64184
			],
			[
				-0.29535199999999995,
				0.643165
			],
			[
				-0.294352,
				0.644493
			],
			[
				-0.293352,
				0.645826
			],
			[
				-0.292352,
				0.647165
			],
			[
				-0.291352,
				0.64851
			],
			[
				-0.290352,
				0.649863
			],
			[
				-0.289352,
				0.651225
			],
			[
				-0.288352,
				0.652596
			],
			[
				-0.287352,
				0.653971
			],
			[
				-0.286352,
				0.655345
			],
			[
				-0.285352,
				0.65672
			],
			[
				-0.284352,
				0.658094
			],
			[
				-0.283352,
				0.659469
			],
			[
				-0.282352,
				0.660843
			],
			[
				-0.281352,
				0.662218
			],
			[
				-0.280352,
				0.663593
			],
			[
				-0.279352,
				0.664967
			],
			[
				-0.278352,
				0.666342
			],
			[
				-0.277352,
				0.667716
			],
			[
				-0.276352,
				0.669091
			],
			[
				-0.275352,
				0.670466
			],
			[
				-0.274352,
				0.67184
			],
			[
				-0.273352,
				0.673215
			],
			[
				-0.272352,
				0.674589
			],
			[
				-0.271352,
				0.675964
			],
			[
				-0.270352,
				0.677339
			],
			[
				-0.269352,
				0.678713
			],
			[
				-0.268352,
				0.680088
			],
			[
				-0.267352,
				0.681462
			],
			[
				-0.266352,
				0.682837
			],
			[
				-0.265352,
				0.684212
			],
			[
				-0.264352,
				0.685586
			],
			[
				-0.26,
				0.691569
			],
			[
				-0.255,
				0.698442
			],
			[
				-0.25,
				0.705315
			],
			[
				-0.245,
				0.712187
			],
			[
				-0.24,
				0.71906
			],
			[
				-0.235,
				0.725933
			],
			[
				-0.23,
				0.732806
			],
			[
				-0.225,
				0.739679
			],
			[
				-0.22,
				0.746552
			],
			[
				-0.215,
				0.753425
			],
			[
				-0.21,
				0.760298
			],
			[
				-0.205,
				0.767171
			],
			[
				-0.2,
				0.774044
			],
			[
				-0.195,
				0.780917
			],
			[
				-0.19,
				0.78779
			],
			[
				-0.185,
				0.794663
			],
			[
				-0.18,
				0.801536
			],
			[
				-0.175,
				0.808409
			],
			[
				-0.17,
				0.815282
			],
			[
				-0.165,
				0.822155
			],
			[
				-0.16,
				0.829028
			],
			[
				-0.155,
				0.835901
			],
			[
				-0.15,
				0.842774
			],
			[
				-0.145,
				0.849647
			],
			[
				-0.14,
				0.85652
			],
			[
				-0.135,
				0.863392
			],
			[
				-0.13,
				0.870265
			],
			[
				-0.125,
				0.877138
			],
			[
				-0.12,
				0.884011
			],
			[
				-0.115,
				0.890884
			],
			[
				-0.11,
				0.897757
			],
			[
				-0.105,
				0.90463
			],
			[
				-0.1,
				0.911503
			],
			[
				-0.095,
				0.918376
			],
			[
				-0.09,
				0.925249
			],
			[
				-0.085,
				0.932122
			],
			[
				-0.08,
				0.938995
			],
			[
				-0.075,
				0.945868
			],
			[
				-0.07,
				0.952741
			],
			[
				-0.065,
				0.959614
			],
			[
				-0.06,
				0.966487
			],
			[
				-0.055,
				0.97336
			],
			[
				-0.05,
				0.980233
			],
			[
				-0.045,
				0.987106
			],
			[
				-0.04,
				0.993979
			],
			[
				-0.035,
				1.00085
			],
			[
				-0.03,
				1.00772
			],
			[
				-0.025,
				1.0146
			],
			[
				-0.02,
				1.02147
			],
			[
				-0.015,
				1.02834
			],
			[
				-0.01,
				1.03522
			],
			[
				-0.005,
				1.04209
			],
			[
				0.0,
				1.04896
			]
		]
	}
}
