{
	"ID": 336,
	"name": "VACODYM_881AP_60C",
	"conductivity": 0.0,
	"relPermeability": 1.0,
	"remanence": 0.0,
	"linear": false,
	"BHCurve": {
		"default": [
			[
				-0.8315309999999999,
				0.0
			],
			[
				-0.83,
				0.0020287
			],
			[
				-0.82,
				0.0152765
			],
			[
				-0.81,
				0.0285243
			],
			[
				-0.8,
				0.0417721
			],
			[
				-0.79,
				0.0550199
			],
			[
				-0.78,
				0.0682677
			],
			[
				-0.77,
				0.0815155
			],
			[
				-0.76,
				0.0947633
			],
			[
				-0.75,
				0.108011
			],
			[
				-0.74,
				0.121259
			],
			[
				-0.73,
				0.134507
			],
			[
				-0.72,
				0.147754
			],
			[
				-0.71,
				0.161002
			],
			[
				-0.7,
				0.17425
			],
			[
				-0.69,
				0.187498
			],
			[
				-0.68,
				0.200746
			],
			[
				-0.67,
				0.213993
			],
			[
				-0.66,
				0.227241
			],
			[
				-0.65,
				0.240489
			],
			[
				-0.64,
				0.253737
			],
			[
				-0.63,
				0.266985
			],
			[
				-0.62,
				0.280232
			],
			[
				-0.61,
				0.29348
			],
			[
				-0.6,
				0.306728
			],
			[
				-0.59,
				0.319976
			],
			[
				-0.58,
				0.333224
			],
			[
				-0.57,
				0.346471
			],
			[
				-0.56,
				0.359719
			],
			[
				-0.55,
				0.372967
			],
			[
				-0.54,
				0.386215
			],
			[
				-0.53,
				0.399463
			],
			[
				-0.52,
				0.41271
			],
			[
				-0.51,
				0.425958
			],
			[
				-0.5,
				0.439206
			],
			[
				-0.49,
				0.452454
			],
			[
				-0.48,
				0.465702
			],
			[
				-0.47,
				0.478949
			],
			[
				-0.46,
				0.492197
			],
			[
				-0.45,
				0.505445
			],
			[
				-0.44,
				0.518693
			],
			[
				-0.43,
				0.531941
			],
			[
				-0.42,
				0.545188
			],
			[
				-0.41,
				0.558436
			],
			[
				-0.4,
				0.571684
			],
			[
				-0.39,
				0.584932
			],
			[
				-0.38,
				0.59818
			],
			[
				-0.37,
				0.611427
			],
			[
				-0.36,
				0.624675
			],
			[
				-0.35,
				0.637923
			],
			[
				-0.34,
				0.651171
			],
			[
				-0.33,
				0.664419
			],
			[
				-0.32,
				0.677666
			],
			[
				-0.31,
				0.690914
			],
			[
				-0.3,
				0.704162
			],
			[
				-0.29,
				0.71741
			],
			[
				-0.28,
				0.730658
			],
			[
				-0.27,
				0.743905
			],
			[
				-0.26,
				0.757153
			],
			[
				-0.25,
				0.770401
			],
			[
				-0.24,
				0.783649
			],
			[
				-0.23,
				0.796897
			],
			[
				-0.22,
				0.810144
			],
			[
				-0.21,
				0.823392
			],
			[
				-0.2,
				0.83664
			],
			[
				-0.19,
				0.849888
			],
			[
				-0.18,
				0.863136
			],
			[
				-0.17,
				0.876383
			],
			[
				-0.16,
				0.889631
			],
			[
				-0.15,
				0.902879
			],
			[
				-0.14,
				0.916127
			],
			[
				-0.13,
				0.929375
			],
			[
				-0.12,
				0.942622
			],
			[
				-0.11,
				0.95587
			],
			[
				-0.1,
				0.969118
			],
			[
				-0.09,
				0.982366
			],
			[
				-0.08,
				0.995614
			],
			[
				-0.07,
				1.00886
			],
			[
				-0.06,
				1.02211
			],
			[
				-0.05,
				1.03536
			],
			[
				-0.04,
				1.0486
			],
			[
				-0.03,
				1.06185
			],
			[
				-0.02,
				1.0751
			],
			[
				-0.01,
				1.08835
			],
			[
				0.0,
				1.1016
			]
		]
	}
}
