{
	"ID": 189,
	"name": "VACODYM_688AP_180C",
	"conductivity": 0.0,
	"relPermeability": 0.0,
	"remanence": "no information",
	"linear": false,
	"BHCurve": {
		"default": [
			[
				-0.6604840000000001,
				0.0
			],
			[
				-0.66,
				0.000664666
			],
			[
				-0.65,
				0.0144106
			],
			[
				-0.64,
				0.0281565
			],
			[
				-0.63,
				0.0419024
			],
			[
				-0.62,
				0.0556483
			],
			[
				-0.61,
				0.0693942
			],
			[
				-0.6,
				0.0831401
			],
			[
				-0.59,
				0.096886
			],
			[
				-0.58,
				0.110632
			],
			[
				-0.57,
				0.124378
			],
			[
				-0.56,
				0.138124
			],
			[
				-0.55,
				0.15187
			],
			[
				-0.54,
				0.165616
			],
			[
				-0.53,
				0.179362
			],
			[
				-0.52,
				0.193107
			],
			[
				-0.51,
				0.206853
			],
			[
				-0.5,
				0.220599
			],
			[
				-0.49,
				0.234345
			],
			[
				-0.48,
				0.248091
			],
			[
				-0.47,
				0.261837
			],
			[
				-0.46,
				0.275583
			],
			[
				-0.45,
				0.289329
			],
			[
				-0.44,
				0.303075
			],
			[
				-0.43,
				0.316821
			],
			[
				-0.42,
				0.330567
			],
			[
				-0.41,
				0.344312
			],
			[
				-0.4,
				0.358058
			],
			[
				-0.39,
				0.371804
			],
			[
				-0.38,
				0.38555
			],
			[
				-0.37,
				0.399296
			],
			[
				-0.36,
				0.413042
			],
			[
				-0.35,
				0.426788
			],
			[
				-0.34,
				0.440534
			],
			[
				-0.33,
				0.45428
			],
			[
				-0.32,
				0.468026
			],
			[
				-0.31,
				0.481772
			],
			[
				-0.3,
				0.495517
			],
			[
				-0.29,
				0.509263
			],
			[
				-0.28,
				0.523009
			],
			[
				-0.27,
				0.536755
			],
			[
				-0.26,
				0.550501
			],
			[
				-0.25,
				0.564247
			],
			[
				-0.24,
				0.577993
			],
			[
				-0.23,
				0.591739
			],
			[
				-0.22,
				0.605485
			],
			[
				-0.21,
				0.619231
			],
			[
				-0.2,
				0.632977
			],
			[
				-0.19,
				0.646723
			],
			[
				-0.18,
				0.660468
			],
			[
				-0.17,
				0.674214
			],
			[
				-0.16,
				0.68796
			],
			[
				-0.15,
				0.701706
			],
			[
				-0.14,
				0.715452
			],
			[
				-0.13,
				0.729198
			],
			[
				-0.12,
				0.742944
			],
			[
				-0.11,
				0.75669
			],
			[
				-0.1,
				0.770436
			],
			[
				-0.09,
				0.784182
			],
			[
				-0.08,
				0.797928
			],
			[
				-0.07,
				0.811673
			],
			[
				-0.06,
				0.825419
			],
			[
				-0.05,
				0.839165
			],
			[
				-0.04,
				0.852911
			],
			[
				-0.03,
				0.866657
			],
			[
				-0.02,
				0.880403
			],
			[
				-0.01,
				0.894149
			],
			[
				0.0,
				0.907895
			]
		]
	}
}
