{
	"ID": 306,
	"name": "VACODYM_863TP_100C",
	"conductivity": 0.0,
	"relPermeability": 1.0,
	"remanence": 0.0,
	"linear": false,
	"BHCurve": {
		"default": [
			[
				-0.893404,
				0.0
			],
			[
				-0.89,
				0.00452352
			],
			[
				-0.88,
				0.0178116
			],
			[
				-0.87,
				0.0310996
			],
			[
				-0.86,
				0.0443877
			],
			[
				-0.85,
				0.0576757
			],
			[
				-0.84,
				0.0709638
			],
			[
				-0.83,
				0.0842518
			],
			[
				-0.82,
				0.0975399
			],
			[
				-0.81,
				0.110828
			],
			[
				-0.8,
				0.124116
			],
			[
				-0.79,
				0.137404
			],
			[
				-0.78,
				0.150692
			],
			[
				-0.77,
				0.16398
			],
			[
				-0.76,
				0.177268
			],
			[
				-0.75,
				0.190556
			],
			[
				-0.74,
				0.203844
			],
			[
				-0.73,
				0.217132
			],
			[
				-0.72,
				0.23042
			],
			[
				-0.71,
				0.243708
			],
			[
				-0.7,
				0.256996
			],
			[
				-0.69,
				0.270285
			],
			[
				-0.68,
				0.283573
			],
			[
				-0.67,
				0.296861
			],
			[
				-0.66,
				0.310149
			],
			[
				-0.65,
				0.323437
			],
			[
				-0.64,
				0.336725
			],
			[
				-0.63,
				0.350013
			],
			[
				-0.62,
				0.363301
			],
			[
				-0.61,
				0.376589
			],
			[
				-0.6,
				0.389877
			],
			[
				-0.59,
				0.403165
			],
			[
				-0.58,
				0.416453
			],
			[
				-0.57,
				0.429741
			],
			[
				-0.56,
				0.443029
			],
			[
				-0.55,
				0.456317
			],
			[
				-0.54,
				0.469605
			],
			[
				-0.53,
				0.482893
			],
			[
				-0.52,
				0.496181
			],
			[
				-0.51,
				0.509469
			],
			[
				-0.5,
				0.522757
			],
			[
				-0.49,
				0.536046
			],
			[
				-0.48,
				0.549334
			],
			[
				-0.47,
				0.562622
			],
			[
				-0.46,
				0.57591
			],
			[
				-0.45,
				0.589198
			],
			[
				-0.44,
				0.602486
			],
			[
				-0.43,
				0.615774
			],
			[
				-0.42,
				0.629062
			],
			[
				-0.41,
				0.64235
			],
			[
				-0.4,
				0.655638
			],
			[
				-0.39,
				0.668926
			],
			[
				-0.38,
				0.682214
			],
			[
				-0.37,
				0.695502
			],
			[
				-0.36,
				0.70879
			],
			[
				-0.35,
				0.722078
			],
			[
				-0.34,
				0.735366
			],
			[
				-0.33,
				0.748654
			],
			[
				-0.32,
				0.761942
			],
			[
				-0.31,
				0.77523
			],
			[
				-0.3,
				0.788518
			],
			[
				-0.29,
				0.801807
			],
			[
				-0.28,
				0.815095
			],
			[
				-0.27,
				0.828383
			],
			[
				-0.26,
				0.841671
			],
			[
				-0.25,
				0.854959
			],
			[
				-0.24,
				0.868247
			],
			[
				-0.23,
				0.881535
			],
			[
				-0.22,
				0.894823
			],
			[
				-0.21,
				0.908111
			],
			[
				-0.2,
				0.921399
			],
			[
				-0.19,
				0.934687
			],
			[
				-0.18,
				0.947975
			],
			[
				-0.17,
				0.961263
			],
			[
				-0.16,
				0.974551
			],
			[
				-0.15,
				0.987839
			],
			[
				-0.14,
				1.00113
			],
			[
				-0.13,
				1.01442
			],
			[
				-0.12,
				1.0277
			],
			[
				-0.11,
				1.04099
			],
			[
				-0.1,
				1.05428
			],
			[
				-0.09,
				1.06757
			],
			[
				-0.08,
				1.08086
			],
			[
				-0.07,
				1.09414
			],
			[
				-0.06,
				1.10743
			],
			[
				-0.05,
				1.12072
			],
			[
				-0.04,
				1.13401
			],
			[
				-0.03,
				1.1473
			],
			[
				-0.02,
				1.16058
			],
			[
				-0.01,
				1.17387
			],
			[
				0.0,
				1.18716
			]
		]
	}
}
