{
	"ID": 359,
	"name": "VACODYM_890TP_240C",
	"conductivity": 0.0,
	"relPermeability": 0.0,
	"remanence": "no information",
	"linear": false,
	"BHCurve": {
		"default": [
			[
				-0.371651,
				0.0
			],
			[
				-0.37091399999999997,
				0.0246895
			],
			[
				-0.36991399999999997,
				0.0582059
			],
			[
				-0.36891399999999996,
				0.0917222
			],
			[
				-0.36791399999999996,
				0.125239
			],
			[
				-0.36691399999999996,
				0.158755
			],
			[
				-0.36591399999999996,
				0.192271
			],
			[
				-0.36491399999999996,
				0.225788
			],
			[
				-0.36391399999999996,
				0.261823
			],
			[
				-0.362914,
				0.297971
			],
			[
				-0.361914,
				0.320095
			],
			[
				-0.360914,
				0.332877
			],
			[
				-0.359914,
				0.341079
			],
			[
				-0.358914,
				0.346981
			],
			[
				-0.357914,
				0.352256
			],
			[
				-0.356914,
				0.356984
			],
			[
				-0.355914,
				0.361381
			],
			[
				-0.354914,
				0.365649
			],
			[
				-0.353914,
				0.369789
			],
			[
				-0.352914,
				0.373657
			],
			[
				-0.351914,
				0.377107
			],
			[
				-0.350914,
				0.380228
			],
			[
				-0.349914,
				0.383157
			],
			[
				-0.348914,
				0.385917
			],
			[
				-0.347914,
				0.388531
			],
			[
				-0.346914,
				0.391023
			],
			[
				-0.345914,
				0.393414
			],
			[
				-0.344914,
				0.395727
			],
			[
				-0.343914,
				0.397952
			],
			[
				-0.342914,
				0.400087
			],
			[
				-0.341914,
				0.402145
			],
			[
				-0.340914,
				0.404135
			],
			[
				-0.339914,
				0.406068
			],
			[
				-0.338914,
				0.407954
			],
			[
				-0.337914,
				0.409805
			],
			[
				-0.336914,
				0.411632
			],
			[
				-0.335914,
				0.413436
			],
			[
				-0.334914,
				0.415203
			],
			[
				-0.333914,
				0.416933
			],
			[
				-0.332914,
				0.418627
			],
			[
				-0.331914,
				0.420289
			],
			[
				-0.330914,
				0.42192
			],
			[
				-0.329914,
				0.423522
			],
			[
				-0.328914,
				0.425097
			],
			[
				-0.327914,
				0.426646
			],
			[
				-0.326914,
				0.428175
			],
			[
				-0.325914,
				0.429687
			],
			[
				-0.324914,
				0.431181
			],
			[
				-0.323914,
				0.432659
			],
			[
				-0.322914,
				0.434122
			],
			[
				-0.321914,
				0.435571
			],
			[
				-0.320914,
				0.437006
			],
			[
				-0.319914,
				0.438429
			],
			[
				-0.318914,
				0.43984
			],
			[
				-0.317914,
				0.44124
			],
			[
				-0.316914,
				0.44263
			],
			[
				-0.315914,
				0.44401
			],
			[
				-0.31491399999999997,
				0.445382
			],
			[
				-0.31391399999999997,
				0.446747
			],
			[
				-0.31291399999999997,
				0.448105
			],
			[
				-0.31191399999999997,
				0.449458
			],
			[
				-0.31091399999999997,
				0.450805
			],
			[
				-0.30991399999999997,
				0.452149
			],
			[
				-0.30891399999999997,
				0.453489
			],
			[
				-0.3,
				0.465431
			],
			[
				-0.29,
				0.47921
			],
			[
				-0.28,
				0.493079
			],
			[
				-0.27,
				0.506948
			],
			[
				-0.26,
				0.520817
			],
			[
				-0.25,
				0.534686
			],
			[
				-0.24,
				0.548556
			],
			[
				-0.23,
				0.562425
			],
			[
				-0.22,
				0.576294
			],
			[
				-0.21,
				0.590163
			],
			[
				-0.2,
				0.604032
			],
			[
				-0.19,
				0.617902
			],
			[
				-0.18,
				0.631771
			],
			[
				-0.17,
				0.64564
			],
			[
				-0.16,
				0.659509
			],
			[
				-0.15,
				0.673378
			],
			[
				-0.14,
				0.687247
			],
			[
				-0.13,
				0.701117
			],
			[
				-0.12,
				0.714986
			],
			[
				-0.11,
				0.728855
			],
			[
				-0.1,
				0.742724
			],
			[
				-0.09,
				0.756593
			],
			[
				-0.08,
				0.770463
			],
			[
				-0.07,
				0.784332
			],
			[
				-0.06,
				0.798201
			],
			[
				-0.05,
				0.81207
			],
			[
				-0.04,
				0.825939
			],
			[
				-0.03,
				0.839808
			],
			[
				-0.02,
				0.853678
			],
			[
				-0.01,
				0.867547
			],
			[
				0.0,
				0.881416
			]
		]
	}
}
