{
	"ID": 206,
	"name": "VACODYM_764AP_150C",
	"conductivity": 0.0,
	"relPermeability": 0.0,
	"remanence": "no information",
	"linear": false,
	"BHCurve": {
		"default": [
			[
				-0.31978500000000004,
				0.0
			],
			[
				-0.319498,
				0.012369
			],
			[
				-0.318498,
				0.0555784
			],
			[
				-0.317498,
				0.0987878
			],
			[
				-0.316498,
				0.141997
			],
			[
				-0.315498,
				0.185207
			],
			[
				-0.314498,
				0.228416
			],
			[
				-0.313498,
				0.271625
			],
			[
				-0.312498,
				0.314835
			],
			[
				-0.311498,
				0.358044
			],
			[
				-0.310498,
				0.401253
			],
			[
				-0.309498,
				0.444463
			],
			[
				-0.308498,
				0.487672
			],
			[
				-0.307498,
				0.532107
			],
			[
				-0.306498,
				0.581257
			],
			[
				-0.305498,
				0.61678
			],
			[
				-0.304498,
				0.633835
			],
			[
				-0.303498,
				0.643547
			],
			[
				-0.302498,
				0.650249
			],
			[
				-0.301498,
				0.656053
			],
			[
				-0.300498,
				0.661239
			],
			[
				-0.299498,
				0.666191
			],
			[
				-0.298498,
				0.670907
			],
			[
				-0.297498,
				0.675097
			],
			[
				-0.296498,
				0.67869
			],
			[
				-0.295498,
				0.681987
			],
			[
				-0.294498,
				0.685033
			],
			[
				-0.293498,
				0.687872
			],
			[
				-0.292498,
				0.690542
			],
			[
				-0.291498,
				0.693082
			],
			[
				-0.290498,
				0.695485
			],
			[
				-0.289498,
				0.697762
			],
			[
				-0.288498,
				0.699933
			],
			[
				-0.287498,
				0.702016
			],
			[
				-0.286498,
				0.704031
			],
			[
				-0.285498,
				0.705998
			],
			[
				-0.284498,
				0.707931
			],
			[
				-0.28349799999999997,
				0.709814
			],
			[
				-0.28249799999999997,
				0.711644
			],
			[
				-0.28149799999999997,
				0.713422
			],
			[
				-0.28049799999999997,
				0.715146
			],
			[
				-0.27949799999999997,
				0.716817
			],
			[
				-0.27849799999999997,
				0.718434
			],
			[
				-0.27749799999999997,
				0.720003
			],
			[
				-0.27649799999999997,
				0.721542
			],
			[
				-0.27549799999999997,
				0.723053
			],
			[
				-0.27449799999999996,
				0.724537
			],
			[
				-0.27349799999999996,
				0.725998
			],
			[
				-0.272498,
				0.727435
			],
			[
				-0.271498,
				0.728852
			],
			[
				-0.270498,
				0.730248
			],
			[
				-0.269498,
				0.731627
			],
			[
				-0.268498,
				0.73299
			],
			[
				-0.267498,
				0.734338
			],
			[
				-0.266498,
				0.735673
			],
			[
				-0.265498,
				0.736997
			],
			[
				-0.264498,
				0.738312
			],
			[
				-0.263498,
				0.739618
			],
			[
				-0.26,
				0.74415
			],
			[
				-0.25,
				0.757309
			],
			[
				-0.24,
				0.770931
			],
			[
				-0.23,
				0.784552
			],
			[
				-0.22,
				0.798173
			],
			[
				-0.21,
				0.811795
			],
			[
				-0.2,
				0.825416
			],
			[
				-0.19,
				0.839037
			],
			[
				-0.18,
				0.852659
			],
			[
				-0.17,
				0.86628
			],
			[
				-0.16,
				0.879902
			],
			[
				-0.15,
				0.893523
			],
			[
				-0.14,
				0.907144
			],
			[
				-0.13,
				0.920766
			],
			[
				-0.12,
				0.934387
			],
			[
				-0.11,
				0.948009
			],
			[
				-0.1,
				0.96163
			],
			[
				-0.09,
				0.975251
			],
			[
				-0.08,
				0.988873
			],
			[
				-0.07,
				1.00249
			],
			[
				-0.06,
				1.01612
			],
			[
				-0.05,
				1.02974
			],
			[
				-0.04,
				1.04336
			],
			[
				-0.03,
				1.05698
			],
			[
				-0.02,
				1.0706
			],
			[
				-0.01,
				1.08422
			],
			[
				0.0,
				1.09784
			]
		]
	}
}
