{
	"ID": 234,
	"name": "VACODYM_776_AP_120C",
	"conductivity": 0.0,
	"relPermeability": 1.0,
	"remanence": 0.0,
	"linear": false,
	"BHCurve": {
		"default": [
			[
				-0.789464,
				0.0
			],
			[
				-0.78931,
				0.00442946
			],
			[
				-0.78831,
				0.0153598
			],
			[
				-0.78731,
				0.0227504
			],
			[
				-0.78631,
				0.0284335
			],
			[
				-0.78531,
				0.033729
			],
			[
				-0.78431,
				0.0381855
			],
			[
				-0.78331,
				0.0420921
			],
			[
				-0.78231,
				0.0458198
			],
			[
				-0.78131,
				0.0494124
			],
			[
				-0.78031,
				0.0528231
			],
			[
				-0.77931,
				0.0560842
			],
			[
				-0.77831,
				0.0592277
			],
			[
				-0.77731,
				0.062286
			],
			[
				-0.77631,
				0.0652913
			],
			[
				-0.7753099999999999,
				0.0682748
			],
			[
				-0.7743099999999999,
				0.0712356
			],
			[
				-0.7733099999999999,
				0.074153
			],
			[
				-0.7723099999999999,
				0.0770088
			],
			[
				-0.7713099999999999,
				0.0797846
			],
			[
				-0.7703099999999999,
				0.0824623
			],
			[
				-0.7693099999999999,
				0.0850236
			],
			[
				-0.7683099999999999,
				0.0874558
			],
			[
				-0.7673099999999999,
				0.0898076
			],
			[
				-0.7663099999999999,
				0.0920981
			],
			[
				-0.7653099999999999,
				0.094331
			],
			[
				-0.7643099999999999,
				0.0965103
			],
			[
				-0.7633099999999999,
				0.09864
			],
			[
				-0.7623099999999999,
				0.100724
			],
			[
				-0.7613099999999999,
				0.102766
			],
			[
				-0.7603099999999999,
				0.104771
			],
			[
				-0.7593099999999999,
				0.106741
			],
			[
				-0.7583099999999999,
				0.108682
			],
			[
				-0.7573099999999999,
				0.110596
			],
			[
				-0.7563099999999999,
				0.112489
			],
			[
				-0.7553099999999999,
				0.114363
			],
			[
				-0.7543099999999999,
				0.11622
			],
			[
				-0.7533099999999999,
				0.11805
			],
			[
				-0.7523099999999999,
				0.119851
			],
			[
				-0.7513099999999999,
				0.121625
			],
			[
				-0.7503099999999999,
				0.123374
			],
			[
				-0.7493099999999999,
				0.125099
			],
			[
				-0.7483099999999999,
				0.126803
			],
			[
				-0.7473099999999999,
				0.128487
			],
			[
				-0.7463099999999999,
				0.130152
			],
			[
				-0.7453099999999999,
				0.131801
			],
			[
				-0.7443099999999999,
				0.133436
			],
			[
				-0.7433099999999999,
				0.135057
			],
			[
				-0.7423099999999999,
				0.136666
			],
			[
				-0.7413099999999999,
				0.138266
			],
			[
				-0.7403099999999999,
				0.139858
			],
			[
				-0.7393099999999999,
				0.141444
			],
			[
				-0.7383099999999999,
				0.143025
			],
			[
				-0.7373099999999999,
				0.144603
			],
			[
				-0.7363099999999999,
				0.146172
			],
			[
				-0.7353099999999999,
				0.147728
			],
			[
				-0.7343099999999999,
				0.149271
			],
			[
				-0.7333099999999999,
				0.150803
			],
			[
				-0.7323099999999999,
				0.152324
			],
			[
				-0.7313099999999999,
				0.153835
			],
			[
				-0.7303099999999999,
				0.155336
			],
			[
				-0.7293099999999999,
				0.156827
			],
			[
				-0.7283099999999999,
				0.15831
			],
			[
				-0.7273099999999999,
				0.159785
			],
			[
				-0.7263099999999999,
				0.161252
			],
			[
				-0.7253099999999999,
				0.162712
			],
			[
				-0.7243099999999999,
				0.164165
			],
			[
				-0.7233099999999999,
				0.165613
			],
			[
				-0.7223099999999999,
				0.167055
			],
			[
				-0.7213099999999999,
				0.168492
			],
			[
				-0.7203099999999999,
				0.169926
			],
			[
				-0.7193099999999999,
				0.171355
			],
			[
				-0.7183099999999999,
				0.17278
			],
			[
				-0.7173099999999999,
				0.1742
			],
			[
				-0.7163099999999999,
				0.175616
			],
			[
				-0.7153099999999999,
				0.177028
			],
			[
				-0.71431,
				0.178436
			],
			[
				-0.71331,
				0.17984
			],
			[
				-0.71231,
				0.18124
			],
			[
				-0.71131,
				0.182637
			],
			[
				-0.71031,
				0.184029
			],
			[
				-0.70931,
				0.185418
			],
			[
				-0.70831,
				0.186804
			],
			[
				-0.70731,
				0.188186
			],
			[
				-0.70631,
				0.189565
			],
			[
				-0.70531,
				0.190941
			],
			[
				-0.70431,
				0.192313
			],
			[
				-0.70331,
				0.193683
			],
			[
				-0.70231,
				0.19505
			],
			[
				-0.70131,
				0.196413
			],
			[
				-0.70031,
				0.197775
			],
			[
				-0.69931,
				0.199133
			],
			[
				-0.69831,
				0.200489
			],
			[
				-0.69731,
				0.201842
			],
			[
				-0.69631,
				0.203193
			],
			[
				-0.69531,
				0.204542
			],
			[
				-0.69431,
				0.205889
			],
			[
				-0.69331,
				0.207233
			],
			[
				-0.69231,
				0.208576
			],
			[
				-0.69131,
				0.209917
			],
			[
				-0.69031,
				0.211256
			],
			[
				-0.68931,
				0.212593
			],
			[
				-0.68831,
				0.213928
			],
			[
				-0.68731,
				0.215262
			],
			[
				-0.68631,
				0.216595
			],
			[
				-0.68531,
				0.217926
			],
			[
				-0.68431,
				0.219256
			],
			[
				-0.68331,
				0.220585
			],
			[
				-0.68231,
				0.221913
			],
			[
				-0.68131,
				0.22324
			],
			[
				-0.68031,
				0.224566
			],
			[
				-0.67931,
				0.225892
			],
			[
				-0.67831,
				0.227216
			],
			[
				-0.67731,
				0.22854
			],
			[
				-0.67631,
				0.229864
			],
			[
				-0.67531,
				0.231187
			],
			[
				-0.67431,
				0.23251
			],
			[
				-0.67331,
				0.233833
			],
			[
				-0.67231,
				0.235155
			],
			[
				-0.67131,
				0.236478
			],
			[
				-0.67031,
				0.237801
			],
			[
				-0.66931,
				0.239123
			],
			[
				-0.66831,
				0.240447
			],
			[
				-0.66731,
				0.24177
			],
			[
				-0.66631,
				0.243094
			],
			[
				-0.66531,
				0.244419
			],
			[
				-0.66431,
				0.245744
			],
			[
				-0.66331,
				0.24707
			],
			[
				-0.66231,
				0.248396
			],
			[
				-0.66131,
				0.249724
			],
			[
				-0.66031,
				0.251053
			],
			[
				-0.65931,
				0.252383
			],
			[
				-0.65831,
				0.253714
			],
			[
				-0.65731,
				0.255046
			],
			[
				-0.65631,
				0.25638
			],
			[
				-0.65531,
				0.257715
			],
			[
				-0.65431,
				0.259052
			],
			[
				-0.65331,
				0.26039
			],
			[
				-0.65231,
				0.26173
			],
			[
				-0.65131,
				0.263073
			],
			[
				-0.6503099999999999,
				0.264417
			],
			[
				-0.6493099999999999,
				0.265763
			],
			[
				-0.6483099999999999,
				0.267111
			],
			[
				-0.6473099999999999,
				0.268461
			],
			[
				-0.6463099999999999,
				0.26981
			],
			[
				-0.6453099999999999,
				0.27116
			],
			[
				-0.6443099999999999,
				0.27251
			],
			[
				-0.6433099999999999,
				0.27386
			],
			[
				-0.6423099999999999,
				0.275209
			],
			[
				-0.6413099999999999,
				0.276559
			],
			[
				-0.6403099999999999,
				0.277909
			],
			[
				-0.6393099999999999,
				0.279258
			],
			[
				-0.6383099999999999,
				0.280608
			],
			[
				-0.6373099999999999,
				0.281958
			],
			[
				-0.6363099999999999,
				0.283307
			],
			[
				-0.6353099999999999,
				0.284657
			],
			[
				-0.6343099999999999,
				0.286007
			],
			[
				-0.6333099999999999,
				0.287356
			],
			[
				-0.6323099999999999,
				0.288706
			],
			[
				-0.6313099999999999,
				0.290056
			],
			[
				-0.6303099999999999,
				0.291405
			],
			[
				-0.6293099999999999,
				0.292755
			],
			[
				-0.6283099999999999,
				0.294105
			],
			[
				-0.6273099999999999,
				0.295454
			],
			[
				-0.6263099999999999,
				0.296804
			],
			[
				-0.6253099999999999,
				0.298154
			],
			[
				-0.6243099999999999,
				0.299504
			],
			[
				-0.6233099999999999,
				0.300853
			],
			[
				-0.6223099999999999,
				0.302203
			],
			[
				-0.6213099999999999,
				0.303553
			],
			[
				-0.6203099999999999,
				0.304902
			],
			[
				-0.6193099999999999,
				0.306252
			],
			[
				-0.6183099999999999,
				0.307602
			],
			[
				-0.6173099999999999,
				0.308951
			],
			[
				-0.6163099999999999,
				0.310301
			],
			[
				-0.6153099999999999,
				0.311651
			],
			[
				-0.6143099999999999,
				0.313
			],
			[
				-0.6133099999999999,
				0.31435
