{
	"ID": 182,
	"name": "VACODYM_677TP_20C",
	"conductivity": 0.0,
	"relPermeability": 1.0,
	"remanence": 0.0,
	"linear": false,
	"BHCurve": {
		"default": [
			[
				-0.9107770000000001,
				0.0
			],
			[
				-0.91,
				0.00100629
			],
			[
				-0.9,
				0.0139623
			],
			[
				-0.89,
				0.0269182
			],
			[
				-0.88,
				0.0398742
			],
			[
				-0.87,
				0.0528302
			],
			[
				-0.86,
				0.0657862
			],
			[
				-0.85,
				0.0787421
			],
			[
				-0.84,
				0.0916981
			],
			[
				-0.83,
				0.104654
			],
			[
				-0.82,
				0.11761
			],
			[
				-0.81,
				0.130566
			],
			[
				-0.8,
				0.143522
			],
			[
				-0.79,
				0.156478
			],
			[
				-0.78,
				0.169434
			],
			[
				-0.77,
				0.18239
			],
			[
				-0.76,
				0.195346
			],
			[
				-0.75,
				0.208302
			],
			[
				-0.74,
				0.221258
			],
			[
				-0.73,
				0.234214
			],
			[
				-0.72,
				0.24717
			],
			[
				-0.71,
				0.260126
			],
			[
				-0.7,
				0.273082
			],
			[
				-0.69,
				0.286038
			],
			[
				-0.68,
				0.298994
			],
			[
				-0.67,
				0.31195
			],
			[
				-0.66,
				0.324906
			],
			[
				-0.65,
				0.337862
			],
			[
				-0.64,
				0.350818
			],
			[
				-0.63,
				0.363774
			],
			[
				-0.62,
				0.37673
			],
			[
				-0.61,
				0.389686
			],
			[
				-0.6,
				0.402642
			],
			[
				-0.59,
				0.415597
			],
			[
				-0.58,
				0.428553
			],
			[
				-0.57,
				0.441509
			],
			[
				-0.56,
				0.454465
			],
			[
				-0.55,
				0.467421
			],
			[
				-0.54,
				0.480377
			],
			[
				-0.53,
				0.493333
			],
			[
				-0.52,
				0.506289
			],
			[
				-0.51,
				0.519245
			],
			[
				-0.5,
				0.532201
			],
			[
				-0.49,
				0.545157
			],
			[
				-0.48,
				0.558113
			],
			[
				-0.47,
				0.571069
			],
			[
				-0.46,
				0.584025
			],
			[
				-0.45,
				0.596981
			],
			[
				-0.44,
				0.609937
			],
			[
				-0.43,
				0.622893
			],
			[
				-0.42,
				0.635849
			],
			[
				-0.41,
				0.648805
			],
			[
				-0.4,
				0.661761
			],
			[
				-0.39,
				0.674717
			],
			[
				-0.38,
				0.687673
			],
			[
				-0.37,
				0.700629
			],
			[
				-0.36,
				0.713585
			],
			[
				-0.35,
				0.726541
			],
			[
				-0.34,
				0.739497
			],
			[
				-0.33,
				0.752453
			],
			[
				-0.32,
				0.765409
			],
			[
				-0.31,
				0.778365
			],
			[
				-0.3,
				0.791321
			],
			[
				-0.29,
				0.804277
			],
			[
				-0.28,
				0.817233
			],
			[
				-0.27,
				0.830189
			],
			[
				-0.26,
				0.843145
			],
			[
				-0.25,
				0.856101
			],
			[
				-0.24,
				0.869057
			],
			[
				-0.23,
				0.882013
			],
			[
				-0.22,
				0.894969
			],
			[
				-0.21,
				0.907925
			],
			[
				-0.2,
				0.920881
			],
			[
				-0.19,
				0.933836
			],
			[
				-0.18,
				0.946792
			],
			[
				-0.17,
				0.959748
			],
			[
				-0.16,
				0.972704
			],
			[
				-0.15,
				0.98566
			],
			[
				-0.14,
				0.998616
			],
			[
				-0.13,
				1.01157
			],
			[
				-0.12,
				1.02453
			],
			[
				-0.11,
				1.03748
			],
			[
				-0.1,
				1.05044
			],
			[
				-0.09,
				1.0634
			],
			[
				-0.08,
				1.07635
			],
			[
				-0.07,
				1.08931
			],
			[
				-0.06,
				1.10226
			],
			[
				-0.05,
				1.11522
			],
			[
				-0.04,
				1.12818
			],
			[
				-0.03,
				1.14113
			],
			[
				-0.02,
				1.15409
			],
			[
				-0.01,
				1.16704
			],
			[
				0.0,
				1.18
			]
		]
	}
}
