{
	"ID": 290,
	"name": "VACODYM_854_AP_180C",
	"conductivity": 0.0,
	"relPermeability": 1.0,
	"remanence": 0.0,
	"linear": false,
	"BHCurve": {
		"default": [
			[
				-0.404915,
				0.0
			],
			[
				-0.404853,
				0.00243746
			],
			[
				-0.403853,
				0.0415749
			],
			[
				-0.402853,
				0.0807123
			],
			[
				-0.401853,
				0.11985
			],
			[
				-0.400853,
				0.158987
			],
			[
				-0.399853,
				0.198124
			],
			[
				-0.398853,
				0.237262
			],
			[
				-0.397853,
				0.276399
			],
			[
				-0.396853,
				0.315553
			],
			[
				-0.395853,
				0.360089
			],
			[
				-0.394853,
				0.399102
			],
			[
				-0.393853,
				0.417385
			],
			[
				-0.392853,
				0.428023
			],
			[
				-0.391853,
				0.435361
			],
			[
				-0.390853,
				0.440866
			],
			[
				-0.389853,
				0.445861
			],
			[
				-0.388853,
				0.45038
			],
			[
				-0.387853,
				0.454576
			],
			[
				-0.386853,
				0.458612
			],
			[
				-0.385853,
				0.462578
			],
			[
				-0.384853,
				0.466386
			],
			[
				-0.383853,
				0.469931
			],
			[
				-0.382853,
				0.473115
			],
			[
				-0.381853,
				0.476058
			],
			[
				-0.380853,
				0.478843
			],
			[
				-0.379853,
				0.481486
			],
			[
				-0.378853,
				0.484005
			],
			[
				-0.377853,
				0.486419
			],
			[
				-0.376853,
				0.488744
			],
			[
				-0.375853,
				0.490999
			],
			[
				-0.374853,
				0.493192
			],
			[
				-0.373853,
				0.495307
			],
			[
				-0.372853,
				0.497351
			],
			[
				-0.371853,
				0.499331
			],
			[
				-0.370853,
				0.501255
			],
			[
				-0.369853,
				0.503132
			],
			[
				-0.368853,
				0.50497
			],
			[
				-0.367853,
				0.506777
			],
			[
				-0.366853,
				0.50856
			],
			[
				-0.365853,
				0.510329
			],
			[
				-0.364853,
				0.512072
			],
			[
				-0.363853,
				0.513783
			],
			[
				-0.362853,
				0.515464
			],
			[
				-0.36185300000000004,
				0.517117
			],
			[
				-0.36085300000000003,
				0.518742
			],
			[
				-0.35985300000000003,
				0.520342
			],
			[
				-0.35885300000000003,
				0.521917
			],
			[
				-0.35785300000000003,
				0.52347
			],
			[
				-0.35685300000000003,
				0.525002
			],
			[
				-0.35585300000000003,
				0.526515
			],
			[
				-0.35485300000000003,
				0.528013
			],
			[
				-0.35385300000000003,
				0.529496
			],
			[
				-0.352853,
				0.530964
			],
			[
				-0.351853,
				0.53242
			],
			[
				-0.350853,
				0.533862
			],
			[
				-0.349853,
				0.535293
			],
			[
				-0.348853,
				0.536712
			],
			[
				-0.347853,
				0.53812
			],
			[
				-0.346853,
				0.539519
			],
			[
				-0.345853,
				0.540908
			],
			[
				-0.344853,
				0.542288
			],
			[
				-0.343853,
				0.54366
			],
			[
				-0.342853,
				0.545025
			],
			[
				-0.341853,
				0.546383
			],
			[
				-0.340853,
				0.547735
			],
			[
				-0.339853,
				0.549081
			],
			[
				-0.338853,
				0.550423
			],
			[
				-0.337853,
				0.551761
			],
			[
				-0.336853,
				0.553096
			],
			[
				-0.335853,
				0.554427
			],
			[
				-0.334853,
				0.555757
			],
			[
				-0.333853,
				0.557085
			],
			[
				-0.332853,
				0.558413
			],
			[
				-0.331853,
				0.55974
			],
			[
				-0.330853,
				0.561068
			],
			[
				-0.329853,
				0.562398
			],
			[
				-0.328853,
				0.563729
			],
			[
				-0.327853,
				0.565063
			],
			[
				-0.326853,
				0.566401
			],
			[
				-0.325853,
				0.567742
			],
			[
				-0.324853,
				0.569088
			],
			[
				-0.323853,
				0.570439
			],
			[
				-0.322853,
				0.571796
			],
			[
				-0.321853,
				0.57316
			],
			[
				-0.320853,
				0.574531
			],
			[
				-0.319853,
				0.575905
			],
			[
				-0.318853,
				0.57728
			],
			[
				-0.317853,
				0.578655
			],
			[
				-0.316853,
				0.580029
			],
			[
				-0.315853,
				0.581404
			],
			[
				-0.314853,
				0.582778
			],
			[
				-0.313853,
				0.584153
			],
			[
				-0.312853,
				0.585528
			],
			[
				-0.311853,
				0.586902
			],
			[
				-0.310853,
				0.588277
			],
			[
				-0.309853,
				0.589651
			],
			[
				-0.308853,
				0.591026
			],
			[
				-0.307853,
				0.592401
			],
			[
				-0.306853,
				0.593775
			],
			[
				-0.305853,
				0.59515
			],
			[
				-0.304853,
				0.596524
			],
			[
				-0.303853,
				0.597899
			],
			[
				-0.302853,
				0.599274
			],
			[
				-0.301853,
				0.600648
			],
			[
				-0.300853,
				0.602023
			],
			[
				-0.29985300000000004,
				0.603397
			],
			[
				-0.29885300000000004,
				0.604772
			],
			[
				-0.29785300000000003,
				0.606146
			],
			[
				-0.29685300000000003,
				0.607521
			],
			[
				-0.29585300000000003,
				0.608896
			],
			[
				-0.29485300000000003,
				0.61027
			],
			[
				-0.29385300000000003,
				0.611645
			],
			[
				-0.29285300000000003,
				0.613019
			],
			[
				-0.29,
				0.616941
			],
			[
				-0.285,
				0.623814
			],
			[
				-0.28,
				0.630686
			],
			[
				-0.275,
				0.637559
			],
			[
				-0.27,
				0.644432
			],
			[
				-0.265,
				0.651305
			],
			[
				-0.26,
				0.658178
			],
			[
				-0.255,
				0.665051
			],
			[
				-0.25,
				0.671924
			],
			[
				-0.245,
				0.678797
			],
			[
				-0.24,
				0.68567
			],
			[
				-0.235,
				0.692543
			],
			[
				-0.23,
				0.699416
			],
			[
				-0.225,
				0.706289
			],
			[
				-0.22,
				0.713162
			],
			[
				-0.215,
				0.720035
			],
			[
				-0.21,
				0.726908
			],
			[
				-0.205,
				0.733781
			],
			[
				-0.2,
				0.740654
			],
			[
				-0.195,
				0.747527
			],
			[
				-0.19,
				0.7544
			],
			[
				-0.185,
				0.761273
			],
			[
				-0.18,
				0.768146
			],
			[
				-0.175,
				0.775019
			],
			[
				-0.17,
				0.781891
			],
			[
				-0.165,
				0.788764
			],
			[
				-0.16,
				0.795637
			],
			[
				-0.155,
				0.80251
			],
			[
				-0.15,
				0.809383
			],
			[
				-0.145,
				0.816256
			],
			[
				-0.14,
				0.823129
			],
			[
				-0.135,
				0.830002
			],
			[
				-0.13,
				0.836875
			],
			[
				-0.125,
				0.843748
			],
			[
				-0.12,
				0.850621
			],
			[
				-0.115,
				0.857494
			],
			[
				-0.11,
				0.864367
			],
			[
				-0.105,
				0.87124
			],
			[
				-0.1,
				0.878113
			],
			[
				-0.095,
				0.884986
			],
			[
				-0.09,
				0.891859
			],
			[
				-0.085,
				0.898732
			],
			[
				-0.08,
				0.905605
			],
			[
				-0.075,
				0.912478
			],
			[
				-0.07,
				0.919351
			],
			[
				-0.065,
				0.926224
			],
			[
				-0.06,
				0.933097
			],
			[
				-0.055,
				0.939969
			],
			[
				-0.05,
				0.946842
			],
			[
				-0.045,
				0.953715
			],
			[
				-0.04,
				0.960588
			],
			[
				-0.035,
				0.967461
			],
			[
				-0.03,
				0.974334
			],
			[
				-0.025,
				0.981207
			],
			[
				-0.02,
				0.98808
			],
			[
				-0.015,
				0.994953
			],
			[
				-0.01,
				1.00183
			],
			[
				-0.005,
				1.0087
			],
			[
				0.0,
				1.01557
			]
		]
	}
}
