{
	"ID": 177,
	"name": "VACODYM_677AP_80C",
	"conductivity": 0.0,
	"relPermeability": 1.0,
	"remanence": 0.0,
	"linear": false,
	"BHCurve": {
		"default": [
			[
				-0.8072910000000001,
				0.0
			],
			[
				-0.8,
				0.00971906
			],
			[
				-0.79,
				0.0230499
			],
			[
				-0.78,
				0.0363807
			],
			[
				-0.77,
				0.0497115
			],
			[
				-0.76,
				0.0630423
			],
			[
				-0.75,
				0.0763731
			],
			[
				-0.74,
				0.089704
			],
			[
				-0.73,
				0.103035
			],
			[
				-0.72,
				0.116366
			],
			[
				-0.71,
				0.129696
			],
			[
				-0.7,
				0.143027
			],
			[
				-0.69,
				0.156358
			],
			[
				-0.68,
				0.169689
			],
			[
				-0.67,
				0.18302
			],
			[
				-0.66,
				0.196351
			],
			[
				-0.65,
				0.209681
			],
			[
				-0.64,
				0.223012
			],
			[
				-0.63,
				0.236343
			],
			[
				-0.62,
				0.249674
			],
			[
				-0.61,
				0.263005
			],
			[
				-0.6,
				0.276335
			],
			[
				-0.59,
				0.289666
			],
			[
				-0.58,
				0.302997
			],
			[
				-0.57,
				0.316328
			],
			[
				-0.56,
				0.329659
			],
			[
				-0.55,
				0.342989
			],
			[
				-0.54,
				0.35632
			],
			[
				-0.53,
				0.369651
			],
			[
				-0.52,
				0.382982
			],
			[
				-0.51,
				0.396313
			],
			[
				-0.5,
				0.409644
			],
			[
				-0.49,
				0.422974
			],
			[
				-0.48,
				0.436305
			],
			[
				-0.47,
				0.449636
			],
			[
				-0.46,
				0.462967
			],
			[
				-0.45,
				0.476298
			],
			[
				-0.44,
				0.489628
			],
			[
				-0.43,
				0.502959
			],
			[
				-0.42,
				0.51629
			],
			[
				-0.41,
				0.529621
			],
			[
				-0.4,
				0.542952
			],
			[
				-0.39,
				0.556283
			],
			[
				-0.38,
				0.569613
			],
			[
				-0.37,
				0.582944
			],
			[
				-0.36,
				0.596275
			],
			[
				-0.35,
				0.609606
			],
			[
				-0.34,
				0.622937
			],
			[
				-0.33,
				0.636267
			],
			[
				-0.32,
				0.649598
			],
			[
				-0.31,
				0.662929
			],
			[
				-0.3,
				0.67626
			],
			[
				-0.29,
				0.689591
			],
			[
				-0.28,
				0.702922
			],
			[
				-0.27,
				0.716252
			],
			[
				-0.26,
				0.729583
			],
			[
				-0.25,
				0.742914
			],
			[
				-0.24,
				0.756245
			],
			[
				-0.23,
				0.769576
			],
			[
				-0.22,
				0.782906
			],
			[
				-0.21,
				0.796237
			],
			[
				-0.2,
				0.809568
			],
			[
				-0.19,
				0.822899
			],
			[
				-0.18,
				0.83623
			],
			[
				-0.17,
				0.849561
			],
			[
				-0.16,
				0.862891
			],
			[
				-0.15,
				0.876222
			],
			[
				-0.14,
				0.889553
			],
			[
				-0.13,
				0.902884
			],
			[
				-0.12,
				0.916215
			],
			[
				-0.11,
				0.929545
			],
			[
				-0.1,
				0.942876
			],
			[
				-0.09,
				0.956207
			],
			[
				-0.08,
				0.969538
			],
			[
				-0.07,
				0.982869
			],
			[
				-0.06,
				0.9962
			],
			[
				-0.05,
				1.00953
			],
			[
				-0.04,
				1.02286
			],
			[
				-0.03,
				1.03619
			],
			[
				-0.02,
				1.04952
			],
			[
				-0.01,
				1.06285
			],
			[
				0.0,
				1.07618
			]
		]
	}
}
