{
	"ID": 121,
	"name": "VACODYM_4020_080C",
	"conductivity": 0.0,
	"relPermeability": 1.0,
	"remanence": 0.0,
	"linear": false,
	"BHCurve": {
		"default": [
			[
				-0.899283,
				0.0
			],
			[
				-0.898638,
				0.000845204
			],
			[
				-0.897638,
				0.00215577
			],
			[
				-0.896638,
				0.00346732
			],
			[
				-0.895638,
				0.00477991
			],
			[
				-0.894638,
				0.00609358
			],
			[
				-0.893638,
				0.00740841
			],
			[
				-0.892638,
				0.00872444
			],
			[
				-0.891638,
				0.0100417
			],
			[
				-0.890638,
				0.0113604
			],
			[
				-0.889638,
				0.0126803
			],
			[
				-0.888638,
				0.0140018
			],
			[
				-0.887638,
				0.0153247
			],
			[
				-0.886638,
				0.0166492
			],
			[
				-0.885638,
				0.0179752
			],
			[
				-0.884638,
				0.019303
			],
			[
				-0.883638,
				0.0206324
			],
			[
				-0.882638,
				0.0219637
			],
			[
				-0.881638,
				0.0232965
			],
			[
				-0.880638,
				0.0246296
			],
			[
				-0.879638,
				0.0259627
			],
			[
				-0.878638,
				0.0272958
			],
			[
				-0.877638,
				0.0286288
			],
			[
				-0.876638,
				0.0299619
			],
			[
				-0.875638,
				0.031295
			],
			[
				-0.874638,
				0.0326281
			],
			[
				-0.873638,
				0.0339612
			],
			[
				-0.872638,
				0.0352943
			],
			[
				-0.871638,
				0.0366273
			],
			[
				-0.870638,
				0.0379604
			],
			[
				-0.869638,
				0.0392935
			],
			[
				-0.868638,
				0.0406266
			],
			[
				-0.867638,
				0.0419597
			],
			[
				-0.866638,
				0.0432927
			],
			[
				-0.865638,
				0.0446258
			],
			[
				-0.864638,
				0.0459589
			],
			[
				-0.863638,
				0.047292
			],
			[
				-0.862638,
				0.0486251
			],
			[
				-0.861638,
				0.0499582
			],
			[
				-0.860638,
				0.0512912
			],
			[
				-0.859638,
				0.0526243
			],
			[
				-0.858638,
				0.0539574
			],
			[
				-0.857638,
				0.0552905
			],
			[
				-0.856638,
				0.0566236
			],
			[
				-0.855638,
				0.0579566
			],
			[
				-0.854638,
				0.0592897
			],
			[
				-0.853638,
				0.0606228
			],
			[
				-0.852638,
				0.0619559
			],
			[
				-0.851638,
				0.063289
			],
			[
				-0.850638,
				0.0646221
			],
			[
				-0.849638,
				0.0659551
			],
			[
				-0.848638,
				0.0672882
			],
			[
				-0.847638,
				0.0686213
			],
			[
				-0.846638,
				0.0699544
			],
			[
				-0.845638,
				0.0712875
			],
			[
				-0.844638,
				0.0726205
			],
			[
				-0.843638,
				0.0739536
			],
			[
				-0.842638,
				0.0752867
			],
			[
				-0.841638,
				0.0766198
			],
			[
				-0.840638,
				0.0779529
			],
			[
				-0.839638,
				0.0792859
			],
			[
				-0.838638,
				0.080619
			],
			[
				-0.837638,
				0.0819521
			],
			[
				-0.836638,
				0.0832852
			],
			[
				-0.835638,
				0.0846183
			],
			[
				-0.834638,
				0.0859514
			],
			[
				-0.833638,
				0.0872844
			],
			[
				-0.832638,
				0.0886175
			],
			[
				-0.831638,
				0.0899506
			],
			[
				-0.830638,
				0.0912837
			],
			[
				-0.829638,
				0.0926168
			],
			[
				-0.828638,
				0.0939498
			],
			[
				-0.827638,
				0.0952829
			],
			[
				-0.826638,
				0.096616
			],
			[
				-0.825638,
				0.0979491
			],
			[
				-0.824638,
				0.0992822
			],
			[
				-0.823638,
				0.100615
			],
			[
				-0.822638,
				0.101948
			],
			[
				-0.821638,
				0.103281
			],
			[
				-0.820638,
				0.104615
			],
			[
				-0.8196380000000001,
				0.105948
			],
			[
				-0.8186380000000001,
				0.107281
			],
			[
				-0.8176380000000001,
				0.108614
			],
			[
				-0.8166380000000001,
				0.109947
			],
			[
				-0.8156380000000001,
				0.11128
			],
			[
				-0.8146380000000001,
				0.112613
			],
			[
				-0.8136380000000001,
				0.113946
			],
			[
				-0.8126380000000001,
				0.115279
			],
			[
				-0.8116380000000001,
				0.116612
			],
			[
				-0.8106380000000001,
				0.117945
			],
			[
				-0.8096380000000001,
				0.119278
			],
			[
				-0.8086380000000001,
				0.120611
			],
			[
				-0.8076380000000001,
				0.121945
			],
			[
				-0.8066380000000001,
				0.123278
			],
			[
				-0.8056380000000001,
				0.124611
			],
			[
				-0.8046380000000001,
				0.125944
			],
			[
				-0.8036380000000001,
				0.127277
			],
			[
				-0.8026380000000001,
				0.12861
			],
			[
				-0.8016380000000001,
				0.129943
			],
			[
				-0.8006380000000001,
				0.131276
			],
			[
				-0.7996380000000001,
				0.132609
			],
			[
				-0.7986380000000001,
				0.133942
			],
			[
				-0.7976380000000001,
				0.135275
			],
			[
				-0.7966380000000001,
				0.136608
			],
			[
				-0.7956380000000001,
				0.137942
			],
			[
				-0.7946380000000001,
				0.139275
			],
			[
				-0.7936380000000001,
				0.140608
			],
			[
				-0.7926380000000001,
				0.141941
			],
			[
				-0.7916380000000001,
				0.143274
			],
			[
				-0.7906380000000001,
				0.144607
			],
			[
				-0.7896380000000001,
				0.14594
			],
			[
				-0.7886380000000001,
				0.147273
			],
			[
				-0.7876380000000001,
				0.148606
			],
			[
				-0.7866380000000001,
				0.149939
			],
			[
				-0.7856380000000001,
				0.151272
			],
			[
				-0.7846380000000001,
				0.152605
			],
			[
				-0.7836380000000001,
				0.153939
			],
			[
				-0.7826380000000001,
				0.155272
			],
			[
				-0.781638,
				0.156605
			],
			[
				-0.780638,
				0.157938
			],
			[
				-0.779638,
				0.159271
			],
			[
				-0.778638,
				0.160604
			],
			[
				-0.777638,
				0.161937
			],
			[
				-0.776638,
				0.16327
			],
			[
				-0.775638,
				0.164603
			],
			[
				-0.774638,
				0.165936
			],
			[
				-0.773638,
				0.167269
			],
			[
				-0.772638,
				0.168602
			],
			[
				-0.771638,
				0.169936
			],
			[
				-0.770638,
				0.171269
			],
			[
				-0.769638,
				0.172602
			],
			[
				-0.768638,
				0.173935
			],
			[
				-0.767638,
				0.175268
			],
			[
				-0.766638,
				0.176601
			],
			[
				-0.765638,
				0.177934
			],
			[
				-0.764638,
				0.179267
			],
			[
				-0.763638,
				0.1806
			],
			[
				-0.762638,
				0.181933
			],
			[
				-0.761638,
				0.183266
			],
			[
				-0.760638,
				0.184599
			],
			[
				-0.759638,
				0.185932
			],
			[
				-0.758638,
				0.187266
			],
			[
				-0.757638,
				0.188599
			],
			[
				-0.756638,
				0.189932
			],
			[
				-0.755638,
				0.191265
			],
			[
				-0.755,
				0.192115
			],
			[
				-0.75,
				0.198781
			],
			[
				-0.745,
				0.205446
			],
			[
				-0.74,
				0.212111
			],
			[
				-0.735,
				0.218777
			],
			[
				-0.73,
				0.225442
			],
			[
				-0.725,
				0.232108
			],
			[
				-0.72,
				0.238773
			],
			[
				-0.715,
				0.245439
			],
			[
				-0.71,
				0.252104
			],
			[
				-0.705,
				0.258769
			],
			[
				-0.7,
				0.265435
			],
			[
				-0.695,
				0.2721
			],
			[
				-0.69,
				0.278766
			],
			[
				-0.685,
				0.285431
			],
			[
				-0.68,
				0.292096
			],
			[
				-0.675,
				0.298762
			],
			[
				-0.67,
				0.305427
			],
			[
				-0.665,
				0.312093
			],
			[
				-0.66,
				0.318758
			],
			[
				-0.655,
				0.325423
			],
			[
				-0.65,
				0.332089
			],
			[
				-0.645,
				0.338754
			],
			[
				-0.64,
				0.34542
			],
			[
				-0.635,
				0.352085
			],
			[
				-0.63,
				0.35875
			],
			[
				-0.625,
				0.365416
			],
			[
				-0.62,
				0.372081
			],
			[
				-0.615,
				0.378747
			],
			[
				-0.61,
				0.385412
			],
			[
				-0.605,
				0.392078
			],
			[
				-0.6,
				0.398743
			],
			[
				-0.595,
				0.405408
			],
			[
				-0.59,
				0.412074
			],
			[
				-0.585,
				0.418739
			],
			[
				-0.58,
				0.425405
			],
			[
				-0.575,
				0.43207
			],
			[
				-0.57,
				0.438735
			],
			[
				-0.565,
				0.445401
			],
			[
				-0.56,
				0.452066
			],
			[
				-0.555,
				0.458732
			],
			[
				-0.55,
				0.465397
			],
			[
				-0.545,
				0.472062
			],
			[
				-0.54,
				0.478728
			],
			[
				-0.535,
				0.485393
			],
			[
				-0.53,
				0.492059
			],
			[
				-0.525,
				0.498724
			],
			[
				-0.52,
				0.505389
			],
			[
				-0.515,
				0.512055
			],
			[
