{
	"ID": 240,
	"name": "VACODYM_776_TP_100C",
	"conductivity": 0.0,
	"relPermeability": 1.0,
	"remanence": 0.0,
	"linear": false,
	"BHCurve": {
		"default": [
			[
				-0.906978,
				0.0
			],
			[
				-0.9067390000000001,
				0.000560853
			],
			[
				-0.9057390000000001,
				0.00284822
			],
			[
				-0.9047390000000001,
				0.00508151
			],
			[
				-0.9037390000000001,
				0.0072641
			],
			[
				-0.9027390000000001,
				0.00939939
			],
			[
				-0.9017390000000001,
				0.0114908
			],
			[
				-0.9007390000000001,
				0.0135416
			],
			[
				-0.8997390000000001,
				0.0155553
			],
			[
				-0.8987390000000001,
				0.0175353
			],
			[
				-0.8977390000000001,
				0.0194849
			],
			[
				-0.8967390000000001,
				0.0214075
			],
			[
				-0.8957390000000001,
				0.0233065
			],
			[
				-0.8947390000000001,
				0.0251854
			],
			[
				-0.8937390000000001,
				0.0270474
			],
			[
				-0.8927390000000001,
				0.0288952
			],
			[
				-0.8917390000000001,
				0.030719
			],
			[
				-0.8907390000000001,
				0.0325162
			],
			[
				-0.8897390000000001,
				0.0342882
			],
			[
				-0.8887390000000001,
				0.0360366
			],
			[
				-0.8877390000000001,
				0.0377628
			],
			[
				-0.886739,
				0.0394683
			],
			[
				-0.885739,
				0.0411545
			],
			[
				-0.884739,
				0.042823
			],
			[
				-0.883739,
				0.0444752
			],
			[
				-0.882739,
				0.0461125
			],
			[
				-0.881739,
				0.0477365
			],
			[
				-0.880739,
				0.0493486
			],
			[
				-0.879739,
				0.0509503
			],
			[
				-0.878739,
				0.052543
			],
			[
				-0.877739,
				0.0541283
			],
			[
				-0.876739,
				0.0557075
			],
			[
				-0.875739,
				0.0572823
			],
			[
				-0.874739,
				0.0588539
			],
			[
				-0.873739,
				0.0604206
			],
			[
				-0.872739,
				0.0619764
			],
			[
				-0.871739,
				0.0635214
			],
			[
				-0.870739,
				0.065056
			],
			[
				-0.869739,
				0.0665805
			],
			[
				-0.868739,
				0.0680952
			],
			[
				-0.867739,
				0.0696006
			],
			[
				-0.866739,
				0.071097
			],
			[
				-0.865739,
				0.0725847
			],
			[
				-0.864739,
				0.074064
			],
			[
				-0.863739,
				0.0755354
			],
			[
				-0.862739,
				0.0769993
			],
			[
				-0.861739,
				0.0784558
			],
			[
				-0.860739,
				0.0799054
			],
			[
				-0.859739,
				0.0813485
			],
			[
				-0.858739,
				0.0827854
			],
			[
				-0.857739,
				0.0842165
			],
			[
				-0.856739,
				0.085642
			],
			[
				-0.855739,
				0.0870624
			],
			[
				-0.854739,
				0.0884785
			],
			[
				-0.853739,
				0.0898904
			],
			[
				-0.852739,
				0.0912982
			],
			[
				-0.851739,
				0.0927021
			],
			[
				-0.850739,
				0.094102
			],
			[
				-0.849739,
				0.0954981
			],
			[
				-0.848739,
				0.0968905
			],
			[
				-0.847739,
				0.0982791
			],
			[
				-0.846739,
				0.0996641
			],
			[
				-0.845739,
				0.101046
			],
			[
				-0.844739,
				0.102424
			],
			[
				-0.843739,
				0.103798
			],
			[
				-0.842739,
				0.10517
			],
			[
				-0.841739,
				0.106538
			],
			[
				-0.840739,
				0.107902
			],
			[
				-0.839739,
				0.109264
			],
			[
				-0.838739,
				0.110623
			],
			[
				-0.837739,
				0.111979
			],
			[
				-0.836739,
				0.113332
			],
			[
				-0.835739,
				0.114682
			],
			[
				-0.834739,
				0.116029
			],
			[
				-0.833739,
				0.117374
			],
			[
				-0.832739,
				0.118716
			],
			[
				-0.831739,
				0.120056
			],
			[
				-0.830739,
				0.121393
			],
			[
				-0.829739,
				0.122728
			],
			[
				-0.828739,
				0.124061
			],
			[
				-0.827739,
				0.125391
			],
			[
				-0.826739,
				0.126719
			],
			[
				-0.825739,
				0.128045
			],
			[
				-0.824739,
				0.12937
			],
			[
				-0.823739,
				0.130692
			],
			[
				-0.822739,
				0.132012
			],
			[
				-0.821739,
				0.133331
			],
			[
				-0.820739,
				0.134648
			],
			[
				-0.819739,
				0.135964
			],
			[
				-0.818739,
				0.137277
			],
			[
				-0.817739,
				0.13859
			],
			[
				-0.816739,
				0.139901
			],
			[
				-0.815739,
				0.14121
			],
			[
				-0.814739,
				0.142519
			],
			[
				-0.813739,
				0.143826
			],
			[
				-0.812739,
				0.145132
			],
			[
				-0.811739,
				0.146438
			],
			[
				-0.810739,
				0.147742
			],
			[
				-0.809739,
				0.149045
			],
			[
				-0.808739,
				0.150348
			],
			[
				-0.807739,
				0.151649
			],
			[
				-0.806739,
				0.152951
			],
			[
				-0.805739,
				0.154251
			],
			[
				-0.804739,
				0.155551
			],
			[
				-0.803739,
				0.156851
			],
			[
				-0.802739,
				0.15815
			],
			[
				-0.801739,
				0.159449
			],
			[
				-0.800739,
				0.160748
			],
			[
				-0.799739,
				0.162047
			],
			[
				-0.7987390000000001,
				0.163345
			],
			[
				-0.7977390000000001,
				0.164644
			],
			[
				-0.7967390000000001,
				0.165943
			],
			[
				-0.7957390000000001,
				0.167242
			],
			[
				-0.7947390000000001,
				0.168541
			],
			[
				-0.7937390000000001,
				0.16984
			],
			[
				-0.7927390000000001,
				0.17114
			],
			[
				-0.7917390000000001,
				0.17244
			],
			[
				-0.7907390000000001,
				0.173741
			],
			[
				-0.7897390000000001,
				0.175042
			],
			[
				-0.7887390000000001,
				0.176345
			],
			[
				-0.7877390000000001,
				0.177647
			],
			[
				-0.7867390000000001,
				0.178951
			],
			[
				-0.7857390000000001,
				0.180256
			],
			[
				-0.7847390000000001,
				0.181561
			],
			[
				-0.7837390000000001,
				0.182868
			],
			[
				-0.7827390000000001,
				0.184176
			],
			[
				-0.7817390000000001,
				0.185485
			],
			[
				-0.7807390000000001,
				0.186795
			],
			[
				-0.7797390000000001,
				0.188107
			],
			[
				-0.7787390000000001,
				0.18942
			],
			[
				-0.7777390000000001,
				0.190734
			],
			[
				-0.7767390000000001,
				0.19205
			],
			[
				-0.7757390000000001,
				0.193368
			],
			[
				-0.7747390000000001,
				0.194688
			],
			[
				-0.7737390000000001,
				0.196009
			],
			[
				-0.7727390000000001,
				0.197332
			],
			[
				-0.7717390000000001,
				0.198657
			],
			[
				-0.7707390000000001,
				0.199984
			],
			[
				-0.7697390000000001,
				0.201313
			],
			[
				-0.7687390000000001,
				0.202642
			],
			[
				-0.7677390000000001,
				0.203971
			],
			[
				-0.7667390000000001,
				0.2053
			],
			[
				-0.7657390000000001,
				0.206628
			],
			[
				-0.7647390000000001,
				0.207957
			],
			[
				-0.7637390000000001,
				0.209286
			],
			[
				-0.7627390000000001,
				0.210615
			],
			[
				-0.761739,
				0.211944
			],
			[
				-0.760739,
				0.213272
			],
			[
				-0.759739,
				0.214601
			],
			[
				-0.758739,
				0.21593
			],
			[
				-0.757739,
				0.217259
			],
			[
				-0.756739,
				0.218588
			],
			[
				-0.755739,
				0.219916
			],
			[
				-0.754739,
				0.221245
			],
			[
				-0.753739,
				0.222574
			],
			[
				-0.752739,
				0.223903
			],
			[
				-0.751739,
				0.225232
			],
			[
				-0.750739,
				0.22656
			],
			[
				-0.749739,
				0.227889
			],
			[
				-0.748739,
				0.229218
			],
			[
				-0.747739,
				0.230547
			],
			[
				-0.746739,
				0.231876
			],
			[
				-0.745739,
				0.233204
			],
			[
				-0.744739,
				0.234533
			],
			[
				-0.743739,
				0.235862
			],
			[
				-0.742739,
				0.237191
			],
			[
				-0.741739,
				0.23852
			],
			[
				-0.740739,
				0.239848
			],
			[
				-0.739739,
				0.241177
			],
			[
				-0.738739,
				0.242506
			],
			[
				-0.737739,
				0.243835
			],
			[
				-0.736739,
				0.245164
			],
			[
				-0.735739,
				0.246492
			],
			[
				-0.734739,
				0.247821
			],
			[
				-0.733739,
				0.24915
			],
			[
				-0.732739,
				0.250479
			],
			[
				-0.731739,
				0.251808
			],
			[
				-0.730739,
				0.253136
			],
			[
				-0.729739,
				0.254465
			],
			[
				-0.728739,
				0.255794
			],
			[
				-0.727739,
				0.257123
			],
			[
				-0.726739,
				0.258452
			],
			[
				-0.725739,
				0.259781
			],
			[
				-0.724739,
				0.261109
			],
			[
				-0.723739,
				0.262438
			],
			[
