{
	"ID": 111,
	"name": "VACODYM_3625_080C",
	"conductivity": 0.0,
	"relPermeability": 0.0,
	"remanence": "no information",
	"linear": false,
	"BHCurve": {
		"default": [
			[
				-0.849826,
				0.0
			],
			[
				-0.845,
				0.00643405
			],
			[
				-0.84,
				0.0130995
			],
			[
				-0.835,
				0.0197649
			],
			[
				-0.83,
				0.0264303
			],
			[
				-0.825,
				0.0330957
			],
			[
				-0.82,
				0.0397611
			],
			[
				-0.815,
				0.0464265
			],
			[
				-0.81,
				0.0530919
			],
			[
				-0.805,
				0.0597573
			],
			[
				-0.8,
				0.0664227
			],
			[
				-0.795,
				0.0730881
			],
			[
				-0.79,
				0.0797535
			],
			[
				-0.785,
				0.086419
			],
			[
				-0.78,
				0.0930844
			],
			[
				-0.775,
				0.0997498
			],
			[
				-0.77,
				0.106415
			],
			[
				-0.765,
				0.113081
			],
			[
				-0.76,
				0.119746
			],
			[
				-0.755,
				0.126411
			],
			[
				-0.75,
				0.133077
			],
			[
				-0.745,
				0.139742
			],
			[
				-0.74,
				0.146408
			],
			[
				-0.735,
				0.153073
			],
			[
				-0.73,
				0.159738
			],
			[
				-0.725,
				0.166404
			],
			[
				-0.72,
				0.173069
			],
			[
				-0.715,
				0.179735
			],
			[
				-0.71,
				0.1864
			],
			[
				-0.705,
				0.193065
			],
			[
				-0.7,
				0.199731
			],
			[
				-0.695,
				0.206396
			],
			[
				-0.69,
				0.213062
			],
			[
				-0.685,
				0.219727
			],
			[
				-0.68,
				0.226393
			],
			[
				-0.675,
				0.233058
			],
			[
				-0.67,
				0.239723
			],
			[
				-0.665,
				0.246389
			],
			[
				-0.66,
				0.253054
			],
			[
				-0.655,
				0.25972
			],
			[
				-0.65,
				0.266385
			],
			[
				-0.645,
				0.27305
			],
			[
				-0.64,
				0.279716
			],
			[
				-0.635,
				0.286381
			],
			[
				-0.63,
				0.293047
			],
			[
				-0.625,
				0.299712
			],
			[
				-0.62,
				0.306377
			],
			[
				-0.615,
				0.313043
			],
			[
				-0.61,
				0.319708
			],
			[
				-0.605,
				0.326374
			],
			[
				-0.6,
				0.333039
			],
			[
				-0.595,
				0.339704
			],
			[
				-0.59,
				0.34637
			],
			[
				-0.585,
				0.353035
			],
			[
				-0.58,
				0.359701
			],
			[
				-0.575,
				0.366366
			],
			[
				-0.57,
				0.373032
			],
			[
				-0.565,
				0.379697
			],
			[
				-0.56,
				0.386362
			],
			[
				-0.555,
				0.393028
			],
			[
				-0.55,
				0.399693
			],
			[
				-0.545,
				0.406359
			],
			[
				-0.54,
				0.413024
			],
			[
				-0.535,
				0.419689
			],
			[
				-0.53,
				0.426355
			],
			[
				-0.525,
				0.43302
			],
			[
				-0.52,
				0.439686
			],
			[
				-0.515,
				0.446351
			],
			[
				-0.51,
				0.453016
			],
			[
				-0.505,
				0.459682
			],
			[
				-0.5,
				0.466347
			],
			[
				-0.495,
				0.473013
			],
			[
				-0.49,
				0.479678
			],
			[
				-0.485,
				0.486343
			],
			[
				-0.48,
				0.493009
			],
			[
				-0.475,
				0.499674
			],
			[
				-0.47,
				0.50634
			],
			[
				-0.465,
				0.513005
			],
			[
				-0.46,
				0.519671
			],
			[
				-0.455,
				0.526336
			],
			[
				-0.45,
				0.533001
			],
			[
				-0.445,
				0.539667
			],
			[
				-0.44,
				0.546332
			],
			[
				-0.435,
				0.552998
			],
			[
				-0.43,
				0.559663
			],
			[
				-0.425,
				0.566328
			],
			[
				-0.42,
				0.572994
			],
			[
				-0.415,
				0.579659
			],
			[
				-0.41,
				0.586325
			],
			[
				-0.405,
				0.59299
			],
			[
				-0.4,
				0.599655
			],
			[
				-0.395,
				0.606321
			],
			[
				-0.39,
				0.612986
			],
			[
				-0.385,
				0.619652
			],
			[
				-0.38,
				0.626317
			],
			[
				-0.375,
				0.632982
			],
			[
				-0.37,
				0.639648
			],
			[
				-0.365,
				0.646313
			],
			[
				-0.36,
				0.652979
			],
			[
				-0.355,
				0.659644
			],
			[
				-0.35,
				0.66631
			],
			[
				-0.345,
				0.672975
			],
			[
				-0.34,
				0.67964
			],
			[
				-0.335,
				0.686306
			],
			[
				-0.33,
				0.692971
			],
			[
				-0.325,
				0.699637
			],
			[
				-0.32,
				0.706302
			],
			[
				-0.315,
				0.712967
			],
			[
				-0.31,
				0.719633
			],
			[
				-0.305,
				0.726298
			],
			[
				-0.3,
				0.732964
			],
			[
				-0.295,
				0.739629
			],
			[
				-0.29,
				0.746294
			],
			[
				-0.285,
				0.75296
			],
			[
				-0.28,
				0.759625
			],
			[
				-0.275,
				0.766291
			],
			[
				-0.27,
				0.772956
			],
			[
				-0.265,
				0.779621
			],
			[
				-0.26,
				0.786287
			],
			[
				-0.255,
				0.792952
			],
			[
				-0.25,
				0.799618
			],
			[
				-0.245,
				0.806283
			],
			[
				-0.24,
				0.812949
			],
			[
				-0.235,
				0.819614
			],
			[
				-0.23,
				0.826279
			],
			[
				-0.225,
				0.832945
			],
			[
				-0.22,
				0.83961
			],
			[
				-0.215,
				0.846276
			],
			[
				-0.21,
				0.852941
			],
			[
				-0.205,
				0.859606
			],
			[
				-0.2,
				0.866272
			],
			[
				-0.195,
				0.872937
			],
			[
				-0.19,
				0.879603
			],
			[
				-0.185,
				0.886268
			],
			[
				-0.18,
				0.892933
			],
			[
				-0.175,
				0.899599
			],
			[
				-0.17,
				0.906264
			],
			[
				-0.165,
				0.91293
			],
			[
				-0.16,
				0.919595
			],
			[
				-0.155,
				0.92626
			],
			[
				-0.15,
				0.932926
			],
			[
				-0.145,
				0.939591
			],
			[
				-0.14,
				0.946257
			],
			[
				-0.135,
				0.952922
			],
			[
				-0.13,
				0.959588
			],
			[
				-0.125,
				0.966253
			],
			[
				-0.12,
				0.972918
			],
			[
				-0.115,
				0.979584
			],
			[
				-0.11,
				0.986249
			],
			[
				-0.105,
				0.992915
			],
			[
				-0.1,
				0.99958
			],
			[
				-0.095,
				1.00625
			],
			[
				-0.09,
				1.01291
			],
			[
				-0.085,
				1.01958
			],
			[
				-0.08,
				1.02624
			],
			[
				-0.075,
				1.03291
			],
			[
				-0.07,
				1.03957
			],
			[
				-0.065,
				1.04624
			],
			[
				-0.06,
				1.0529
			],
			[
				-0.055,
				1.05957
			],
			[
				-0.05,
				1.06623
			],
			[
				-0.045,
				1.0729
			],
			[
				-0.04,
				1.07956
			],
			[
				-0.035,
				1.08623
			],
			[
				-0.03,
				1.0929
			],
			[
				-0.025,
				1.09956
			],
			[
				-0.02,
				1.10623
			],
			[
				-0.015,
				1.11289
			],
			[
				-0.01,
				1.11956
			],
			[
				-0.005,
				1.12622
			],
			[
				0.0,
				1.13289
			]
		]
	}
}
