{
	"ID": 283,
	"name": "VACODYM_854TP_80C",
	"conductivity": 0.0,
	"relPermeability": 0.0,
	"remanence": "no information",
	"linear": false,
	"BHCurve": {
		"default": [
			[
				-0.938725,
				0.0
			],
			[
				-0.938566,
				0.000209339
			],
			[
				-0.937566,
				0.00152653
			],
			[
				-0.936566,
				0.0028456
			],
			[
				-0.935566,
				0.00416605
			],
			[
				-0.934566,
				0.00548655
			],
			[
				-0.933566,
				0.00680706
			],
			[
				-0.932566,
				0.00812756
			],
			[
				-0.931566,
				0.00944806
			],
			[
				-0.930566,
				0.0107686
			],
			[
				-0.929566,
				0.0120891
			],
			[
				-0.928566,
				0.0134096
			],
			[
				-0.927566,
				0.0147301
			],
			[
				-0.926566,
				0.0160506
			],
			[
				-0.925566,
				0.0173711
			],
			[
				-0.924566,
				0.0186916
			],
			[
				-0.923566,
				0.0200121
			],
			[
				-0.922566,
				0.0213326
			],
			[
				-0.921566,
				0.0226531
			],
			[
				-0.920566,
				0.0239736
			],
			[
				-0.919566,
				0.0252941
			],
			[
				-0.918566,
				0.0266146
			],
			[
				-0.917566,
				0.0279351
			],
			[
				-0.916566,
				0.0292556
			],
			[
				-0.915566,
				0.0305761
			],
			[
				-0.914566,
				0.0318966
			],
			[
				-0.913566,
				0.0332171
			],
			[
				-0.912566,
				0.0345376
			],
			[
				-0.911566,
				0.0358581
			],
			[
				-0.91,
				0.0379261
			],
			[
				-0.9,
				0.0511312
			],
			[
				-0.89,
				0.0643362
			],
			[
				-0.88,
				0.0775412
			],
			[
				-0.87,
				0.0907463
			],
			[
				-0.86,
				0.103951
			],
			[
				-0.85,
				0.117156
			],
			[
				-0.84,
				0.130361
			],
			[
				-0.83,
				0.143566
			],
			[
				-0.82,
				0.156771
			],
			[
				-0.81,
				0.169976
			],
			[
				-0.8,
				0.183181
			],
			[
				-0.79,
				0.196387
			],
			[
				-0.78,
				0.209592
			],
			[
				-0.77,
				0.222797
			],
			[
				-0.76,
				0.236002
			],
			[
				-0.75,
				0.249207
			],
			[
				-0.74,
				0.262412
			],
			[
				-0.73,
				0.275617
			],
			[
				-0.72,
				0.288822
			],
			[
				-0.71,
				0.302027
			],
			[
				-0.7,
				0.315232
			],
			[
				-0.69,
				0.328437
			],
			[
				-0.68,
				0.341642
			],
			[
				-0.67,
				0.354847
			],
			[
				-0.66,
				0.368052
			],
			[
				-0.65,
				0.381257
			],
			[
				-0.64,
				0.394462
			],
			[
				-0.63,
				0.407667
			],
			[
				-0.62,
				0.420872
			],
			[
				-0.61,
				0.434077
			],
			[
				-0.6,
				0.447282
			],
			[
				-0.59,
				0.460487
			],
			[
				-0.58,
				0.473692
			],
			[
				-0.57,
				0.486897
			],
			[
				-0.56,
				0.500102
			],
			[
				-0.55,
				0.513307
			],
			[
				-0.54,
				0.526512
			],
			[
				-0.53,
				0.539717
			],
			[
				-0.52,
				0.552922
			],
			[
				-0.51,
				0.566127
			],
			[
				-0.5,
				0.579332
			],
			[
				-0.49,
				0.592537
			],
			[
				-0.48,
				0.605742
			],
			[
				-0.47,
				0.618948
			],
			[
				-0.46,
				0.632153
			],
			[
				-0.45,
				0.645358
			],
			[
				-0.44,
				0.658563
			],
			[
				-0.43,
				0.671768
			],
			[
				-0.42,
				0.684973
			],
			[
				-0.41,
				0.698178
			],
			[
				-0.4,
				0.711383
			],
			[
				-0.39,
				0.724588
			],
			[
				-0.38,
				0.737793
			],
			[
				-0.37,
				0.750998
			],
			[
				-0.36,
				0.764203
			],
			[
				-0.35,
				0.777408
			],
			[
				-0.34,
				0.790613
			],
			[
				-0.33,
				0.803818
			],
			[
				-0.32,
				0.817023
			],
			[
				-0.31,
				0.830228
			],
			[
				-0.3,
				0.843433
			],
			[
				-0.29,
				0.856638
			],
			[
				-0.28,
				0.869843
			],
			[
				-0.27,
				0.883048
			],
			[
				-0.26,
				0.896253
			],
			[
				-0.25,
				0.909458
			],
			[
				-0.24,
				0.922663
			],
			[
				-0.23,
				0.935868
			],
			[
				-0.22,
				0.949073
			],
			[
				-0.21,
				0.962278
			],
			[
				-0.2,
				0.975483
			],
			[
				-0.19,
				0.988688
			],
			[
				-0.18,
				1.00189
			],
			[
				-0.17,
				1.0151
			],
			[
				-0.16,
				1.0283
			],
			[
				-0.15,
				1.04151
			],
			[
				-0.14,
				1.05471
			],
			[
				-0.13,
				1.06792
			],
			[
				-0.12,
				1.08112
			],
			[
				-0.11,
				1.09433
			],
			[
				-0.1,
				1.10753
			],
			[
				-0.09,
				1.12074
			],
			[
				-0.08,
				1.13394
			],
			[
				-0.07,
				1.14715
			],
			[
				-0.06,
				1.16035
			],
			[
				-0.05,
				1.17356
			],
			[
				-0.04,
				1.18676
			],
			[
				-0.03,
				1.19997
			],
			[
				-0.02,
				1.21317
			],
			[
				-0.01,
				1.22638
			],
			[
				0.0,
				1.23958
			]
		]
	}
}
