{
	"ID": 208,
	"name": "VACODYM_764AP_60C",
	"conductivity": 0.0,
	"relPermeability": 1.0,
	"remanence": 0.0,
	"linear": false,
	"BHCurve": {
		"default": [
			[
				-0.939036,
				0.0
			],
			[
				-0.938784,
				0.000346934
			],
			[
				-0.937784,
				0.00172247
			],
			[
				-0.936784,
				0.00309481
			],
			[
				-0.935784,
				0.00446403
			],
			[
				-0.934784,
				0.00583019
			],
			[
				-0.933784,
				0.00719335
			],
			[
				-0.932784,
				0.00855357
			],
			[
				-0.931784,
				0.00991092
			],
			[
				-0.930784,
				0.0112655
			],
			[
				-0.9297839999999999,
				0.0126173
			],
			[
				-0.9287839999999999,
				0.0139664
			],
			[
				-0.9277839999999999,
				0.0153128
			],
			[
				-0.9267839999999999,
				0.0166568
			],
			[
				-0.9257839999999999,
				0.0179982
			],
			[
				-0.9247839999999999,
				0.0193372
			],
			[
				-0.9237839999999999,
				0.0206738
			],
			[
				-0.9227839999999999,
				0.0220082
			],
			[
				-0.9217839999999999,
				0.0233402
			],
			[
				-0.920784,
				0.0246701
			],
			[
				-0.919784,
				0.0259979
			],
			[
				-0.918784,
				0.0273237
			],
			[
				-0.917784,
				0.0286474
			],
			[
				-0.916784,
				0.0299692
			],
			[
				-0.915784,
				0.0312891
			],
			[
				-0.914784,
				0.0326073
			],
			[
				-0.913784,
				0.0339237
			],
			[
				-0.912784,
				0.0352384
			],
			[
				-0.911784,
				0.0365515
			],
			[
				-0.910784,
				0.0378631
			],
			[
				-0.909784,
				0.0391731
			],
			[
				-0.908784,
				0.0404818
			],
			[
				-0.907784,
				0.041789
			],
			[
				-0.906784,
				0.043095
			],
			[
				-0.905784,
				0.0443998
			],
			[
				-0.904784,
				0.0457033
			],
			[
				-0.903784,
				0.0470058
			],
			[
				-0.902784,
				0.0483072
			],
			[
				-0.901784,
				0.0496076
			],
			[
				-0.900784,
				0.0509071
			],
			[
				-0.899784,
				0.0522057
			],
			[
				-0.898784,
				0.0535036
			],
			[
				-0.897784,
				0.0548007
			],
			[
				-0.896784,
				0.0560971
			],
			[
				-0.895784,
				0.057393
			],
			[
				-0.894784,
				0.0586883
			],
			[
				-0.893784,
				0.0599831
			],
			[
				-0.892784,
				0.0612775
			],
			[
				-0.891784,
				0.0625715
			],
			[
				-0.890784,
				0.0638652
			],
			[
				-0.889784,
				0.0651587
			],
			[
				-0.888784,
				0.0664521
			],
			[
				-0.887784,
				0.0677453
			],
			[
				-0.886784,
				0.0690385
			],
			[
				-0.885784,
				0.0703317
			],
			[
				-0.884784,
				0.071625
			],
			[
				-0.883784,
				0.0729185
			],
			[
				-0.882784,
				0.0742122
			],
			[
				-0.881784,
				0.0755061
			],
			[
				-0.880784,
				0.0768004
			],
			[
				-0.879784,
				0.078095
			],
			[
				-0.878784,
				0.0793902
			],
			[
				-0.877784,
				0.0806858
			],
			[
				-0.876784,
				0.0819821
			],
			[
				-0.875784,
				0.083279
			],
			[
				-0.874784,
				0.0845766
			],
			[
				-0.873784,
				0.085875
			],
			[
				-0.872784,
				0.0871742
			],
			[
				-0.871784,
				0.0884743
			],
			[
				-0.870784,
				0.0897754
			],
			[
				-0.869784,
				0.0910776
			],
			[
				-0.868784,
				0.0923808
			],
			[
				-0.867784,
				0.0936852
			],
			[
				-0.866784,
				0.0949907
			],
			[
				-0.865784,
				0.0962976
			],
			[
				-0.864784,
				0.0976058
			],
			[
				-0.863784,
				0.0989154
			],
			[
				-0.862784,
				0.100227
			],
			[
				-0.861784,
				0.101539
			],
			[
				-0.860784,
				0.102853
			],
			[
				-0.859784,
				0.104169
			],
			[
				-0.858784,
				0.105487
			],
			[
				-0.857784,
				0.106806
			],
			[
				-0.856784,
				0.108127
			],
			[
				-0.855784,
				0.109451
			],
			[
				-0.854784,
				0.110775
			],
			[
				-0.853784,
				0.1121
			],
			[
				-0.852784,
				0.113425
			],
			[
				-0.851784,
				0.11475
			],
			[
				-0.850784,
				0.116074
			],
			[
				-0.849784,
				0.117399
			],
			[
				-0.848784,
				0.118724
			],
			[
				-0.847784,
				0.120049
			],
			[
				-0.846784,
				0.121373
			],
			[
				-0.845784,
				0.122698
			],
			[
				-0.844784,
				0.124023
			],
			[
				-0.843784,
				0.125348
			],
			[
				-0.842784,
				0.126673
			],
			[
				-0.841784,
				0.127997
			],
			[
				-0.840784,
				0.129322
			],
			[
				-0.839784,
				0.130647
			],
			[
				-0.83,
				0.143609
			],
			[
				-0.82,
				0.156857
			],
			[
				-0.81,
				0.170105
			],
			[
				-0.8,
				0.183352
			],
			[
				-0.79,
				0.1966
			],
			[
				-0.78,
				0.209848
			],
			[
				-0.77,
				0.223096
			],
			[
				-0.76,
				0.236344
			],
			[
				-0.75,
				0.249591
			],
			[
				-0.74,
				0.262839
			],
			[
				-0.73,
				0.276087
			],
			[
				-0.72,
				0.289335
			],
			[
				-0.71,
				0.302583
			],
			[
				-0.7,
				0.31583
			],
			[
				-0.69,
				0.329078
			],
			[
				-0.68,
				0.342326
			],
			[
				-0.67,
				0.355574
			],
			[
				-0.66,
				0.368822
			],
			[
				-0.65,
				0.382069
			],
			[
				-0.64,
				0.395317
			],
			[
				-0.63,
				0.408565
			],
			[
				-0.62,
				0.421813
			],
			[
				-0.61,
				0.435061
			],
			[
				-0.6,
				0.448308
			],
			[
				-0.59,
				0.461556
			],
			[
				-0.58,
				0.474804
			],
			[
				-0.57,
				0.488052
			],
			[
				-0.56,
				0.5013
			],
			[
				-0.55,
				0.514547
			],
			[
				-0.54,
				0.527795
			],
			[
				-0.53,
				0.541043
			],
			[
				-0.52,
				0.554291
			],
			[
				-0.51,
				0.567539
			],
			[
				-0.5,
				0.580786
			],
			[
				-0.49,
				0.594034
			],
			[
				-0.48,
				0.607282
			],
			[
				-0.47,
				0.62053
			],
			[
				-0.46,
				0.633778
			],
			[
				-0.45,
				0.647025
			],
			[
				-0.44,
				0.660273
			],
			[
				-0.43,
				0.673521
			],
			[
				-0.42,
				0.686769
			],
			[
				-0.41,
				0.700017
			],
			[
				-0.4,
				0.713264
			],
			[
				-0.39,
				0.726512
			],
			[
				-0.38,
				0.73976
			],
			[
				-0.37,
				0.753008
			],
			[
				-0.36,
				0.766256
			],
			[
				-0.35,
				0.779503
			],
			[
				-0.34,
				0.792751
			],
			[
				-0.33,
				0.805999
			],
			[
				-0.32,
				0.819247
			],
			[
				-0.31,
				0.832495
			],
			[
				-0.3,
				0.845742
			],
			[
				-0.29,
				0.85899
			],
			[
				-0.28,
				0.872238
			],
			[
				-0.27,
				0.885486
			],
			[
				-0.26,
				0.898734
			],
			[
				-0.25,
				0.911981
			],
			[
				-0.24,
				0.925229
			],
			[
				-0.23,
				0.938477
			],
			[
				-0.22,
				0.951725
			],
			[
				-0.21,
				0.964973
			],
			[
				-0.2,
				0.97822
			],
			[
				-0.19,
				0.991468
			],
			[
				-0.18,
				1.00472
			],
			[
				-0.17,
				1.01796
			],
			[
				-0.16,
				1.03121
			],
			[
				-0.15,
				1.04446
			],
			[
				-0.14,
				1.05771
			],
			[
				-0.13,
				1.07095
			],
			[
				-0.12,
				1.0842
			],
			[
				-0.11,
				1.09745
			],
			[
				-0.1,
				1.1107
			],
			[
				-0.09,
				1.12395
			],
			[
				-0.08,
				1.13719
			],
			[
				-0.07,
				1.15044
			],
			[
				-0.06,
				1.16369
			],
			[
				-0.05,
				1.17694
			],
			[
				-0.04,
				1.19019
			],
			[
				-0.03,
				1.20343
			],
			[
				-0.02,
				1.21668
			],
			[
				-0.01,
				1.22993
			],
			[
				0.0,
				1.24318
			]
		]
	}
}
