{
	"ID": 360,
	"name": "VACODYM_890TP_60C",
	"conductivity": 0.0,
	"relPermeability": 0.0,
	"remanence": "no information",
	"linear": false,
	"BHCurve": {
		"default": [
			[
				-0.8773869999999999,
				0.0
			],
			[
				-0.87,
				0.00969291
			],
			[
				-0.86,
				0.0228149
			],
			[
				-0.85,
				0.0359369
			],
			[
				-0.84,
				0.0490589
			],
			[
				-0.83,
				0.062181
			],
			[
				-0.82,
				0.075303
			],
			[
				-0.81,
				0.088425
			],
			[
				-0.8,
				0.101547
			],
			[
				-0.79,
				0.114669
			],
			[
				-0.78,
				0.127791
			],
			[
				-0.77,
				0.140913
			],
			[
				-0.76,
				0.154035
			],
			[
				-0.75,
				0.167157
			],
			[
				-0.74,
				0.180279
			],
			[
				-0.73,
				0.193401
			],
			[
				-0.72,
				0.206523
			],
			[
				-0.71,
				0.219645
			],
			[
				-0.7,
				0.232767
			],
			[
				-0.69,
				0.245889
			],
			[
				-0.68,
				0.259011
			],
			[
				-0.67,
				0.272133
			],
			[
				-0.66,
				0.285255
			],
			[
				-0.65,
				0.298377
			],
			[
				-0.64,
				0.311499
			],
			[
				-0.63,
				0.324621
			],
			[
				-0.62,
				0.337743
			],
			[
				-0.61,
				0.350865
			],
			[
				-0.6,
				0.363987
			],
			[
				-0.59,
				0.377109
			],
			[
				-0.58,
				0.390231
			],
			[
				-0.57,
				0.403353
			],
			[
				-0.56,
				0.416475
			],
			[
				-0.55,
				0.429597
			],
			[
				-0.54,
				0.442719
			],
			[
				-0.53,
				0.455841
			],
			[
				-0.52,
				0.468963
			],
			[
				-0.51,
				0.482085
			],
			[
				-0.5,
				0.495207
			],
			[
				-0.49,
				0.508329
			],
			[
				-0.48,
				0.521451
			],
			[
				-0.47,
				0.534573
			],
			[
				-0.46,
				0.547695
			],
			[
				-0.45,
				0.560817
			],
			[
				-0.44,
				0.573939
			],
			[
				-0.43,
				0.587061
			],
			[
				-0.42,
				0.600183
			],
			[
				-0.41,
				0.613305
			],
			[
				-0.4,
				0.626427
			],
			[
				-0.39,
				0.63955
			],
			[
				-0.38,
				0.652672
			],
			[
				-0.37,
				0.665794
			],
			[
				-0.36,
				0.678916
			],
			[
				-0.35,
				0.692038
			],
			[
				-0.34,
				0.70516
			],
			[
				-0.33,
				0.718282
			],
			[
				-0.32,
				0.731404
			],
			[
				-0.31,
				0.744526
			],
			[
				-0.3,
				0.757648
			],
			[
				-0.29,
				0.77077
			],
			[
				-0.28,
				0.783892
			],
			[
				-0.27,
				0.797014
			],
			[
				-0.26,
				0.810136
			],
			[
				-0.25,
				0.823258
			],
			[
				-0.24,
				0.83638
			],
			[
				-0.23,
				0.849502
			],
			[
				-0.22,
				0.862624
			],
			[
				-0.21,
				0.875746
			],
			[
				-0.2,
				0.888868
			],
			[
				-0.19,
				0.90199
			],
			[
				-0.18,
				0.915112
			],
			[
				-0.17,
				0.928234
			],
			[
				-0.16,
				0.941356
			],
			[
				-0.15,
				0.954478
			],
			[
				-0.14,
				0.9676
			],
			[
				-0.13,
				0.980722
			],
			[
				-0.12,
				0.993844
			],
			[
				-0.11,
				1.00697
			],
			[
				-0.1,
				1.02009
			],
			[
				-0.09,
				1.03321
			],
			[
				-0.08,
				1.04633
			],
			[
				-0.07,
				1.05945
			],
			[
				-0.06,
				1.07258
			],
			[
				-0.05,
				1.0857
			],
			[
				-0.04,
				1.09882
			],
			[
				-0.03,
				1.11194
			],
			[
				-0.02,
				1.12506
			],
			[
				-0.01,
				1.13819
			],
			[
				0.0,
				1.15131
			]
		]
	}
}
