{
	"ID": 344,
	"name": "VACODYM_881TP_80C",
	"conductivity": 0.0,
	"relPermeability": 1.0,
	"remanence": 0.0,
	"linear": false,
	"BHCurve": {
		"default": [
			[
				-0.8746970000000001,
				0.0
			],
			[
				-0.87,
				0.00620226
			],
			[
				-0.86,
				0.0194073
			],
			[
				-0.85,
				0.0326123
			],
			[
				-0.84,
				0.0458174
			],
			[
				-0.83,
				0.0590224
			],
			[
				-0.82,
				0.0722274
			],
			[
				-0.81,
				0.0854325
			],
			[
				-0.8,
				0.0986375
			],
			[
				-0.79,
				0.111843
			],
			[
				-0.78,
				0.125048
			],
			[
				-0.77,
				0.138253
			],
			[
				-0.76,
				0.151458
			],
			[
				-0.75,
				0.164663
			],
			[
				-0.74,
				0.177868
			],
			[
				-0.73,
				0.191073
			],
			[
				-0.72,
				0.204278
			],
			[
				-0.71,
				0.217483
			],
			[
				-0.7,
				0.230688
			],
			[
				-0.69,
				0.243893
			],
			[
				-0.68,
				0.257098
			],
			[
				-0.67,
				0.270303
			],
			[
				-0.66,
				0.283508
			],
			[
				-0.65,
				0.296713
			],
			[
				-0.64,
				0.309918
			],
			[
				-0.63,
				0.323123
			],
			[
				-0.62,
				0.336328
			],
			[
				-0.61,
				0.349533
			],
			[
				-0.6,
				0.362738
			],
			[
				-0.59,
				0.375943
			],
			[
				-0.58,
				0.389148
			],
			[
				-0.57,
				0.402353
			],
			[
				-0.56,
				0.415558
			],
			[
				-0.55,
				0.428763
			],
			[
				-0.54,
				0.441968
			],
			[
				-0.53,
				0.455173
			],
			[
				-0.52,
				0.468378
			],
			[
				-0.51,
				0.481583
			],
			[
				-0.5,
				0.494788
			],
			[
				-0.49,
				0.507993
			],
			[
				-0.48,
				0.521198
			],
			[
				-0.47,
				0.534404
			],
			[
				-0.46,
				0.547609
			],
			[
				-0.45,
				0.560814
			],
			[
				-0.44,
				0.574019
			],
			[
				-0.43,
				0.587224
			],
			[
				-0.42,
				0.600429
			],
			[
				-0.41,
				0.613634
			],
			[
				-0.4,
				0.626839
			],
			[
				-0.39,
				0.640044
			],
			[
				-0.38,
				0.653249
			],
			[
				-0.37,
				0.666454
			],
			[
				-0.36,
				0.679659
			],
			[
				-0.35,
				0.692864
			],
			[
				-0.34,
				0.706069
			],
			[
				-0.33,
				0.719274
			],
			[
				-0.32,
				0.732479
			],
			[
				-0.31,
				0.745684
			],
			[
				-0.3,
				0.758889
			],
			[
				-0.29,
				0.772094
			],
			[
				-0.28,
				0.785299
			],
			[
				-0.27,
				0.798504
			],
			[
				-0.26,
				0.811709
			],
			[
				-0.25,
				0.824914
			],
			[
				-0.24,
				0.838119
			],
			[
				-0.23,
				0.851324
			],
			[
				-0.22,
				0.864529
			],
			[
				-0.21,
				0.877734
			],
			[
				-0.2,
				0.890939
			],
			[
				-0.19,
				0.904144
			],
			[
				-0.18,
				0.917349
			],
			[
				-0.17,
				0.930554
			],
			[
				-0.16,
				0.943759
			],
			[
				-0.15,
				0.956965
			],
			[
				-0.14,
				0.97017
			],
			[
				-0.13,
				0.983375
			],
			[
				-0.12,
				0.99658
			],
			[
				-0.11,
				1.00978
			],
			[
				-0.1,
				1.02299
			],
			[
				-0.09,
				1.03619
			],
			[
				-0.08,
				1.0494
			],
			[
				-0.07,
				1.0626
			],
			[
				-0.06,
				1.07581
			],
			[
				-0.05,
				1.08901
			],
			[
				-0.04,
				1.10222
			],
			[
				-0.03,
				1.11542
			],
			[
				-0.02,
				1.12863
			],
			[
				-0.01,
				1.14183
			],
			[
				0.0,
				1.15504
			]
		]
	}
}
