{
	"ID": 228,
	"name": "VACODYM_776TP_60C",
	"conductivity": 0.0,
	"relPermeability": 0.0,
	"remanence": "no information",
	"linear": false,
	"BHCurve": {
		"default": [
			[
				-0.972293,
				0.0
			],
			[
				-0.97,
				0.00300909
			],
			[
				-0.96,
				0.0161311
			],
			[
				-0.95,
				0.0292531
			],
			[
				-0.94,
				0.0423751
			],
			[
				-0.93,
				0.0554971
			],
			[
				-0.92,
				0.0686192
			],
			[
				-0.91,
				0.0817412
			],
			[
				-0.9,
				0.0948632
			],
			[
				-0.89,
				0.107985
			],
			[
				-0.88,
				0.121107
			],
			[
				-0.87,
				0.134229
			],
			[
				-0.86,
				0.147351
			],
			[
				-0.85,
				0.160473
			],
			[
				-0.84,
				0.173595
			],
			[
				-0.83,
				0.186717
			],
			[
				-0.82,
				0.199839
			],
			[
				-0.81,
				0.212961
			],
			[
				-0.8,
				0.226083
			],
			[
				-0.79,
				0.239205
			],
			[
				-0.78,
				0.252327
			],
			[
				-0.77,
				0.265449
			],
			[
				-0.76,
				0.278571
			],
			[
				-0.75,
				0.291693
			],
			[
				-0.74,
				0.304815
			],
			[
				-0.73,
				0.317937
			],
			[
				-0.72,
				0.331059
			],
			[
				-0.71,
				0.344181
			],
			[
				-0.7,
				0.357303
			],
			[
				-0.69,
				0.370425
			],
			[
				-0.68,
				0.383547
			],
			[
				-0.67,
				0.396669
			],
			[
				-0.66,
				0.409791
			],
			[
				-0.65,
				0.422913
			],
			[
				-0.64,
				0.436036
			],
			[
				-0.63,
				0.449158
			],
			[
				-0.62,
				0.46228
			],
			[
				-0.61,
				0.475402
			],
			[
				-0.6,
				0.488524
			],
			[
				-0.59,
				0.501646
			],
			[
				-0.58,
				0.514768
			],
			[
				-0.57,
				0.52789
			],
			[
				-0.56,
				0.541012
			],
			[
				-0.55,
				0.554134
			],
			[
				-0.54,
				0.567256
			],
			[
				-0.53,
				0.580378
			],
			[
				-0.52,
				0.5935
			],
			[
				-0.51,
				0.606622
			],
			[
				-0.5,
				0.619744
			],
			[
				-0.49,
				0.632866
			],
			[
				-0.48,
				0.645988
			],
			[
				-0.47,
				0.65911
			],
			[
				-0.46,
				0.672232
			],
			[
				-0.45,
				0.685354
			],
			[
				-0.44,
				0.698476
			],
			[
				-0.43,
				0.711598
			],
			[
				-0.42,
				0.72472
			],
			[
				-0.41,
				0.737842
			],
			[
				-0.4,
				0.750964
			],
			[
				-0.39,
				0.764086
			],
			[
				-0.38,
				0.777208
			],
			[
				-0.37,
				0.79033
			],
			[
				-0.36,
				0.803452
			],
			[
				-0.35,
				0.816574
			],
			[
				-0.34,
				0.829696
			],
			[
				-0.33,
				0.842818
			],
			[
				-0.32,
				0.85594
			],
			[
				-0.31,
				0.869062
			],
			[
				-0.3,
				0.882184
			],
			[
				-0.29,
				0.895306
			],
			[
				-0.28,
				0.908428
			],
			[
				-0.27,
				0.92155
			],
			[
				-0.26,
				0.934672
			],
			[
				-0.25,
				0.947794
			],
			[
				-0.24,
				0.960916
			],
			[
				-0.23,
				0.974038
			],
			[
				-0.22,
				0.98716
			],
			[
				-0.21,
				1.00028
			],
			[
				-0.2,
				1.0134
			],
			[
				-0.19,
				1.02653
			],
			[
				-0.18,
				1.03965
			],
			[
				-0.17,
				1.05277
			],
			[
				-0.16,
				1.06589
			],
			[
				-0.15,
				1.07901
			],
			[
				-0.14,
				1.09214
			],
			[
				-0.13,
				1.10526
			],
			[
				-0.12,
				1.11838
			],
			[
				-0.11,
				1.1315
			],
			[
				-0.1,
				1.14462
			],
			[
				-0.09,
				1.15775
			],
			[
				-0.08,
				1.17087
			],
			[
				-0.07,
				1.18399
			],
			[
				-0.06,
				1.19711
			],
			[
				-0.05,
				1.21023
			],
			[
				-0.04,
				1.22336
			],
			[
				-0.03,
				1.23648
			],
			[
				-0.02,
				1.2496
			],
			[
				-0.01,
				1.26272
			],
			[
				0.0,
				1.27584
			]
		]
	}
}
