{
	"ID": 313,
	"name": "VACODYM_863TP_80C",
	"conductivity": 0.0,
	"relPermeability": 0.0,
	"remanence": "no information",
	"linear": false,
	"BHCurve": {
		"default": [
			[
				-0.920904,
				0.0
			],
			[
				-0.92,
				0.00119311
			],
			[
				-0.91,
				0.0143981
			],
			[
				-0.9,
				0.0276032
			],
			[
				-0.89,
				0.0408082
			],
			[
				-0.88,
				0.0540132
			],
			[
				-0.87,
				0.0672183
			],
			[
				-0.86,
				0.0804233
			],
			[
				-0.85,
				0.0936283
			],
			[
				-0.84,
				0.106833
			],
			[
				-0.83,
				0.120038
			],
			[
				-0.82,
				0.133243
			],
			[
				-0.81,
				0.146448
			],
			[
				-0.8,
				0.159653
			],
			[
				-0.79,
				0.172859
			],
			[
				-0.78,
				0.186064
			],
			[
				-0.77,
				0.199269
			],
			[
				-0.76,
				0.212474
			],
			[
				-0.75,
				0.225679
			],
			[
				-0.74,
				0.238884
			],
			[
				-0.73,
				0.252089
			],
			[
				-0.72,
				0.265294
			],
			[
				-0.71,
				0.278499
			],
			[
				-0.7,
				0.291704
			],
			[
				-0.69,
				0.304909
			],
			[
				-0.68,
				0.318114
			],
			[
				-0.67,
				0.331319
			],
			[
				-0.66,
				0.344524
			],
			[
				-0.65,
				0.357729
			],
			[
				-0.64,
				0.370934
			],
			[
				-0.63,
				0.384139
			],
			[
				-0.62,
				0.397344
			],
			[
				-0.61,
				0.410549
			],
			[
				-0.6,
				0.423754
			],
			[
				-0.59,
				0.436959
			],
			[
				-0.58,
				0.450164
			],
			[
				-0.57,
				0.463369
			],
			[
				-0.56,
				0.476574
			],
			[
				-0.55,
				0.489779
			],
			[
				-0.54,
				0.502984
			],
			[
				-0.53,
				0.516189
			],
			[
				-0.52,
				0.529394
			],
			[
				-0.51,
				0.542599
			],
			[
				-0.5,
				0.555804
			],
			[
				-0.49,
				0.569009
			],
			[
				-0.48,
				0.582214
			],
			[
				-0.47,
				0.59542
			],
			[
				-0.46,
				0.608625
			],
			[
				-0.45,
				0.62183
			],
			[
				-0.44,
				0.635035
			],
			[
				-0.43,
				0.64824
			],
			[
				-0.42,
				0.661445
			],
			[
				-0.41,
				0.67465
			],
			[
				-0.4,
				0.687855
			],
			[
				-0.39,
				0.70106
			],
			[
				-0.38,
				0.714265
			],
			[
				-0.37,
				0.72747
			],
			[
				-0.36,
				0.740675
			],
			[
				-0.35,
				0.75388
			],
			[
				-0.34,
				0.767085
			],
			[
				-0.33,
				0.78029
			],
			[
				-0.32,
				0.793495
			],
			[
				-0.31,
				0.8067
			],
			[
				-0.3,
				0.819905
			],
			[
				-0.29,
				0.83311
			],
			[
				-0.28,
				0.846315
			],
			[
				-0.27,
				0.85952
			],
			[
				-0.26,
				0.872725
			],
			[
				-0.25,
				0.88593
			],
			[
				-0.24,
				0.899135
			],
			[
				-0.23,
				0.91234
			],
			[
				-0.22,
				0.925545
			],
			[
				-0.21,
				0.93875
			],
			[
				-0.2,
				0.951955
			],
			[
				-0.19,
				0.96516
			],
			[
				-0.18,
				0.978365
			],
			[
				-0.17,
				0.99157
			],
			[
				-0.16,
				1.00478
			],
			[
				-0.15,
				1.01798
			],
			[
				-0.14,
				1.03119
			],
			[
				-0.13,
				1.04439
			],
			[
				-0.12,
				1.0576
			],
			[
				-0.11,
				1.0708
			],
			[
				-0.1,
				1.08401
			],
			[
				-0.09,
				1.09721
			],
			[
				-0.08,
				1.11042
			],
			[
				-0.07,
				1.12362
			],
			[
				-0.06,
				1.13683
			],
			[
				-0.05,
				1.15003
			],
			[
				-0.04,
				1.16324
			],
			[
				-0.03,
				1.17644
			],
			[
				-0.02,
				1.18965
			],
			[
				-0.01,
				1.20285
			],
			[
				0.0,
				1.21606
			]
		]
	}
}
