{
	"ID": 238,
	"name": "VACODYM_776_TP_060C",
	"conductivity": 0.0,
	"relPermeability": 0.0,
	"remanence": "no information",
	"linear": false,
	"BHCurve": {
		"default": [
			[
				-0.972293,
				0.0
			],
			[
				-0.9721409999999999,
				0.000199179
			],
			[
				-0.9711409999999999,
				0.00151138
			],
			[
				-0.9701409999999999,
				0.00282358
			],
			[
				-0.9691409999999999,
				0.00413578
			],
			[
				-0.9681409999999999,
				0.00544798
			],
			[
				-0.9671409999999999,
				0.00676018
			],
			[
				-0.9661409999999999,
				0.00807239
			],
			[
				-0.9651409999999999,
				0.00938459
			],
			[
				-0.9641409999999999,
				0.0106968
			],
			[
				-0.9631409999999999,
				0.012009
			],
			[
				-0.9621409999999999,
				0.0133212
			],
			[
				-0.9611409999999999,
				0.0146334
			],
			[
				-0.9601409999999999,
				0.0159456
			],
			[
				-0.9591409999999999,
				0.0172578
			],
			[
				-0.9581409999999999,
				0.01857
			],
			[
				-0.9571409999999999,
				0.0198822
			],
			[
				-0.9561409999999999,
				0.0211944
			],
			[
				-0.955141,
				0.0225066
			],
			[
				-0.954141,
				0.0238188
			],
			[
				-0.953141,
				0.025131
			],
			[
				-0.952141,
				0.0264432
			],
			[
				-0.951141,
				0.0277554
			],
			[
				-0.950141,
				0.0290676
			],
			[
				-0.949141,
				0.0303798
			],
			[
				-0.945,
				0.0358141
			],
			[
				-0.94,
				0.0423751
			],
			[
				-0.935,
				0.0489361
			],
			[
				-0.93,
				0.0554971
			],
			[
				-0.925,
				0.0620582
			],
			[
				-0.92,
				0.0686192
			],
			[
				-0.915,
				0.0751802
			],
			[
				-0.91,
				0.0817412
			],
			[
				-0.905,
				0.0883022
			],
			[
				-0.9,
				0.0948632
			],
			[
				-0.895,
				0.101424
			],
			[
				-0.89,
				0.107985
			],
			[
				-0.885,
				0.114546
			],
			[
				-0.88,
				0.121107
			],
			[
				-0.875,
				0.127668
			],
			[
				-0.87,
				0.134229
			],
			[
				-0.865,
				0.14079
			],
			[
				-0.86,
				0.147351
			],
			[
				-0.855,
				0.153912
			],
			[
				-0.85,
				0.160473
			],
			[
				-0.845,
				0.167034
			],
			[
				-0.84,
				0.173595
			],
			[
				-0.835,
				0.180156
			],
			[
				-0.83,
				0.186717
			],
			[
				-0.825,
				0.193278
			],
			[
				-0.82,
				0.199839
			],
			[
				-0.815,
				0.2064
			],
			[
				-0.81,
				0.212961
			],
			[
				-0.805,
				0.219522
			],
			[
				-0.8,
				0.226083
			],
			[
				-0.795,
				0.232644
			],
			[
				-0.79,
				0.239205
			],
			[
				-0.785,
				0.245766
			],
			[
				-0.78,
				0.252327
			],
			[
				-0.775,
				0.258888
			],
			[
				-0.77,
				0.265449
			],
			[
				-0.765,
				0.27201
			],
			[
				-0.76,
				0.278571
			],
			[
				-0.755,
				0.285132
			],
			[
				-0.75,
				0.291693
			],
			[
				-0.745,
				0.298254
			],
			[
				-0.74,
				0.304815
			],
			[
				-0.735,
				0.311376
			],
			[
				-0.73,
				0.317937
			],
			[
				-0.725,
				0.324498
			],
			[
				-0.72,
				0.331059
			],
			[
				-0.715,
				0.33762
			],
			[
				-0.71,
				0.344181
			],
			[
				-0.705,
				0.350742
			],
			[
				-0.7,
				0.357303
			],
			[
				-0.695,
				0.363864
			],
			[
				-0.69,
				0.370425
			],
			[
				-0.685,
				0.376986
			],
			[
				-0.68,
				0.383547
			],
			[
				-0.675,
				0.390108
			],
			[
				-0.67,
				0.396669
			],
			[
				-0.665,
				0.40323
			],
			[
				-0.66,
				0.409791
			],
			[
				-0.655,
				0.416352
			],
			[
				-0.65,
				0.422913
			],
			[
				-0.645,
				0.429475
			],
			[
				-0.64,
				0.436036
			],
			[
				-0.635,
				0.442597
			],
			[
				-0.63,
				0.449158
			],
			[
				-0.625,
				0.455719
			],
			[
				-0.62,
				0.46228
			],
			[
				-0.615,
				0.468841
			],
			[
				-0.61,
				0.475402
			],
			[
				-0.605,
				0.481963
			],
			[
				-0.6,
				0.488524
			],
			[
				-0.595,
				0.495085
			],
			[
				-0.59,
				0.501646
			],
			[
				-0.585,
				0.508207
			],
			[
				-0.58,
				0.514768
			],
			[
				-0.575,
				0.521329
			],
			[
				-0.57,
				0.52789
			],
			[
				-0.565,
				0.534451
			],
			[
				-0.56,
				0.541012
			],
			[
				-0.555,
				0.547573
			],
			[
				-0.55,
				0.554134
			],
			[
				-0.545,
				0.560695
			],
			[
				-0.54,
				0.567256
			],
			[
				-0.535,
				0.573817
			],
			[
				-0.53,
				0.580378
			],
			[
				-0.525,
				0.586939
			],
			[
				-0.52,
				0.5935
			],
			[
				-0.515,
				0.600061
			],
			[
				-0.51,
				0.606622
			],
			[
				-0.505,
				0.613183
			],
			[
				-0.5,
				0.619744
			],
			[
				-0.495,
				0.626305
			],
			[
				-0.49,
				0.632866
			],
			[
				-0.485,
				0.639427
			],
			[
				-0.48,
				0.645988
			],
			[
				-0.475,
				0.652549
			],
			[
				-0.47,
				0.65911
			],
			[
				-0.465,
				0.665671
			],
			[
				-0.46,
				0.672232
			],
			[
				-0.455,
				0.678793
			],
			[
				-0.45,
				0.685354
			],
			[
				-0.445,
				0.691915
			],
			[
				-0.44,
				0.698476
			],
			[
				-0.435,
				0.705037
			],
			[
				-0.43,
				0.711598
			],
			[
				-0.425,
				0.718159
			],
			[
				-0.42,
				0.72472
			],
			[
				-0.415,
				0.731281
			],
			[
				-0.41,
				0.737842
			],
			[
				-0.405,
				0.744403
			],
			[
				-0.4,
				0.750964
			],
			[
				-0.395,
				0.757525
			],
			[
				-0.39,
				0.764086
			],
			[
				-0.385,
				0.770647
			],
			[
				-0.38,
				0.777208
			],
			[
				-0.375,
				0.783769
			],
			[
				-0.37,
				0.79033
			],
			[
				-0.365,
				0.796891
			],
			[
				-0.36,
				0.803452
			],
			[
				-0.355,
				0.810013
			],
			[
				-0.35,
				0.816574
			],
			[
				-0.345,
				0.823135
			],
			[
				-0.34,
				0.829696
			],
			[
				-0.335,
				0.836257
			],
			[
				-0.33,
				0.842818
			],
			[
				-0.325,
				0.849379
			],
			[
				-0.32,
				0.85594
			],
			[
				-0.315,
				0.862501
			],
			[
				-0.31,
				0.869062
			],
			[
				-0.305,
				0.875623
			],
			[
				-0.3,
				0.882184
			],
			[
				-0.295,
				0.888745
			],
			[
				-0.29,
				0.895306
			],
			[
				-0.285,
				0.901867
			],
			[
				-0.28,
				0.908428
			],
			[
				-0.275,
				0.914989
			],
			[
				-0.27,
				0.92155
			],
			[
				-0.265,
				0.928111
			],
			[
				-0.26,
				0.934672
			],
			[
				-0.255,
				0.941233
			],
			[
				-0.25,
				0.947794
			],
			[
				-0.245,
				0.954355
			],
			[
				-0.24,
				0.960916
			],
			[
				-0.235,
				0.967477
			],
			[
				-0.23,
				0.974038
			],
			[
				-0.225,
				0.980599
			],
			[
				-0.22,
				0.98716
			],
			[
				-0.215,
				0.993721
			],
			[
				-0.21,
				1.00028
			],
			[
				-0.205,
				1.00684
			],
			[
				-0.2,
				1.0134
			],
			[
				-0.195,
				1.01997
			],
			[
				-0.19,
				1.02653
			],
			[
				-0.185,
				1.03309
			],
			[
				-0.18,
				1.03965
			],
			[
				-0.175,
				1.04621
			],
			[
				-0.17,
				1.05277
			],
			[
				-0.165,
				1.05933
			],
			[
				-0.16,
				1.06589
			],
			[
				-0.155,
				1.07245
			],
			[
				-0.15,
				1.07901
			],
			[
				-0.145,
				1.08558
			],
			[
				-0.14,
				1.09214
			],
			[
				-0.135,
				1.0987
			],
			[
				-0.13,
				1.10526
			],
			[
				-0.125,
				1.11182
			],
			[
				-0.12,
				1.11838
			],
			[
				-0.115,
				1.12494
			],
			[
				-0.11,
				1.1315
			],
			[
				-0.105,
				1.13806
			],
			[
				-0.1,
				1.14462
			],
			[
				-0.095,
				1.15119
			],
			[
				-0.09,
				1.15775
			],
			[
				-0.085,
				1.16431
			],
			[
				-0.08,
				1.17087
			],
			[
				-0.075,
				1.17743
			],
			[
				-0.07,
				1.18399
			],
			[
				-0.065,
				1.19055
			],
			[
				-0.06,
				1.19711
			],
			[
				-0.055,
				1.20367
			],
			[
				-0.05,
				1.21023
			],
			[
				-0.045,
				1.2168
			],
			[
				-0.04,
				1.22336
			],
			[
				-0.035,
				1.22992
			],
			[
				-0.03,
				1.23648
			],
			[
				-0.025,
				1.24304
			],
			[
				-0.02,
				1.2496
			],
			[
				-0.015,
				1.25616
			],
			[
				-0.01,
				1.26272
			],
			[
				-0.005,
				1.26928
			],
			[
