{
	"ID": 272,
	"name": "VACODYM_854AP_150C",
	"conductivity": 0.0,
	"relPermeability": 0.0,
	"remanence": "no information",
	"linear": false,
	"BHCurve": {
		"default": [
			[
				-0.5751609999999999,
				0.0
			],
			[
				-0.574774,
				0.015791
			],
			[
				-0.573774,
				0.0565694
			],
			[
				-0.572774,
				0.0973479
			],
			[
				-0.571774,
				0.138633
			],
			[
				-0.570774,
				0.186761
			],
			[
				-0.569774,
				0.223181
			],
			[
				-0.568774,
				0.23674
			],
			[
				-0.567774,
				0.24531
			],
			[
				-0.566774,
				0.251817
			],
			[
				-0.565774,
				0.257246
			],
			[
				-0.564774,
				0.261704
			],
			[
				-0.563774,
				0.265844
			],
			[
				-0.562774,
				0.269759
			],
			[
				-0.561774,
				0.273431
			],
			[
				-0.560774,
				0.276917
			],
			[
				-0.559774,
				0.280277
			],
			[
				-0.558774,
				0.283568
			],
			[
				-0.557774,
				0.286832
			],
			[
				-0.556774,
				0.290041
			],
			[
				-0.555774,
				0.293159
			],
			[
				-0.554774,
				0.296152
			],
			[
				-0.553774,
				0.298985
			],
			[
				-0.552774,
				0.301628
			],
			[
				-0.551774,
				0.304152
			],
			[
				-0.550774,
				0.306588
			],
			[
				-0.549774,
				0.308945
			],
			[
				-0.548774,
				0.311228
			],
			[
				-0.547774,
				0.313445
			],
			[
				-0.546774,
				0.315603
			],
			[
				-0.545774,
				0.317708
			],
			[
				-0.544774,
				0.319768
			],
			[
				-0.543774,
				0.321789
			],
			[
				-0.542774,
				0.323778
			],
			[
				-0.541774,
				0.325742
			],
			[
				-0.540774,
				0.327667
			],
			[
				-0.539774,
				0.329551
			],
			[
				-0.538774,
				0.331398
			],
			[
				-0.537774,
				0.333209
			],
			[
				-0.536774,
				0.334989
			],
			[
				-0.535774,
				0.33674
			],
			[
				-0.534774,
				0.338466
			],
			[
				-0.533774,
				0.340169
			],
			[
				-0.532774,
				0.341852
			],
			[
				-0.531774,
				0.343519
			],
			[
				-0.530774,
				0.345172
			],
			[
				-0.529774,
				0.346816
			],
			[
				-0.528774,
				0.348451
			],
			[
				-0.527774,
				0.350081
			],
			[
				-0.526774,
				0.351693
			],
			[
				-0.525774,
				0.353288
			],
			[
				-0.524774,
				0.354866
			],
			[
				-0.523774,
				0.356428
			],
			[
				-0.522774,
				0.357976
			],
			[
				-0.521774,
				0.35951
			],
			[
				-0.520774,
				0.361031
			],
			[
				-0.519774,
				0.362539
			],
			[
				-0.518774,
				0.364037
			],
			[
				-0.517774,
				0.365524
			],
			[
				-0.516774,
				0.367002
			],
			[
				-0.515774,
				0.368472
			],
			[
				-0.514774,
				0.369935
			],
			[
				-0.513774,
				0.37139
			],
			[
				-0.512774,
				0.372838
			],
			[
				-0.511774,
				0.37428
			],
			[
				-0.510774,
				0.375714
			],
			[
				-0.509774,
				0.377142
			],
			[
				-0.508774,
				0.378563
			],
			[
				-0.507774,
				0.379978
			],
			[
				-0.506774,
				0.381388
			],
			[
				-0.505774,
				0.382791
			],
			[
				-0.5047740000000001,
				0.384189
			],
			[
				-0.503774,
				0.385582
			],
			[
				-0.502774,
				0.38697
			],
			[
				-0.501774,
				0.388353
			],
			[
				-0.500774,
				0.389731
			],
			[
				-0.499774,
				0.391104
			],
			[
				-0.498774,
				0.392474
			],
			[
				-0.497774,
				0.393839
			],
			[
				-0.496774,
				0.395201
			],
			[
				-0.495774,
				0.396559
			],
			[
				-0.494774,
				0.397914
			],
			[
				-0.493774,
				0.399266
			],
			[
				-0.492774,
				0.400614
			],
			[
				-0.491774,
				0.40196
			],
			[
				-0.490774,
				0.403304
			],
			[
				-0.489774,
				0.404645
			],
			[
				-0.488774,
				0.405984
			],
			[
				-0.487774,
				0.407322
			],
			[
				-0.486774,
				0.408657
			],
			[
				-0.485774,
				0.409992
			],
			[
				-0.484774,
				0.411325
			],
			[
				-0.483774,
				0.412657
			],
			[
				-0.482774,
				0.413988
			],
			[
				-0.481774,
				0.415319
			],
			[
				-0.480774,
				0.41665
			],
			[
				-0.479774,
				0.41798
			],
			[
				-0.478774,
				0.41931
			],
			[
				-0.477774,
				0.420641
			],
			[
				-0.476774,
				0.421973
			],
			[
				-0.475774,
				0.423305
			],
			[
				-0.474774,
				0.424638
			],
			[
				-0.47,
				0.431022
			],
			[
				-0.46,
				0.444566
			],
			[
				-0.45,
				0.458188
			],
			[
				-0.44,
				0.471809
			],
			[
				-0.43,
				0.485431
			],
			[
				-0.42,
				0.499052
			],
			[
				-0.41,
				0.512673
			],
			[
				-0.4,
				0.526295
			],
			[
				-0.39,
				0.539916
			],
			[
				-0.38,
				0.553537
			],
			[
				-0.37,
				0.567159
			],
			[
				-0.36,
				0.58078
			],
			[
				-0.35,
				0.594402
			],
			[
				-0.34,
				0.608023
			],
			[
				-0.33,
				0.621644
			],
			[
				-0.32,
				0.635266
			],
			[
				-0.31,
				0.648887
			],
			[
				-0.3,
				0.662508
			],
			[
				-0.29,
				0.67613
			],
			[
				-0.28,
				0.689751
			],
			[
				-0.27,
				0.703373
			],
			[
				-0.26,
				0.716994
			],
			[
				-0.25,
				0.730615
			],
			[
				-0.24,
				0.744237
			],
			[
				-0.23,
				0.757858
			],
			[
				-0.22,
				0.77148
			],
			[
				-0.21,
				0.785101
			],
			[
				-0.2,
				0.798722
			],
			[
				-0.19,
				0.812344
			],
			[
				-0.18,
				0.825965
			],
			[
				-0.17,
				0.839586
			],
			[
				-0.16,
				0.853208
			],
			[
				-0.15,
				0.866829
			],
			[
				-0.14,
				0.880451
			],
			[
				-0.13,
				0.894072
			],
			[
				-0.12,
				0.907693
			],
			[
				-0.11,
				0.921315
			],
			[
				-0.1,
				0.934936
			],
			[
				-0.09,
				0.948558
			],
			[
				-0.08,
				0.962179
			],
			[
				-0.07,
				0.9758
			],
			[
				-0.06,
				0.989422
			],
			[
				-0.05,
				1.00304
			],
			[
				-0.04,
				1.01666
			],
			[
				-0.03,
				1.03029
			],
			[
				-0.02,
				1.04391
			],
			[
				-0.01,
				1.05753
			],
			[
				0.0,
				1.07115
			]
		]
	}
}
