{
	"ID": 247,
	"name": "VACODYM_787AP_180C",
	"conductivity": 0.0,
	"relPermeability": 1.0,
	"remanence": 0.0,
	"linear": false,
	"BHCurve": {
		"default": [
			[
				-0.445173,
				0.0
			],
			[
				-0.444204,
				0.0372265
			],
			[
				-0.443204,
				0.0756146
			],
			[
				-0.442204,
				0.114003
			],
			[
				-0.441204,
				0.152391
			],
			[
				-0.440204,
				0.190779
			],
			[
				-0.439204,
				0.229167
			],
			[
				-0.438204,
				0.269883
			],
			[
				-0.437204,
				0.313519
			],
			[
				-0.436204,
				0.33987
			],
			[
				-0.43520400000000004,
				0.352253
			],
			[
				-0.43420400000000003,
				0.3606
			],
			[
				-0.43320400000000003,
				0.366797
			],
			[
				-0.43220400000000003,
				0.371781
			],
			[
				-0.43120400000000003,
				0.376412
			],
			[
				-0.43020400000000003,
				0.380648
			],
			[
				-0.42920400000000003,
				0.384607
			],
			[
				-0.42820400000000003,
				0.388406
			],
			[
				-0.42720400000000003,
				0.392147
			],
			[
				-0.426204,
				0.395798
			],
			[
				-0.425204,
				0.399285
			],
			[
				-0.424204,
				0.402529
			],
			[
				-0.423204,
				0.405478
			],
			[
				-0.422204,
				0.408254
			],
			[
				-0.421204,
				0.4109
			],
			[
				-0.420204,
				0.413429
			],
			[
				-0.419204,
				0.415855
			],
			[
				-0.418204,
				0.418191
			],
			[
				-0.417204,
				0.42045
			],
			[
				-0.416204,
				0.422646
			],
			[
				-0.415204,
				0.424791
			],
			[
				-0.414204,
				0.426883
			],
			[
				-0.413204,
				0.428911
			],
			[
				-0.412204,
				0.430881
			],
			[
				-0.411204,
				0.432799
			],
			[
				-0.410204,
				0.43467
			],
			[
				-0.409204,
				0.436501
			],
			[
				-0.408204,
				0.438298
			],
			[
				-0.407204,
				0.440067
			],
			[
				-0.406204,
				0.441813
			],
			[
				-0.405204,
				0.443544
			],
			[
				-0.404204,
				0.445263
			],
			[
				-0.403204,
				0.446959
			],
			[
				-0.402204,
				0.448629
			],
			[
				-0.401204,
				0.450273
			],
			[
				-0.400204,
				0.451894
			],
			[
				-0.399204,
				0.453492
			],
			[
				-0.398204,
				0.45507
			],
			[
				-0.397204,
				0.456628
			],
			[
				-0.396204,
				0.458169
			],
			[
				-0.395204,
				0.459693
			],
			[
				-0.394204,
				0.461202
			],
			[
				-0.393204,
				0.462697
			],
			[
				-0.392204,
				0.46418
			],
			[
				-0.391204,
				0.465652
			],
			[
				-0.390204,
				0.467112
			],
			[
				-0.389204,
				0.468562
			],
			[
				-0.388204,
				0.470001
			],
			[
				-0.387204,
				0.471431
			],
			[
				-0.386204,
				0.472851
			],
			[
				-0.385204,
				0.474263
			],
			[
				-0.384204,
				0.475666
			],
			[
				-0.383204,
				0.477061
			],
			[
				-0.382204,
				0.478449
			],
			[
				-0.381204,
				0.479829
			],
			[
				-0.380204,
				0.481204
			],
			[
				-0.379204,
				0.482572
			],
			[
				-0.378204,
				0.483935
			],
			[
				-0.377204,
				0.485293
			],
			[
				-0.376204,
				0.486646
			],
			[
				-0.375204,
				0.487995
			],
			[
				-0.374204,
				0.48934
			],
			[
				-0.373204,
				0.490683
			],
			[
				-0.37220400000000003,
				0.492022
			],
			[
				-0.37120400000000003,
				0.49336
			],
			[
				-0.37020400000000003,
				0.494696
			],
			[
				-0.36920400000000003,
				0.496031
			],
			[
				-0.36820400000000003,
				0.497364
			],
			[
				-0.36,
				0.50834
			],
			[
				-0.35,
				0.522004
			],
			[
				-0.34,
				0.53575
			],
			[
				-0.33,
				0.549496
			],
			[
				-0.32,
				0.563242
			],
			[
				-0.31,
				0.576988
			],
			[
				-0.3,
				0.590734
			],
			[
				-0.29,
				0.604479
			],
			[
				-0.28,
				0.618225
			],
			[
				-0.27,
				0.631971
			],
			[
				-0.26,
				0.645717
			],
			[
				-0.25,
				0.659463
			],
			[
				-0.24,
				0.673209
			],
			[
				-0.23,
				0.686955
			],
			[
				-0.22,
				0.700701
			],
			[
				-0.21,
				0.714447
			],
			[
				-0.2,
				0.728193
			],
			[
				-0.19,
				0.741939
			],
			[
				-0.18,
				0.755685
			],
			[
				-0.17,
				0.76943
			],
			[
				-0.16,
				0.783176
			],
			[
				-0.15,
				0.796922
			],
			[
				-0.14,
				0.810668
			],
			[
				-0.13,
				0.824414
			],
			[
				-0.12,
				0.83816
			],
			[
				-0.11,
				0.851906
			],
			[
				-0.1,
				0.865652
			],
			[
				-0.09,
				0.879398
			],
			[
				-0.08,
				0.893144
			],
			[
				-0.07,
				0.90689
			],
			[
				-0.06,
				0.920635
			],
			[
				-0.05,
				0.934381
			],
			[
				-0.04,
				0.948127
			],
			[
				-0.03,
				0.961873
			],
			[
				-0.02,
				0.975619
			],
			[
				-0.01,
				0.989365
			],
			[
				0.0,
				1.00311
			]
		]
	}
}
