{
	"ID": 342,
	"name": "VACODYM_881TP_210C",
	"conductivity": 0.0,
	"relPermeability": 0.0,
	"remanence": "no information",
	"linear": false,
	"BHCurve": {
		"default": [
			[
				-0.501177,
				0.0
			],
			[
				-0.500461,
				0.0257706
			],
			[
				-0.499461,
				0.0617635
			],
			[
				-0.498461,
				0.0977563
			],
			[
				-0.497461,
				0.134884
			],
			[
				-0.496461,
				0.176637
			],
			[
				-0.49546100000000004,
				0.205426
			],
			[
				-0.49446100000000004,
				0.218075
			],
			[
				-0.49346100000000004,
				0.226568
			],
			[
				-0.49246100000000004,
				0.233126
			],
			[
				-0.49146100000000004,
				0.238232
			],
			[
				-0.49046100000000004,
				0.242724
			],
			[
				-0.48946100000000003,
				0.246949
			],
			[
				-0.48846100000000003,
				0.250868
			],
			[
				-0.48746100000000003,
				0.254564
			],
			[
				-0.48646100000000003,
				0.25812
			],
			[
				-0.48546100000000003,
				0.261617
			],
			[
				-0.48446100000000003,
				0.265066
			],
			[
				-0.48346100000000003,
				0.268416
			],
			[
				-0.48246100000000003,
				0.271615
			],
			[
				-0.48146100000000003,
				0.274614
			],
			[
				-0.480461,
				0.277379
			],
			[
				-0.479461,
				0.280008
			],
			[
				-0.478461,
				0.282533
			],
			[
				-0.477461,
				0.284963
			],
			[
				-0.476461,
				0.287306
			],
			[
				-0.475461,
				0.289573
			],
			[
				-0.474461,
				0.291773
			],
			[
				-0.473461,
				0.293915
			],
			[
				-0.472461,
				0.29601
			],
			[
				-0.471461,
				0.298066
			],
			[
				-0.470461,
				0.300084
			],
			[
				-0.469461,
				0.302051
			],
			[
				-0.468461,
				0.303969
			],
			[
				-0.467461,
				0.305843
			],
			[
				-0.466461,
				0.307677
			],
			[
				-0.465461,
				0.309477
			],
			[
				-0.464461,
				0.311245
			],
			[
				-0.463461,
				0.312986
			],
			[
				-0.462461,
				0.314704
			],
			[
				-0.461461,
				0.316404
			],
			[
				-0.460461,
				0.318091
			],
			[
				-0.459461,
				0.319767
			],
			[
				-0.458461,
				0.321433
			],
			[
				-0.457461,
				0.323078
			],
			[
				-0.456461,
				0.324701
			],
			[
				-0.455461,
				0.326304
			],
			[
				-0.454461,
				0.327888
			],
			[
				-0.453461,
				0.329454
			],
			[
				-0.452461,
				0.331004
			],
			[
				-0.451461,
				0.332538
			],
			[
				-0.450461,
				0.334059
			],
			[
				-0.449461,
				0.335568
			],
			[
				-0.448461,
				0.337065
			],
			[
				-0.447461,
				0.338552
			],
			[
				-0.446461,
				0.34003
			],
			[
				-0.445461,
				0.341499
			],
			[
				-0.444461,
				0.34296
			],
			[
				-0.443461,
				0.344412
			],
			[
				-0.442461,
				0.345855
			],
			[
				-0.441461,
				0.347291
			],
			[
				-0.440461,
				0.348719
			],
			[
				-0.439461,
				0.35014
			],
			[
				-0.438461,
				0.351554
			],
			[
				-0.437461,
				0.352961
			],
			[
				-0.436461,
				0.354361
			],
			[
				-0.435461,
				0.355756
			],
			[
				-0.434461,
				0.357145
			],
			[
				-0.433461,
				0.358529
			],
			[
				-0.43246100000000004,
				0.359907
			],
			[
				-0.43146100000000004,
				0.361281
			],
			[
				-0.43046100000000004,
				0.36265
			],
			[
				-0.42946100000000004,
				0.364016
			],
			[
				-0.42846100000000004,
				0.365377
			],
			[
				-0.42746100000000004,
				0.366735
			],
			[
				-0.42646100000000003,
				0.368089
			],
			[
				-0.42546100000000003,
				0.369441
			],
			[
				-0.42446100000000003,
				0.37079
			],
			[
				-0.42346100000000003,
				0.372137
			],
			[
				-0.42246100000000003,
				0.373481
			],
			[
				-0.42146100000000003,
				0.374825
			],
			[
				-0.42046100000000003,
				0.376167
			],
			[
				-0.41946100000000003,
				0.377507
			],
			[
				-0.418461,
				0.378847
			],
			[
				-0.417461,
				0.380187
			],
			[
				-0.416461,
				0.381527
			],
			[
				-0.415461,
				0.382867
			],
			[
				-0.41,
				0.390201
			],
			[
				-0.4,
				0.403832
			],
			[
				-0.39,
				0.417576
			],
			[
				-0.38,
				0.431321
			],
			[
				-0.37,
				0.445066
			],
			[
				-0.36,
				0.45881
			],
			[
				-0.35,
				0.472555
			],
			[
				-0.34,
				0.4863
			],
			[
				-0.33,
				0.500044
			],
			[
				-0.32,
				0.513789
			],
			[
				-0.31,
				0.527534
			],
			[
				-0.3,
				0.541278
			],
			[
				-0.29,
				0.555023
			],
			[
				-0.28,
				0.568768
			],
			[
				-0.27,
				0.582512
			],
			[
				-0.26,
				0.596257
			],
			[
				-0.25,
				0.610002
			],
			[
				-0.24,
				0.623746
			],
			[
				-0.23,
				0.637491
			],
			[
				-0.22,
				0.651236
			],
			[
				-0.21,
				0.66498
			],
			[
				-0.2,
				0.678725
			],
			[
				-0.19,
				0.69247
			],
			[
				-0.18,
				0.706214
			],
			[
				-0.17,
				0.719959
			],
			[
				-0.16,
				0.733704
			],
			[
				-0.15,
				0.747448
			],
			[
				-0.14,
				0.761193
			],
			[
				-0.13,
				0.774937
			],
			[
				-0.12,
				0.788682
			],
			[
				-0.11,
				0.802427
			],
			[
				-0.1,
				0.816171
			],
			[
				-0.09,
				0.829916
			],
			[
				-0.08,
				0.843661
			],
			[
				-0.07,
				0.857405
			],
			[
				-0.06,
				0.87115
			],
			[
				-0.05,
				0.884895
			],
			[
				-0.04,
				0.898639
			],
			[
				-0.03,
				0.912384
			],
			[
				-0.02,
				0.926129
			],
			[
				-0.01,
				0.939873
			],
			[
				0.0,
				0.953618
			]
		]
	}
}
