{
	"ID": 103,
	"name": "VACODYM_3230_150C",
	"conductivity": 0.0,
	"relPermeability": 1.0,
	"remanence": 0.0,
	"linear": false,
	"BHCurve": {
		"default": [
			[
				-0.7243310000000001,
				0.0
			],
			[
				-0.72,
				0.00589877
			],
			[
				-0.71,
				0.0195202
			],
			[
				-0.7,
				0.0331415
			],
			[
				-0.69,
				0.0467629
			],
			[
				-0.68,
				0.0603843
			],
			[
				-0.67,
				0.0740057
			],
			[
				-0.66,
				0.0876271
			],
			[
				-0.65,
				0.101248
			],
			[
				-0.64,
				0.11487
			],
			[
				-0.63,
				0.128491
			],
			[
				-0.62,
				0.142113
			],
			[
				-0.61,
				0.155734
			],
			[
				-0.6,
				0.169355
			],
			[
				-0.59,
				0.182977
			],
			[
				-0.58,
				0.196598
			],
			[
				-0.57,
				0.21022
			],
			[
				-0.56,
				0.223841
			],
			[
				-0.55,
				0.237462
			],
			[
				-0.54,
				0.251084
			],
			[
				-0.53,
				0.264705
			],
			[
				-0.52,
				0.278326
			],
			[
				-0.51,
				0.291948
			],
			[
				-0.5,
				0.305569
			],
			[
				-0.49,
				0.319191
			],
			[
				-0.48,
				0.332812
			],
			[
				-0.47,
				0.346433
			],
			[
				-0.46,
				0.360055
			],
			[
				-0.45,
				0.373676
			],
			[
				-0.44,
				0.387298
			],
			[
				-0.43,
				0.400919
			],
			[
				-0.42,
				0.41454
			],
			[
				-0.41,
				0.428162
			],
			[
				-0.4,
				0.441783
			],
			[
				-0.39,
				0.455404
			],
			[
				-0.38,
				0.469026
			],
			[
				-0.37,
				0.482647
			],
			[
				-0.36,
				0.496269
			],
			[
				-0.35,
				0.50989
			],
			[
				-0.34,
				0.523511
			],
			[
				-0.33,
				0.537133
			],
			[
				-0.32,
				0.550754
			],
			[
				-0.31,
				0.564375
			],
			[
				-0.3,
				0.577997
			],
			[
				-0.29,
				0.591618
			],
			[
				-0.28,
				0.60524
			],
			[
				-0.27,
				0.618861
			],
			[
				-0.26,
				0.632482
			],
			[
				-0.25,
				0.646104
			],
			[
				-0.24,
				0.659725
			],
			[
				-0.23,
				0.673347
			],
			[
				-0.22,
				0.686968
			],
			[
				-0.21,
				0.700589
			],
			[
				-0.2,
				0.714211
			],
			[
				-0.19,
				0.727832
			],
			[
				-0.18,
				0.741453
			],
			[
				-0.17,
				0.755075
			],
			[
				-0.16,
				0.768696
			],
			[
				-0.15,
				0.782318
			],
			[
				-0.14,
				0.795939
			],
			[
				-0.13,
				0.80956
			],
			[
				-0.12,
				0.823182
			],
			[
				-0.11,
				0.836803
			],
			[
				-0.1,
				0.850425
			],
			[
				-0.09,
				0.864046
			],
			[
				-0.08,
				0.877667
			],
			[
				-0.07,
				0.891289
			],
			[
				-0.06,
				0.90491
			],
			[
				-0.05,
				0.918531
			],
			[
				-0.04,
				0.932153
			],
			[
				-0.03,
				0.945774
			],
			[
				-0.02,
				0.959396
			],
			[
				-0.01,
				0.973017
			],
			[
				0.0,
				0.986638
			]
		]
	}
}
