{
	"ID": 216,
	"name": "VACODYM_776AP_100C",
	"conductivity": 0.0,
	"relPermeability": 0.0,
	"remanence": "no information",
	"linear": false,
	"BHCurve": {
		"default": [
			[
				-0.872606,
				0.0
			],
			[
				-0.8723099999999999,
				0.000400803
			],
			[
				-0.8713099999999999,
				0.00175228
			],
			[
				-0.8703099999999999,
				0.00310161
			],
			[
				-0.8693099999999999,
				0.00444884
			],
			[
				-0.8683099999999999,
				0.00579404
			],
			[
				-0.8673099999999999,
				0.00713727
			],
			[
				-0.8663099999999999,
				0.0084786
			],
			[
				-0.8653099999999999,
				0.00981808
			],
			[
				-0.8643099999999999,
				0.0111558
			],
			[
				-0.8633099999999999,
				0.0124918
			],
			[
				-0.8623099999999999,
				0.0138261
			],
			[
				-0.8613099999999999,
				0.0151589
			],
			[
				-0.8603099999999999,
				0.0164901
			],
			[
				-0.8593099999999999,
				0.0178198
			],
			[
				-0.8583099999999999,
				0.0191482
			],
			[
				-0.8573099999999999,
				0.0204752
			],
			[
				-0.8563099999999999,
				0.0218009
			],
			[
				-0.8553099999999999,
				0.0231254
			],
			[
				-0.8543099999999999,
				0.0244488
			],
			[
				-0.8533099999999999,
				0.025771
			],
			[
				-0.8523099999999999,
				0.0270923
			],
			[
				-0.8513099999999999,
				0.0284126
			],
			[
				-0.8503099999999999,
				0.0297319
			],
			[
				-0.8493099999999999,
				0.0310505
			],
			[
				-0.8483099999999999,
				0.0323683
			],
			[
				-0.8473099999999999,
				0.0336853
			],
			[
				-0.8463099999999999,
				0.0350017
			],
			[
				-0.8453099999999999,
				0.0363175
			],
			[
				-0.8443099999999999,
				0.0376328
			],
			[
				-0.8433099999999999,
				0.0389476
			],
			[
				-0.8423099999999999,
				0.0402621
			],
			[
				-0.8413099999999999,
				0.0415762
			],
			[
				-0.8403099999999999,
				0.04289
			],
			[
				-0.83931,
				0.0442036
			],
			[
				-0.83831,
				0.0455171
			],
			[
				-0.83731,
				0.0468304
			],
			[
				-0.83631,
				0.0481438
			],
			[
				-0.83531,
				0.0494572
			],
			[
				-0.83431,
				0.0507707
			],
			[
				-0.83331,
				0.0520843
			],
			[
				-0.83231,
				0.0533982
			],
			[
				-0.83131,
				0.0547124
			],
			[
				-0.83031,
				0.056027
			],
			[
				-0.82931,
				0.0573419
			],
			[
				-0.82831,
				0.0586573
			],
			[
				-0.82731,
				0.0599733
			],
			[
				-0.82631,
				0.0612899
			],
			[
				-0.82531,
				0.0626071
			],
			[
				-0.82431,
				0.0639251
			],
			[
				-0.82331,
				0.0652439
			],
			[
				-0.82231,
				0.0665635
			],
			[
				-0.82131,
				0.0678841
			],
			[
				-0.82031,
				0.0692056
			],
			[
				-0.81931,
				0.0705282
			],
			[
				-0.81831,
				0.0718518
			],
			[
				-0.81731,
				0.0731767
			],
			[
				-0.81631,
				0.0745028
			],
			[
				-0.81531,
				0.0758302
			],
			[
				-0.81431,
				0.0771589
			],
			[
				-0.81331,
				0.078489
			],
			[
				-0.81231,
				0.0798207
			],
			[
				-0.81131,
				0.0811539
			],
			[
				-0.81031,
				0.0824887
			],
			[
				-0.80931,
				0.0838251
			],
			[
				-0.80831,
				0.0851633
			],
			[
				-0.80731,
				0.0865033
			],
			[
				-0.80631,
				0.0878446
			],
			[
				-0.80531,
				0.089186
			],
			[
				-0.80431,
				0.0905274
			],
			[
				-0.80331,
				0.0918688
			],
			[
				-0.80231,
				0.0932102
			],
			[
				-0.80131,
				0.0945516
			],
			[
				-0.80031,
				0.0958929
			],
			[
				-0.79931,
				0.0972343
			],
			[
				-0.79831,
				0.0985757
			],
			[
				-0.79731,
				0.0999171
			],
			[
				-0.79631,
				0.101258
			],
			[
				-0.79,
				0.109723
			],
			[
				-0.78,
				0.123137
			],
			[
				-0.77,
				0.13655
			],
			[
				-0.76,
				0.149964
			],
			[
				-0.75,
				0.163378
			],
			[
				-0.74,
				0.176792
			],
			[
				-0.73,
				0.190206
			],
			[
				-0.72,
				0.20362
			],
			[
				-0.71,
				0.217034
			],
			[
				-0.7,
				0.230447
			],
			[
				-0.69,
				0.243861
			],
			[
				-0.68,
				0.257275
			],
			[
				-0.67,
				0.270689
			],
			[
				-0.66,
				0.284103
			],
			[
				-0.65,
				0.297517
			],
			[
				-0.64,
				0.31093
			],
			[
				-0.63,
				0.324344
			],
			[
				-0.62,
				0.337758
			],
			[
				-0.61,
				0.351172
			],
			[
				-0.6,
				0.364586
			],
			[
				-0.59,
				0.378
			],
			[
				-0.58,
				0.391413
			],
			[
				-0.57,
				0.404827
			],
			[
				-0.56,
				0.418241
			],
			[
				-0.55,
				0.431655
			],
			[
				-0.54,
				0.445069
			],
			[
				-0.53,
				0.458483
			],
			[
				-0.52,
				0.471896
			],
			[
				-0.51,
				0.48531
			],
			[
				-0.5,
				0.498724
			],
			[
				-0.49,
				0.512138
			],
			[
				-0.48,
				0.525552
			],
			[
				-0.47,
				0.538966
			],
			[
				-0.46,
				0.552379
			],
			[
				-0.45,
				0.565793
			],
			[
				-0.44,
				0.579207
			],
			[
				-0.43,
				0.592621
			],
			[
				-0.42,
				0.606035
			],
			[
				-0.41,
				0.619449
			],
			[
				-0.4,
				0.632862
			],
			[
				-0.39,
				0.646276
			],
			[
				-0.38,
				0.65969
			],
			[
				-0.37,
				0.673104
			],
			[
				-0.36,
				0.686518
			],
			[
				-0.35,
				0.699932
			],
			[
				-0.34,
				0.713345
			],
			[
				-0.33,
				0.726759
			],
			[
				-0.32,
				0.740173
			],
			[
				-0.31,
				0.753587
			],
			[
				-0.3,
				0.767001
			],
			[
				-0.29,
				0.780415
			],
			[
				-0.28,
				0.793828
			],
			[
				-0.27,
				0.807242
			],
			[
				-0.26,
				0.820656
			],
			[
				-0.25,
				0.83407
			],
			[
				-0.24,
				0.847484
			],
			[
				-0.23,
				0.860898
			],
			[
				-0.22,
				0.874311
			],
			[
				-0.21,
				0.887725
			],
			[
				-0.2,
				0.901139
			],
			[
				-0.19,
				0.914553
			],
			[
				-0.18,
				0.927967
			],
			[
				-0.17,
				0.941381
			],
			[
				-0.16,
				0.954795
			],
			[
				-0.15,
				0.968208
			],
			[
				-0.14,
				0.981622
			],
			[
				-0.13,
				0.995036
			],
			[
				-0.12,
				1.00845
			],
			[
				-0.11,
				1.02186
			],
			[
				-0.1,
				1.03528
			],
			[
				-0.09,
				1.04869
			],
			[
				-0.08,
				1.06211
			],
			[
				-0.07,
				1.07552
			],
			[
				-0.06,
				1.08893
			],
			[
				-0.05,
				1.10235
			],
			[
				-0.04,
				1.11576
			],
			[
				-0.03,
				1.12917
			],
			[
				-0.02,
				1.14259
			],
			[
				-0.01,
				1.156
			],
			[
				0.0,
				1.16942
			]
		]
	}
}
