{
	"ID": 198,
	"name": "VACODYM_688TP_180C",
	"conductivity": 0.0,
	"relPermeability": 0.0,
	"remanence": "no information",
	"linear": false,
	"BHCurve": {
		"default": [
			[
				-0.703644,
				0.0
			],
			[
				-0.7027920000000001,
				0.00115149
			],
			[
				-0.7017920000000001,
				0.00250443
			],
			[
				-0.7007920000000001,
				0.00385889
			],
			[
				-0.6997920000000001,
				0.00521495
			],
			[
				-0.6987920000000001,
				0.00657268
			],
			[
				-0.6977920000000001,
				0.00793214
			],
			[
				-0.6967920000000001,
				0.00929341
			],
			[
				-0.6957920000000001,
				0.0106554
			],
			[
				-0.69,
				0.0185448
			],
			[
				-0.68,
				0.0321649
			],
			[
				-0.67,
				0.045785
			],
			[
				-0.66,
				0.0594052
			],
			[
				-0.65,
				0.0730253
			],
			[
				-0.64,
				0.0866454
			],
			[
				-0.63,
				0.100266
			],
			[
				-0.62,
				0.113886
			],
			[
				-0.61,
				0.127506
			],
			[
				-0.6,
				0.141126
			],
			[
				-0.59,
				0.154746
			],
			[
				-0.58,
				0.168366
			],
			[
				-0.57,
				0.181986
			],
			[
				-0.56,
				0.195606
			],
			[
				-0.55,
				0.209227
			],
			[
				-0.54,
				0.222847
			],
			[
				-0.53,
				0.236467
			],
			[
				-0.52,
				0.250087
			],
			[
				-0.51,
				0.263707
			],
			[
				-0.5,
				0.277327
			],
			[
				-0.49,
				0.290947
			],
			[
				-0.48,
				0.304567
			],
			[
				-0.47,
				0.318188
			],
			[
				-0.46,
				0.331808
			],
			[
				-0.45,
				0.345428
			],
			[
				-0.44,
				0.359048
			],
			[
				-0.43,
				0.372668
			],
			[
				-0.42,
				0.386288
			],
			[
				-0.41,
				0.399908
			],
			[
				-0.4,
				0.413528
			],
			[
				-0.39,
				0.427149
			],
			[
				-0.38,
				0.440769
			],
			[
				-0.37,
				0.454389
			],
			[
				-0.36,
				0.468009
			],
			[
				-0.35,
				0.481629
			],
			[
				-0.34,
				0.495249
			],
			[
				-0.33,
				0.508869
			],
			[
				-0.32,
				0.522489
			],
			[
				-0.31,
				0.53611
			],
			[
				-0.3,
				0.54973
			],
			[
				-0.29,
				0.56335
			],
			[
				-0.28,
				0.57697
			],
			[
				-0.27,
				0.59059
			],
			[
				-0.26,
				0.60421
			],
			[
				-0.25,
				0.61783
			],
			[
				-0.24,
				0.63145
			],
			[
				-0.23,
				0.645071
			],
			[
				-0.22,
				0.658691
			],
			[
				-0.21,
				0.672311
			],
			[
				-0.2,
				0.685931
			],
			[
				-0.19,
				0.699551
			],
			[
				-0.18,
				0.713171
			],
			[
				-0.17,
				0.726791
			],
			[
				-0.16,
				0.740411
			],
			[
				-0.15,
				0.754032
			],
			[
				-0.14,
				0.767652
			],
			[
				-0.13,
				0.781272
			],
			[
				-0.12,
				0.794892
			],
			[
				-0.11,
				0.808512
			],
			[
				-0.1,
				0.822132
			],
			[
				-0.09,
				0.835752
			],
			[
				-0.08,
				0.849372
			],
			[
				-0.07,
				0.862993
			],
			[
				-0.06,
				0.876613
			],
			[
				-0.05,
				0.890233
			],
			[
				-0.04,
				0.903853
			],
			[
				-0.03,
				0.917473
			],
			[
				-0.02,
				0.931093
			],
			[
				-0.01,
				0.944713
			],
			[
				0.0,
				0.958333
			]
		]
	}
}
