{
	"ID": 188,
	"name": "VACODYM_688AP_150C",
	"conductivity": 0.0,
	"relPermeability": 0.0,
	"remanence": "no information",
	"linear": false,
	"BHCurve": {
		"default": [
			[
				-0.697984,
				0.0
			],
			[
				-0.69,
				0.0108748
			],
			[
				-0.68,
				0.0244962
			],
			[
				-0.67,
				0.0381175
			],
			[
				-0.66,
				0.0517389
			],
			[
				-0.65,
				0.0653603
			],
			[
				-0.64,
				0.0789817
			],
			[
				-0.63,
				0.0926031
			],
			[
				-0.62,
				0.106224
			],
			[
				-0.61,
				0.119846
			],
			[
				-0.6,
				0.133467
			],
			[
				-0.59,
				0.147089
			],
			[
				-0.58,
				0.16071
			],
			[
				-0.57,
				0.174331
			],
			[
				-0.56,
				0.187953
			],
			[
				-0.55,
				0.201574
			],
			[
				-0.54,
				0.215196
			],
			[
				-0.53,
				0.228817
			],
			[
				-0.52,
				0.242438
			],
			[
				-0.51,
				0.25606
			],
			[
				-0.5,
				0.269681
			],
			[
				-0.49,
				0.283302
			],
			[
				-0.48,
				0.296924
			],
			[
				-0.47,
				0.310545
			],
			[
				-0.46,
				0.324167
			],
			[
				-0.45,
				0.337788
			],
			[
				-0.44,
				0.351409
			],
			[
				-0.43,
				0.365031
			],
			[
				-0.42,
				0.378652
			],
			[
				-0.41,
				0.392274
			],
			[
				-0.4,
				0.405895
			],
			[
				-0.39,
				0.419516
			],
			[
				-0.38,
				0.433138
			],
			[
				-0.37,
				0.446759
			],
			[
				-0.36,
				0.46038
			],
			[
				-0.35,
				0.474002
			],
			[
				-0.34,
				0.487623
			],
			[
				-0.33,
				0.501245
			],
			[
				-0.32,
				0.514866
			],
			[
				-0.31,
				0.528487
			],
			[
				-0.3,
				0.542109
			],
			[
				-0.29,
				0.55573
			],
			[
				-0.28,
				0.569351
			],
			[
				-0.27,
				0.582973
			],
			[
				-0.26,
				0.596594
			],
			[
				-0.25,
				0.610216
			],
			[
				-0.24,
				0.623837
			],
			[
				-0.23,
				0.637458
			],
			[
				-0.22,
				0.65108
			],
			[
				-0.21,
				0.664701
			],
			[
				-0.2,
				0.678323
			],
			[
				-0.19,
				0.691944
			],
			[
				-0.18,
				0.705565
			],
			[
				-0.17,
				0.719187
			],
			[
				-0.16,
				0.732808
			],
			[
				-0.15,
				0.746429
			],
			[
				-0.14,
				0.760051
			],
			[
				-0.13,
				0.773672
			],
			[
				-0.12,
				0.787294
			],
			[
				-0.11,
				0.800915
			],
			[
				-0.1,
				0.814536
			],
			[
				-0.09,
				0.828158
			],
			[
				-0.08,
				0.841779
			],
			[
				-0.07,
				0.855401
			],
			[
				-0.06,
				0.869022
			],
			[
				-0.05,
				0.882643
			],
			[
				-0.04,
				0.896265
			],
			[
				-0.03,
				0.909886
			],
			[
				-0.02,
				0.923507
			],
			[
				-0.01,
				0.937129
			],
			[
				0.0,
				0.95075
			]
		]
	}
}
