{
	"ID": 98,
	"name": "VACODYM_3230_020C",
	"conductivity": 0.0,
	"relPermeability": 0.0,
	"remanence": "no information",
	"linear": false,
	"BHCurve": {
		"default": [
			[
				-0.8791019999999999,
				0.0
			],
			[
				-0.875,
				0.00536645
			],
			[
				-0.87,
				0.0119073
			],
			[
				-0.865,
				0.0184482
			],
			[
				-0.86,
				0.0249891
			],
			[
				-0.855,
				0.03153
			],
			[
				-0.85,
				0.0380709
			],
			[
				-0.845,
				0.0446117
			],
			[
				-0.84,
				0.0511526
			],
			[
				-0.835,
				0.0576935
			],
			[
				-0.83,
				0.0642344
			],
			[
				-0.825,
				0.0707753
			],
			[
				-0.82,
				0.0773161
			],
			[
				-0.815,
				0.083857
			],
			[
				-0.81,
				0.0903979
			],
			[
				-0.805,
				0.0969388
			],
			[
				-0.8,
				0.10348
			],
			[
				-0.795,
				0.110021
			],
			[
				-0.79,
				0.116561
			],
			[
				-0.785,
				0.123102
			],
			[
				-0.78,
				0.129643
			],
			[
				-0.775,
				0.136184
			],
			[
				-0.77,
				0.142725
			],
			[
				-0.765,
				0.149266
			],
			[
				-0.76,
				0.155807
			],
			[
				-0.755,
				0.162348
			],
			[
				-0.75,
				0.168888
			],
			[
				-0.745,
				0.175429
			],
			[
				-0.74,
				0.18197
			],
			[
				-0.735,
				0.188511
			],
			[
				-0.73,
				0.195052
			],
			[
				-0.725,
				0.201593
			],
			[
				-0.72,
				0.208134
			],
			[
				-0.715,
				0.214675
			],
			[
				-0.71,
				0.221216
			],
			[
				-0.705,
				0.227756
			],
			[
				-0.7,
				0.234297
			],
			[
				-0.695,
				0.240838
			],
			[
				-0.69,
				0.247379
			],
			[
				-0.685,
				0.25392
			],
			[
				-0.68,
				0.260461
			],
			[
				-0.675,
				0.267002
			],
			[
				-0.67,
				0.273543
			],
			[
				-0.665,
				0.280083
			],
			[
				-0.66,
				0.286624
			],
			[
				-0.655,
				0.293165
			],
			[
				-0.65,
				0.299706
			],
			[
				-0.645,
				0.306247
			],
			[
				-0.64,
				0.312788
			],
			[
				-0.635,
				0.319329
			],
			[
				-0.63,
				0.32587
			],
			[
				-0.625,
				0.33241
			],
			[
				-0.62,
				0.338951
			],
			[
				-0.615,
				0.345492
			],
			[
				-0.61,
				0.352033
			],
			[
				-0.605,
				0.358574
			],
			[
				-0.6,
				0.365115
			],
			[
				-0.595,
				0.371656
			],
			[
				-0.59,
				0.378197
			],
			[
				-0.585,
				0.384738
			],
			[
				-0.58,
				0.391278
			],
			[
				-0.575,
				0.397819
			],
			[
				-0.57,
				0.40436
			],
			[
				-0.565,
				0.410901
			],
			[
				-0.56,
				0.417442
			],
			[
				-0.555,
				0.423983
			],
			[
				-0.55,
				0.430524
			],
			[
				-0.545,
				0.437065
			],
			[
				-0.54,
				0.443605
			],
			[
				-0.535,
				0.450146
			],
			[
				-0.53,
				0.456687
			],
			[
				-0.525,
				0.463228
			],
			[
				-0.52,
				0.469769
			],
			[
				-0.515,
				0.47631
			],
			[
				-0.51,
				0.482851
			],
			[
				-0.505,
				0.489392
			],
			[
				-0.5,
				0.495932
			],
			[
				-0.495,
				0.502473
			],
			[
				-0.49,
				0.509014
			],
			[
				-0.485,
				0.515555
			],
			[
				-0.48,
				0.522096
			],
			[
				-0.475,
				0.528637
			],
			[
				-0.47,
				0.535178
			],
			[
				-0.465,
				0.541719
			],
			[
				-0.46,
				0.54826
			],
			[
				-0.455,
				0.5548
			],
			[
				-0.45,
				0.561341
			],
			[
				-0.445,
				0.567882
			],
			[
				-0.44,
				0.574423
			],
			[
				-0.435,
				0.580964
			],
			[
				-0.43,
				0.587505
			],
			[
				-0.425,
				0.594046
			],
			[
				-0.42,
				0.600587
			],
			[
				-0.415,
				0.607127
			],
			[
				-0.41,
				0.613668
			],
			[
				-0.405,
				0.620209
			],
			[
				-0.4,
				0.62675
			],
			[
				-0.395,
				0.633291
			],
			[
				-0.39,
				0.639832
			],
			[
				-0.385,
				0.646373
			],
			[
				-0.38,
				0.652914
			],
			[
				-0.375,
				0.659454
			],
			[
				-0.37,
				0.665995
			],
			[
				-0.365,
				0.672536
			],
			[
				-0.36,
				0.679077
			],
			[
				-0.355,
				0.685618
			],
			[
				-0.35,
				0.692159
			],
			[
				-0.345,
				0.6987
			],
			[
				-0.34,
				0.705241
			],
			[
				-0.335,
				0.711782
			],
			[
				-0.33,
				0.718322
			],
			[
				-0.325,
				0.724863
			],
			[
				-0.32,
				0.731404
			],
			[
				-0.315,
				0.737945
			],
			[
				-0.31,
				0.744486
			],
			[
				-0.305,
				0.751027
			],
			[
				-0.3,
				0.757568
			],
			[
				-0.295,
				0.764109
			],
			[
				-0.29,
				0.770649
			],
			[
				-0.285,
				0.77719
			],
			[
				-0.28,
				0.783731
			],
			[
				-0.275,
				0.790272
			],
			[
				-0.27,
				0.796813
			],
			[
				-0.265,
				0.803354
			],
			[
				-0.26,
				0.809895
			],
			[
				-0.255,
				0.816436
			],
			[
				-0.25,
				0.822977
			],
			[
				-0.245,
				0.829517
			],
			[
				-0.24,
				0.836058
			],
			[
				-0.235,
				0.842599
			],
			[
				-0.23,
				0.84914
			],
			[
				-0.225,
				0.855681
			],
			[
				-0.22,
				0.862222
			],
			[
				-0.215,
				0.868763
			],
			[
				-0.21,
				0.875304
			],
			[
				-0.205,
				0.881844
			],
			[
				-0.2,
				0.888385
			],
			[
				-0.195,
				0.894926
			],
			[
				-0.19,
				0.901467
			],
			[
				-0.185,
				0.908008
			],
			[
				-0.18,
				0.914549
			],
			[
				-0.175,
				0.92109
			],
			[
				-0.17,
				0.927631
			],
			[
				-0.165,
				0.934171
			],
			[
				-0.16,
				0.940712
			],
			[
				-0.155,
				0.947253
			],
			[
				-0.15,
				0.953794
			],
			[
				-0.145,
				0.960335
			],
			[
				-0.14,
				0.966876
			],
			[
				-0.135,
				0.973417
			],
			[
				-0.13,
				0.979958
			],
			[
				-0.125,
				0.986499
			],
			[
				-0.12,
				0.993039
			],
			[
				-0.115,
				0.99958
			],
			[
				-0.11,
				1.00612
			],
			[
				-0.105,
				1.01266
			],
			[
				-0.1,
				1.0192
			],
			[
				-0.095,
				1.02574
			],
			[
				-0.09,
				1.03228
			],
			[
				-0.085,
				1.03883
			],
			[
				-0.08,
				1.04537
			],
			[
				-0.075,
				1.05191
			],
			[
				-0.07,
				1.05845
			],
			[
				-0.065,
				1.06499
			],
			[
				-0.06,
				1.07153
			],
			[
				-0.055,
				1.07807
			],
			[
				-0.05,
				1.08461
			],
			[
				-0.045,
				1.09115
			],
			[
				-0.04,
				1.09769
			],
			[
				-0.035,
				1.10423
			],
			[
				-0.03,
				1.11078
			],
			[
				-0.025,
				1.11732
			],
			[
				-0.02,
				1.12386
			],
			[
				-0.015,
				1.1304
			],
			[
				-0.01,
				1.13694
			],
			[
				-0.005,
				1.14348
			],
			[
				0.0,
				1.15002
			]
		]
	}
}
