{
	"ID": 341,
	"name": "VACODYM_881TP_180C",
	"conductivity": 0.0,
	"relPermeability": 1.0,
	"remanence": 0.0,
	"linear": false,
	"BHCurve": {
		"default": [
			[
				-0.716471,
				0.0
			],
			[
				-0.715613,
				0.00268809
			],
			[
				-0.714613,
				0.00575375
			],
			[
				-0.713613,
				0.00878837
			],
			[
				-0.712613,
				0.0118023
			],
			[
				-0.711613,
				0.0147726
			],
			[
				-0.710613,
				0.0176783
			],
			[
				-0.709613,
				0.0204988
			],
			[
				-0.708613,
				0.0232132
			],
			[
				-0.707613,
				0.0258009
			],
			[
				-0.706613,
				0.0282519
			],
			[
				-0.705613,
				0.0306228
			],
			[
				-0.704613,
				0.0329285
			],
			[
				-0.703613,
				0.0351734
			],
			[
				-0.702613,
				0.037362
			],
			[
				-0.701613,
				0.0394986
			],
			[
				-0.700613,
				0.0415878
			],
			[
				-0.699613,
				0.0436337
			],
			[
				-0.698613,
				0.045641
			],
			[
				-0.697613,
				0.047614
			],
			[
				-0.696613,
				0.0495571
			],
			[
				-0.695613,
				0.0514746
			],
			[
				-0.694613,
				0.0533712
			],
			[
				-0.693613,
				0.0552502
			],
			[
				-0.692613,
				0.0571013
			],
			[
				-0.691613,
				0.0589213
			],
			[
				-0.690613,
				0.0607124
			],
			[
				-0.689613,
				0.0624763
			],
			[
				-0.688613,
				0.064215
			],
			[
				-0.687613,
				0.0659304
			],
			[
				-0.686613,
				0.0676244
			],
			[
				-0.685613,
				0.069299
			],
			[
				-0.684613,
				0.0709561
			],
			[
				-0.683613,
				0.0725976
			],
			[
				-0.682613,
				0.0742255
			],
			[
				-0.681613,
				0.0758416
			],
			[
				-0.680613,
				0.0774479
			],
			[
				-0.679613,
				0.0790463
			],
			[
				-0.678613,
				0.0806387
			],
			[
				-0.677613,
				0.0822272
			],
			[
				-0.676613,
				0.0838094
			],
			[
				-0.675613,
				0.0853777
			],
			[
				-0.674613,
				0.0869324
			],
			[
				-0.673613,
				0.0884742
			],
			[
				-0.672613,
				0.0900039
			],
			[
				-0.671613,
				0.0915222
			],
			[
				-0.670613,
				0.0930299
			],
			[
				-0.669613,
				0.0945275
			],
			[
				-0.668613,
				0.0960159
			],
			[
				-0.667613,
				0.0974958
			],
			[
				-0.666613,
				0.0989679
			],
			[
				-0.665613,
				0.100433
			],
			[
				-0.664613,
				0.101892
			],
			[
				-0.663613,
				0.103345
			],
			[
				-0.662613,
				0.104793
			],
			[
				-0.661613,
				0.106237
			],
			[
				-0.660613,
				0.107677
			],
			[
				-0.659613,
				0.109114
			],
			[
				-0.658613,
				0.110545
			],
			[
				-0.657613,
				0.111972
			],
			[
				-0.656613,
				0.113395
			],
			[
				-0.655613,
				0.114814
			],
			[
				-0.6546130000000001,
				0.116228
			],
			[
				-0.6536130000000001,
				0.117639
			],
			[
				-0.6526130000000001,
				0.119045
			],
			[
				-0.6516130000000001,
				0.120448
			],
			[
				-0.6506130000000001,
				0.121847
			],
			[
				-0.6496130000000001,
				0.123242
			],
			[
				-0.6486130000000001,
				0.124634
			],
			[
				-0.6476130000000001,
				0.126022
			],
			[
				-0.6466130000000001,
				0.127407
			],
			[
				-0.6456130000000001,
				0.128789
			],
			[
				-0.6446130000000001,
				0.130168
			],
			[
				-0.6436130000000001,
				0.131544
			],
			[
				-0.6426130000000001,
				0.132917
			],
			[
				-0.6416130000000001,
				0.134287
			],
			[
				-0.6406130000000001,
				0.135655
			],
			[
				-0.6396130000000001,
				0.13702
			],
			[
				-0.6386130000000001,
				0.138383
			],
			[
				-0.6376130000000001,
				0.139743
			],
			[
				-0.6366130000000001,
				0.141101
			],
			[
				-0.6356130000000001,
				0.142457
			],
			[
				-0.6346130000000001,
				0.143811
			],
			[
				-0.6336130000000001,
				0.145163
			],
			[
				-0.6326130000000001,
				0.146513
			],
			[
				-0.6316130000000001,
				0.147862
			],
			[
				-0.6306130000000001,
				0.149209
			],
			[
				-0.6296130000000001,
				0.150554
			],
			[
				-0.6286130000000001,
				0.151899
			],
			[
				-0.6276130000000001,
				0.153242
			],
			[
				-0.6266130000000001,
				0.154583
			],
			[
				-0.6256130000000001,
				0.155924
			],
			[
				-0.6246130000000001,
				0.157264
			],
			[
				-0.6236130000000001,
				0.158603
			],
			[
				-0.6226130000000001,
				0.159941
			],
			[
				-0.6216130000000001,
				0.161278
			],
			[
				-0.6206130000000001,
				0.162616
			],
			[
				-0.6196130000000001,
				0.163952
			],
			[
				-0.6186130000000001,
				0.165289
			],
			[
				-0.6176130000000001,
				0.166625
			],
			[
				-0.6166130000000001,
				0.167961
			],
			[
				-0.6156130000000001,
				0.169297
			],
			[
				-0.6146130000000001,
				0.170633
			],
			[
				-0.6136130000000001,
				0.17197
			],
			[
				-0.6126130000000001,
				0.173306
			],
			[
				-0.6116130000000001,
				0.174644
			],
			[
				-0.6106130000000001,
				0.175982
			],
			[
				-0.6096130000000001,
				0.17732
			],
			[
				-0.6086130000000001,
				0.178659
			],
			[
				-0.6076130000000001,
				0.179999
			],
			[
				-0.6066130000000001,
				0.181341
			],
			[
				-0.6056130000000001,
				0.182683
			],
			[
				-0.6046130000000001,
				0.184026
			],
			[
				-0.6036130000000001,
				0.185371
			],
			[
				-0.6026130000000001,
				0.186717
			],
			[
				-0.6016130000000001,
				0.188065
			],
			[
				-0.6006130000000001,
				0.189414
			],
			[
				-0.6,
				0.190242
			],
			[
				-0.59,
				0.203833
			],
			[
				-0.58,
				0.217453
			],
			[
				-0.57,
				0.231073
			],
			[
				-0.56,
				0.244693
			],
			[
				-0.55,
				0.258313
			],
			[
				-0.54,
				0.271933
			],
			[
				-0.53,
				0.285553
			],
			[
				-0.52,
				0.299173
			],
			[
				-0.51,
				0.312794
			],
			[
				-0.5,
				0.326414
			],
			[
				-0.49,
				0.340034
			],
			[
				-0.48,
				0.353654
			],
			[
				-0.47,
				0.367274
			],
			[
				-0.46,
				0.380894
			],
			[
				-0.45,
				0.394514
			],
			[
				-0.44,
				0.408134
			],
			[
				-0.43,
				0.421755
			],
			[
				-0.42,
				0.435375
			],
			[
				-0.41,
				0.448995
			],
			[
				-0.4,
				0.462615
			],
			[
				-0.39,
				0.476235
			],
			[
				-0.38,
				0.489855
			],
			[
				-0.37,
				0.503475
			],
			[
				-0.36,
				0.517095
			],
			[
				-0.35,
				0.530716
			],
			[
				-0.34,
				0.544336
			],
			[
				-0.33,
				0.557956
			],
			[
				-0.32,
				0.571576
			],
			[
				-0.31,
				0.585196
			],
			[
				-0.3,
				0.598816
			],
			[
				-0.29,
				0.612436
			],
			[
				-0.28,
				0.626056
			],
			[
				-0.27,
				0.639677
			],
			[
				-0.26,
				0.653297
			],
			[
				-0.25,
				0.666917
			],
			[
				-0.24,
				0.680537
			],
			[
				-0.23,
				0.694157
			],
			[
				-0.22,
				0.707777
			],
			[
				-0.21,
				0.721397
			],
			[
				-0.2,
				0.735017
			],
			[
				-0.19,
				0.748638
			],
			[
				-0.18,
				0.762258
			],
			[
				-0.17,
				0.775878
			],
			[
				-0.16,
				0.789498
			],
			[
				-0.15,
				0.803118
			],
			[
				-0.14,
				0.816738
			],
			[
				-0.13,
				0.830358
			],
			[
				-0.12,
				0.843978
			],
			[
				-0.11,
				0.857599
			],
			[
				-0.1,
				0.871219
			],
			[
				-0.09,
				0.884839
			],
			[
				-0.08,
				0.898459
			],
			[
				-0.07,
				0.912079
			],
			[
				-0.06,
				0.925699
			],
			[
				-0.05,
				0.939319
			],
			[
				-0.04,
				0.952939
			],
			[
				-0.03,
				0.96656
			],
			[
				-0.02,
				0.98018
			],
			[
				-0.01,
				0.9938
			],
			[
				0.0,
				1.00742
			]
		]
	}
}
