{
	"ID": 156,
	"name": "VACODYM_669AP_150C",
	"conductivity": 0.0,
	"relPermeability": 0.0,
	"remanence": "no information",
	"linear": false,
	"BHCurve": {
		"default": [
			[
				-0.7349289999999999,
				0.0
			],
			[
				-0.7340599999999999,
				0.00179841
			],
			[
				-0.7330599999999999,
				0.00382676
			],
			[
				-0.7320599999999999,
				0.00581848
			],
			[
				-0.7310599999999999,
				0.00777771
			],
			[
				-0.7300599999999999,
				0.00970858
			],
			[
				-0.7290599999999999,
				0.0116152
			],
			[
				-0.7280599999999999,
				0.0135017
			],
			[
				-0.7270599999999999,
				0.0153717
			],
			[
				-0.7260599999999999,
				0.0172157
			],
			[
				-0.7250599999999999,
				0.0190297
			],
			[
				-0.7240599999999999,
				0.0208157
			],
			[
				-0.7230599999999999,
				0.0225755
			],
			[
				-0.7220599999999999,
				0.0243107
			],
			[
				-0.7210599999999999,
				0.0260232
			],
			[
				-0.7200599999999999,
				0.0277149
			],
			[
				-0.7190599999999999,
				0.0293875
			],
			[
				-0.7180599999999999,
				0.0310428
			],
			[
				-0.7170599999999999,
				0.0326827
			],
			[
				-0.7160599999999999,
				0.0343088
			],
			[
				-0.7150599999999999,
				0.035923
			],
			[
				-0.7140599999999999,
				0.0375272
			],
			[
				-0.7130599999999999,
				0.0391231
			],
			[
				-0.7120599999999999,
				0.0407125
			],
			[
				-0.7110599999999999,
				0.0422971
			],
			[
				-0.7100599999999999,
				0.0438785
			],
			[
				-0.7090599999999999,
				0.0454491
			],
			[
				-0.7080599999999999,
				0.0470063
			],
			[
				-0.7070599999999999,
				0.0485506
			],
			[
				-0.7060599999999999,
				0.0500829
			],
			[
				-0.7050599999999999,
				0.0516037
			],
			[
				-0.7040599999999999,
				0.0531139
			],
			[
				-0.7030599999999999,
				0.0546141
			],
			[
				-0.7020599999999999,
				0.0561049
			],
			[
				-0.7010599999999999,
				0.0575872
			],
			[
				-0.7000599999999999,
				0.0590615
			],
			[
				-0.6990599999999999,
				0.0605286
			],
			[
				-0.6980599999999999,
				0.0619892
			],
			[
				-0.6970599999999999,
				0.0634439
			],
			[
				-0.6960599999999999,
				0.0648935
			],
			[
				-0.6950599999999999,
				0.0663387
			],
			[
				-0.6940599999999999,
				0.0677802
			],
			[
				-0.6930599999999999,
				0.0692185
			],
			[
				-0.6920599999999999,
				0.0706529
			],
			[
				-0.6910599999999999,
				0.0720831
			],
			[
				-0.6900599999999999,
				0.0735091
			],
			[
				-0.6890599999999999,
				0.074931
			],
			[
				-0.6880599999999999,
				0.076349
			],
			[
				-0.6870599999999999,
				0.0777631
			],
			[
				-0.6860599999999999,
				0.0791735
			],
			[
				-0.6850599999999999,
				0.0805802
			],
			[
				-0.6840599999999999,
				0.0819833
			],
			[
				-0.68306,
				0.0833829
			],
			[
				-0.68206,
				0.0847791
			],
			[
				-0.68106,
				0.086172
			],
			[
				-0.68006,
				0.0875617
			],
			[
				-0.67906,
				0.0889483
			],
			[
				-0.67806,
				0.0903319
			],
			[
				-0.67706,
				0.0917125
			],
			[
				-0.67606,
				0.0930904
			],
			[
				-0.67506,
				0.0944655
			],
			[
				-0.67406,
				0.0958379
			],
			[
				-0.67306,
				0.0972078
			],
			[
				-0.67206,
				0.0985753
			],
			[
				-0.67106,
				0.0999404
			],
			[
				-0.67006,
				0.101303
			],
			[
				-0.66906,
				0.102664
			],
			[
				-0.66806,
				0.104023
			],
			[
				-0.66706,
				0.105379
			],
			[
				-0.66606,
				0.106734
			],
			[
				-0.66506,
				0.108087
			],
			[
				-0.66406,
				0.109438
			],
			[
				-0.66306,
				0.110788
			],
			[
				-0.66206,
				0.112136
			],
			[
				-0.66106,
				0.113483
			],
			[
				-0.66006,
				0.114828
			],
			[
				-0.65906,
				0.116172
			],
			[
				-0.65806,
				0.117516
			],
			[
				-0.65706,
				0.118858
			],
			[
				-0.65606,
				0.120199
			],
			[
				-0.65506,
				0.121539
			],
			[
				-0.65406,
				0.122879
			],
			[
				-0.65306,
				0.124217
			],
			[
				-0.65206,
				0.125556
			],
			[
				-0.65106,
				0.126894
			],
			[
				-0.65006,
				0.128231
			],
			[
				-0.64906,
				0.129568
			],
			[
				-0.64806,
				0.130905
			],
			[
				-0.64706,
				0.132242
			],
			[
				-0.64606,
				0.133579
			],
			[
				-0.64506,
				0.134916
			],
			[
				-0.64406,
				0.136253
			],
			[
				-0.64306,
				0.137591
			],
			[
				-0.64206,
				0.138929
			],
			[
				-0.64106,
				0.140267
			],
			[
				-0.64006,
				0.141606
			],
			[
				-0.63906,
				0.142946
			],
			[
				-0.63806,
				0.144286
			],
			[
				-0.63706,
				0.145627
			],
			[
				-0.63606,
				0.14697
			],
			[
				-0.63506,
				0.148313
			],
			[
				-0.63406,
				0.149657
			],
			[
				-0.63306,
				0.151003
			],
			[
				-0.63206,
				0.15235
			],
			[
				-0.63106,
				0.153698
			],
			[
				-0.63006,
				0.155048
			],
			[
				-0.62906,
				0.156399
			],
			[
				-0.62806,
				0.157753
			],
			[
				-0.62,
				0.168714
			],
			[
				-0.61,
				0.182335
			],
			[
				-0.6,
				0.195957
			],
			[
				-0.59,
				0.209578
			],
			[
				-0.58,
				0.223199
			],
			[
				-0.57,
				0.236821
			],
			[
				-0.56,
				0.250442
			],
			[
				-0.55,
				0.264064
			],
			[
				-0.54,
				0.277685
			],
			[
				-0.53,
				0.291306
			],
			[
				-0.52,
				0.304928
			],
			[
				-0.51,
				0.318549
			],
			[
				-0.5,
				0.332171
			],
			[
				-0.49,
				0.345792
			],
			[
				-0.48,
				0.359413
			],
			[
				-0.47,
				0.373035
			],
			[
				-0.46,
				0.386656
			],
			[
				-0.45,
				0.400277
			],
			[
				-0.44,
				0.413899
			],
			[
				-0.43,
				0.42752
			],
			[
				-0.42,
				0.441142
			],
			[
				-0.41,
				0.454763
			],
			[
				-0.4,
				0.468384
			],
			[
				-0.39,
				0.482006
			],
			[
				-0.38,
				0.495627
			],
			[
				-0.37,
				0.509249
			],
			[
				-0.36,
				0.52287
			],
			[
				-0.35,
				0.536491
			],
			[
				-0.34,
				0.550113
			],
			[
				-0.33,
				0.563734
			],
			[
				-0.32,
				0.577355
			],
			[
				-0.31,
				0.590977
			],
			[
				-0.3,
				0.604598
			],
			[
				-0.29,
				0.61822
			],
			[
				-0.28,
				0.631841
			],
			[
				-0.27,
				0.645462
			],
			[
				-0.26,
				0.659084
			],
			[
				-0.25,
				0.672705
			],
			[
				-0.24,
				0.686327
			],
			[
				-0.23,
				0.699948
			],
			[
				-0.22,
				0.713569
			],
			[
				-0.21,
				0.727191
			],
			[
				-0.2,
				0.740812
			],
			[
				-0.19,
				0.754433
			],
			[
				-0.18,
				0.768055
			],
			[
				-0.17,
				0.781676
			],
			[
				-0.16,
				0.795298
			],
			[
				-0.15,
				0.808919
			],
			[
				-0.14,
				0.82254
			],
			[
				-0.13,
				0.836162
			],
			[
				-0.12,
				0.849783
			],
			[
				-0.11,
				0.863405
			],
			[
				-0.1,
				0.877026
			],
			[
				-0.09,
				0.890647
			],
			[
				-0.08,
				0.904269
			],
			[
				-0.07,
				0.91789
			],
			[
				-0.06,
				0.931511
			],
			[
				-0.05,
				0.945133
			],
			[
				-0.04,
				0.958754
			],
			[
				-0.03,
				0.972376
			],
			[
				-0.02,
				0.985997
			],
			[
				-0.01,
				0.999618
			],
			[
				0.0,
				1.01324
			]
		]
	}
}
