{
	"ID": 337,
	"name": "VACODYM_881AP_80C",
	"conductivity": 0.0,
	"relPermeability": 1.0,
	"remanence": 0.0,
	"linear": false,
	"BHCurve": {
		"default": [
			[
				-0.809763,
				0.0
			],
			[
				-0.8,
				0.0130146
			],
			[
				-0.79,
				0.0263454
			],
			[
				-0.78,
				0.0396762
			],
			[
				-0.77,
				0.053007
			],
			[
				-0.76,
				0.0663379
			],
			[
				-0.75,
				0.0796687
			],
			[
				-0.74,
				0.0929995
			],
			[
				-0.73,
				0.10633
			],
			[
				-0.72,
				0.119661
			],
			[
				-0.71,
				0.132992
			],
			[
				-0.7,
				0.146323
			],
			[
				-0.69,
				0.159654
			],
			[
				-0.68,
				0.172984
			],
			[
				-0.67,
				0.186315
			],
			[
				-0.66,
				0.199646
			],
			[
				-0.65,
				0.212977
			],
			[
				-0.64,
				0.226308
			],
			[
				-0.63,
				0.239638
			],
			[
				-0.62,
				0.252969
			],
			[
				-0.61,
				0.2663
			],
			[
				-0.6,
				0.279631
			],
			[
				-0.59,
				0.292962
			],
			[
				-0.58,
				0.306293
			],
			[
				-0.57,
				0.319623
			],
			[
				-0.56,
				0.332954
			],
			[
				-0.55,
				0.346285
			],
			[
				-0.54,
				0.359616
			],
			[
				-0.53,
				0.372947
			],
			[
				-0.52,
				0.386277
			],
			[
				-0.51,
				0.399608
			],
			[
				-0.5,
				0.412939
			],
			[
				-0.49,
				0.42627
			],
			[
				-0.48,
				0.439601
			],
			[
				-0.47,
				0.452932
			],
			[
				-0.46,
				0.466262
			],
			[
				-0.45,
				0.479593
			],
			[
				-0.44,
				0.492924
			],
			[
				-0.43,
				0.506255
			],
			[
				-0.42,
				0.519586
			],
			[
				-0.41,
				0.532916
			],
			[
				-0.4,
				0.546247
			],
			[
				-0.39,
				0.559578
			],
			[
				-0.38,
				0.572909
			],
			[
				-0.37,
				0.58624
			],
			[
				-0.36,
				0.599571
			],
			[
				-0.35,
				0.612901
			],
			[
				-0.34,
				0.626232
			],
			[
				-0.33,
				0.639563
			],
			[
				-0.32,
				0.652894
			],
			[
				-0.31,
				0.666225
			],
			[
				-0.3,
				0.679555
			],
			[
				-0.29,
				0.692886
			],
			[
				-0.28,
				0.706217
			],
			[
				-0.27,
				0.719548
			],
			[
				-0.26,
				0.732879
			],
			[
				-0.25,
				0.74621
			],
			[
				-0.24,
				0.75954
			],
			[
				-0.23,
				0.772871
			],
			[
				-0.22,
				0.786202
			],
			[
				-0.21,
				0.799533
			],
			[
				-0.2,
				0.812864
			],
			[
				-0.19,
				0.826194
			],
			[
				-0.18,
				0.839525
			],
			[
				-0.17,
				0.852856
			],
			[
				-0.16,
				0.866187
			],
			[
				-0.15,
				0.879518
			],
			[
				-0.14,
				0.892849
			],
			[
				-0.13,
				0.906179
			],
			[
				-0.12,
				0.91951
			],
			[
				-0.11,
				0.932841
			],
			[
				-0.1,
				0.946172
			],
			[
				-0.09,
				0.959503
			],
			[
				-0.08,
				0.972833
			],
			[
				-0.07,
				0.986164
			],
			[
				-0.06,
				0.999495
			],
			[
				-0.05,
				1.01283
			],
			[
				-0.04,
				1.02616
			],
			[
				-0.03,
				1.03949
			],
			[
				-0.02,
				1.05282
			],
			[
				-0.01,
				1.06615
			],
			[
				0.0,
				1.07948
			]
		]
	}
}
