{
	"ID": 331,
	"name": "VACODYM_881AP_120C",
	"conductivity": 0.0,
	"relPermeability": 0.0,
	"remanence": "no information",
	"linear": false,
	"BHCurve": {
		"default": [
			[
				-0.7629750000000001,
				0.0
			],
			[
				-0.76,
				0.00401499
			],
			[
				-0.75,
				0.0175118
			],
			[
				-0.74,
				0.0310087
			],
			[
				-0.73,
				0.0445056
			],
			[
				-0.72,
				0.0580024
			],
			[
				-0.71,
				0.0714993
			],
			[
				-0.7,
				0.0849961
			],
			[
				-0.69,
				0.098493
			],
			[
				-0.68,
				0.11199
			],
			[
				-0.67,
				0.125487
			],
			[
				-0.66,
				0.138984
			],
			[
				-0.65,
				0.15248
			],
			[
				-0.64,
				0.165977
			],
			[
				-0.63,
				0.179474
			],
			[
				-0.62,
				0.192971
			],
			[
				-0.61,
				0.206468
			],
			[
				-0.6,
				0.219965
			],
			[
				-0.59,
				0.233462
			],
			[
				-0.58,
				0.246958
			],
			[
				-0.57,
				0.260455
			],
			[
				-0.56,
				0.273952
			],
			[
				-0.55,
				0.287449
			],
			[
				-0.54,
				0.300946
			],
			[
				-0.53,
				0.314443
			],
			[
				-0.52,
				0.32794
			],
			[
				-0.51,
				0.341436
			],
			[
				-0.5,
				0.354933
			],
			[
				-0.49,
				0.36843
			],
			[
				-0.48,
				0.381927
			],
			[
				-0.47,
				0.395424
			],
			[
				-0.46,
				0.408921
			],
			[
				-0.45,
				0.422418
			],
			[
				-0.44,
				0.435914
			],
			[
				-0.43,
				0.449411
			],
			[
				-0.42,
				0.462908
			],
			[
				-0.41,
				0.476405
			],
			[
				-0.4,
				0.489902
			],
			[
				-0.39,
				0.503399
			],
			[
				-0.38,
				0.516895
			],
			[
				-0.37,
				0.530392
			],
			[
				-0.36,
				0.543889
			],
			[
				-0.35,
				0.557386
			],
			[
				-0.34,
				0.570883
			],
			[
				-0.33,
				0.58438
			],
			[
				-0.32,
				0.597877
			],
			[
				-0.31,
				0.611373
			],
			[
				-0.3,
				0.62487
			],
			[
				-0.29,
				0.638367
			],
			[
				-0.28,
				0.651864
			],
			[
				-0.27,
				0.665361
			],
			[
				-0.26,
				0.678858
			],
			[
				-0.25,
				0.692355
			],
			[
				-0.24,
				0.705851
			],
			[
				-0.23,
				0.719348
			],
			[
				-0.22,
				0.732845
			],
			[
				-0.21,
				0.746342
			],
			[
				-0.2,
				0.759839
			],
			[
				-0.19,
				0.773336
			],
			[
				-0.18,
				0.786833
			],
			[
				-0.17,
				0.800329
			],
			[
				-0.16,
				0.813826
			],
			[
				-0.15,
				0.827323
			],
			[
				-0.14,
				0.84082
			],
			[
				-0.13,
				0.854317
			],
			[
				-0.12,
				0.867814
			],
			[
				-0.11,
				0.881311
			],
			[
				-0.1,
				0.894807
			],
			[
				-0.09,
				0.908304
			],
			[
				-0.08,
				0.921801
			],
			[
				-0.07,
				0.935298
			],
			[
				-0.06,
				0.948795
			],
			[
				-0.05,
				0.962292
			],
			[
				-0.04,
				0.975789
			],
			[
				-0.03,
				0.989285
			],
			[
				-0.02,
				1.00278
			],
			[
				-0.01,
				1.01628
			],
			[
				0.0,
				1.02978
			]
		]
	}
}
