{
	"ID": 251,
	"name": "VACODYM_787TP_100C",
	"conductivity": 0.0,
	"relPermeability": 1.0,
	"remanence": 0.0,
	"linear": false,
	"BHCurve": {
		"default": [
			[
				-0.892981,
				0.0
			],
			[
				-0.892005,
				0.00128983
			],
			[
				-0.891005,
				0.0026127
			],
			[
				-0.890005,
				0.00393731
			],
			[
				-0.889005,
				0.00526373
			],
			[
				-0.888005,
				0.00659195
			],
			[
				-0.887005,
				0.00792076
			],
			[
				-0.886005,
				0.00924956
			],
			[
				-0.885005,
				0.0105784
			],
			[
				-0.884005,
				0.0119072
			],
			[
				-0.883005,
				0.013236
			],
			[
				-0.882005,
				0.0145648
			],
			[
				-0.881005,
				0.0158936
			],
			[
				-0.880005,
				0.0172224
			],
			[
				-0.879005,
				0.0185512
			],
			[
				-0.878005,
				0.01988
			],
			[
				-0.877005,
				0.0212088
			],
			[
				-0.876005,
				0.0225376
			],
			[
				-0.875005,
				0.0238664
			],
			[
				-0.874005,
				0.0251952
			],
			[
				-0.873005,
				0.026524
			],
			[
				-0.872005,
				0.0278528
			],
			[
				-0.871005,
				0.0291816
			],
			[
				-0.870005,
				0.0305104
			],
			[
				-0.869005,
				0.0318392
			],
			[
				-0.86,
				0.043805
			],
			[
				-0.85,
				0.057093
			],
			[
				-0.84,
				0.0703811
			],
			[
				-0.83,
				0.0836691
			],
			[
				-0.82,
				0.0969572
			],
			[
				-0.81,
				0.110245
			],
			[
				-0.8,
				0.123533
			],
			[
				-0.79,
				0.136821
			],
			[
				-0.78,
				0.150109
			],
			[
				-0.77,
				0.163397
			],
			[
				-0.76,
				0.176685
			],
			[
				-0.75,
				0.189974
			],
			[
				-0.74,
				0.203262
			],
			[
				-0.73,
				0.21655
			],
			[
				-0.72,
				0.229838
			],
			[
				-0.71,
				0.243126
			],
			[
				-0.7,
				0.256414
			],
			[
				-0.69,
				0.269702
			],
			[
				-0.68,
				0.28299
			],
			[
				-0.67,
				0.296278
			],
			[
				-0.66,
				0.309566
			],
			[
				-0.65,
				0.322854
			],
			[
				-0.64,
				0.336142
			],
			[
				-0.63,
				0.34943
			],
			[
				-0.62,
				0.362718
			],
			[
				-0.61,
				0.376006
			],
			[
				-0.6,
				0.389294
			],
			[
				-0.59,
				0.402582
			],
			[
				-0.58,
				0.41587
			],
			[
				-0.57,
				0.429158
			],
			[
				-0.56,
				0.442447
			],
			[
				-0.55,
				0.455735
			],
			[
				-0.54,
				0.469023
			],
			[
				-0.53,
				0.482311
			],
			[
				-0.52,
				0.495599
			],
			[
				-0.51,
				0.508887
			],
			[
				-0.5,
				0.522175
			],
			[
				-0.49,
				0.535463
			],
			[
				-0.48,
				0.548751
			],
			[
				-0.47,
				0.562039
			],
			[
				-0.46,
				0.575327
			],
			[
				-0.45,
				0.588615
			],
			[
				-0.44,
				0.601903
			],
			[
				-0.43,
				0.615191
			],
			[
				-0.42,
				0.628479
			],
			[
				-0.41,
				0.641767
			],
			[
				-0.4,
				0.655055
			],
			[
				-0.39,
				0.668343
			],
			[
				-0.38,
				0.681631
			],
			[
				-0.37,
				0.694919
			],
			[
				-0.36,
				0.708208
			],
			[
				-0.35,
				0.721496
			],
			[
				-0.34,
				0.734784
			],
			[
				-0.33,
				0.748072
			],
			[
				-0.32,
				0.76136
			],
			[
				-0.31,
				0.774648
			],
			[
				-0.3,
				0.787936
			],
			[
				-0.29,
				0.801224
			],
			[
				-0.28,
				0.814512
			],
			[
				-0.27,
				0.8278
			],
			[
				-0.26,
				0.841088
			],
			[
				-0.25,
				0.854376
			],
			[
				-0.24,
				0.867664
			],
			[
				-0.23,
				0.880952
			],
			[
				-0.22,
				0.89424
			],
			[
				-0.21,
				0.907528
			],
			[
				-0.2,
				0.920816
			],
			[
				-0.19,
				0.934104
			],
			[
				-0.18,
				0.947392
			],
			[
				-0.17,
				0.96068
			],
			[
				-0.16,
				0.973969
			],
			[
				-0.15,
				0.987257
			],
			[
				-0.14,
				1.00054
			],
			[
				-0.13,
				1.01383
			],
			[
				-0.12,
				1.02712
			],
			[
				-0.11,
				1.04041
			],
			[
				-0.1,
				1.0537
			],
			[
				-0.09,
				1.06698
			],
			[
				-0.08,
				1.08027
			],
			[
				-0.07,
				1.09356
			],
			[
				-0.06,
				1.10685
			],
			[
				-0.05,
				1.12014
			],
			[
				-0.04,
				1.13343
			],
			[
				-0.03,
				1.14671
			],
			[
				-0.02,
				1.16
			],
			[
				-0.01,
				1.17329
			],
			[
				0.0,
				1.18658
			]
		]
	}
}
