{
	"ID": 225,
	"name": "VACODYM_776TP_150C",
	"conductivity": 0.0,
	"relPermeability": 0.0,
	"remanence": "no information",
	"linear": false,
	"BHCurve": {
		"default": [
			[
				-0.535211,
				0.0
			],
			[
				-0.534629,
				0.02588
			],
			[
				-0.533629,
				0.0703612
			],
			[
				-0.532629,
				0.114842
			],
			[
				-0.531629,
				0.159324
			],
			[
				-0.530629,
				0.203805
			],
			[
				-0.529629,
				0.248286
			],
			[
				-0.528629,
				0.296841
			],
			[
				-0.527629,
				0.347212
			],
			[
				-0.526629,
				0.372614
			],
			[
				-0.525629,
				0.383588
			],
			[
				-0.524629,
				0.390993
			],
			[
				-0.523629,
				0.397094
			],
			[
				-0.522629,
				0.401939
			],
			[
				-0.521629,
				0.406274
			],
			[
				-0.520629,
				0.410373
			],
			[
				-0.519629,
				0.414192
			],
			[
				-0.518629,
				0.417802
			],
			[
				-0.517629,
				0.421271
			],
			[
				-0.516629,
				0.424672
			],
			[
				-0.515629,
				0.428039
			],
			[
				-0.514629,
				0.431332
			],
			[
				-0.513629,
				0.43451
			],
			[
				-0.512629,
				0.437528
			],
			[
				-0.511629,
				0.440344
			],
			[
				-0.510629,
				0.442977
			],
			[
				-0.509629,
				0.445508
			],
			[
				-0.508629,
				0.447948
			],
			[
				-0.507629,
				0.450303
			],
			[
				-0.506629,
				0.452583
			],
			[
				-0.505629,
				0.454794
			],
			[
				-0.504629,
				0.456947
			],
			[
				-0.503629,
				0.459048
			],
			[
				-0.502629,
				0.461106
			],
			[
				-0.501629,
				0.463129
			],
			[
				-0.500629,
				0.46512
			],
			[
				-0.49962900000000005,
				0.467065
			],
			[
				-0.49862900000000004,
				0.468966
			],
			[
				-0.49762900000000004,
				0.470825
			],
			[
				-0.49662900000000004,
				0.472648
			],
			[
				-0.49562900000000004,
				0.474436
			],
			[
				-0.49462900000000004,
				0.476195
			],
			[
				-0.49362900000000004,
				0.477927
			],
			[
				-0.49262900000000004,
				0.479637
			],
			[
				-0.49162900000000004,
				0.481328
			],
			[
				-0.49062900000000004,
				0.483004
			],
			[
				-0.48962900000000004,
				0.484668
			],
			[
				-0.48862900000000004,
				0.486324
			],
			[
				-0.48762900000000003,
				0.48797
			],
			[
				-0.48662900000000003,
				0.489598
			],
			[
				-0.48562900000000003,
				0.491207
			],
			[
				-0.48462900000000003,
				0.492798
			],
			[
				-0.48362900000000003,
				0.494372
			],
			[
				-0.48262900000000003,
				0.49593
			],
			[
				-0.48162900000000003,
				0.497472
			],
			[
				-0.48062900000000003,
				0.498999
			],
			[
				-0.479629,
				0.500513
			],
			[
				-0.478629,
				0.502013
			],
			[
				-0.477629,
				0.503501
			],
			[
				-0.476629,
				0.504978
			],
			[
				-0.475629,
				0.506444
			],
			[
				-0.474629,
				0.507899
			],
			[
				-0.473629,
				0.509346
			],
			[
				-0.472629,
				0.510784
			],
			[
				-0.471629,
				0.512214
			],
			[
				-0.470629,
				0.513636
			],
			[
				-0.469629,
				0.515049
			],
			[
				-0.468629,
				0.516456
			],
			[
				-0.467629,
				0.517854
			],
			[
				-0.466629,
				0.519246
			],
			[
				-0.465629,
				0.520632
			],
			[
				-0.464629,
				0.522011
			],
			[
				-0.463629,
				0.523384
			],
			[
				-0.462629,
				0.524751
			],
			[
				-0.461629,
				0.526113
			],
			[
				-0.460629,
				0.527469
			],
			[
				-0.459629,
				0.528821
			],
			[
				-0.458629,
				0.530168
			],
			[
				-0.457629,
				0.53151
			],
			[
				-0.456629,
				0.532849
			],
			[
				-0.455629,
				0.534184
			],
			[
				-0.454629,
				0.535515
			],
			[
				-0.453629,
				0.536843
			],
			[
				-0.452629,
				0.538169
			],
			[
				-0.451629,
				0.539492
			],
			[
				-0.450629,
				0.540812
			],
			[
				-0.449629,
				0.542131
			],
			[
				-0.448629,
				0.543448
			],
			[
				-0.447629,
				0.544763
			],
			[
				-0.446629,
				0.546078
			],
			[
				-0.445629,
				0.547391
			],
			[
				-0.444629,
				0.548704
			],
			[
				-0.443629,
				0.550017
			],
			[
				-0.442629,
				0.55133
			],
			[
				-0.441629,
				0.552643
			],
			[
				-0.440629,
				0.553957
			],
			[
				-0.44,
				0.554784
			],
			[
				-0.43,
				0.568039
			],
			[
				-0.42,
				0.581526
			],
			[
				-0.41,
				0.595021
			],
			[
				-0.4,
				0.608517
			],
			[
				-0.39,
				0.622013
			],
			[
				-0.38,
				0.635508
			],
			[
				-0.37,
				0.649004
			],
			[
				-0.36,
				0.662499
			],
			[
				-0.35,
				0.675995
			],
			[
				-0.34,
				0.689491
			],
			[
				-0.33,
				0.702986
			],
			[
				-0.32,
				0.716482
			],
			[
				-0.31,
				0.729977
			],
			[
				-0.3,
				0.743473
			],
			[
				-0.29,
				0.756969
			],
			[
				-0.28,
				0.770464
			],
			[
				-0.27,
				0.78396
			],
			[
				-0.26,
				0.797455
			],
			[
				-0.25,
				0.810951
			],
			[
				-0.24,
				0.824447
			],
			[
				-0.23,
				0.837942
			],
			[
				-0.22,
				0.851438
			],
			[
				-0.21,
				0.864933
			],
			[
				-0.2,
				0.878429
			],
			[
				-0.19,
				0.891925
			],
			[
				-0.18,
				0.90542
			],
			[
				-0.17,
				0.918916
			],
			[
				-0.16,
				0.932411
			],
			[
				-0.15,
				0.945907
			],
			[
				-0.14,
				0.959403
			],
			[
				-0.13,
				0.972898
			],
			[
				-0.12,
				0.986394
			],
			[
				-0.11,
				0.999889
			],
			[
				-0.1,
				1.01338
			],
			[
				-0.09,
				1.02688
			],
			[
				-0.08,
				1.04038
			],
			[
				-0.07,
				1.05387
			],
			[
				-0.06,
				1.06737
			],
			[
				-0.05,
				1.08086
			],
			[
				-0.04,
				1.09436
			],
			[
				-0.03,
				1.10785
			],
			[
				-0.02,
				1.12135
			],
			[
				-0.01,
				1.13485
			],
			[
				0.0,
				1.14834
			]
		]
	}
}
