{
	"ID": 300,
	"name": "VACODYM_863AP_150C",
	"conductivity": 0.0,
	"relPermeability": 1.0,
	"remanence": 0.0,
	"linear": false,
	"BHCurve": {
		"default": [
			[
				-0.733837,
				0.0
			],
			[
				-0.7334360000000001,
				0.0014287
			],
			[
				-0.7324360000000001,
				0.00481308
			],
			[
				-0.7314360000000001,
				0.00805472
			],
			[
				-0.7304360000000001,
				0.0111888
			],
			[
				-0.7294360000000001,
				0.0142505
			],
			[
				-0.7284360000000001,
				0.0172751
			],
			[
				-0.7274360000000001,
				0.0202822
			],
			[
				-0.7264360000000001,
				0.0232511
			],
			[
				-0.7254360000000001,
				0.0261613
			],
			[
				-0.7244360000000001,
				0.0289929
			],
			[
				-0.7234360000000001,
				0.0317258
			],
			[
				-0.7224360000000001,
				0.0343399
			],
			[
				-0.7214360000000001,
				0.0368169
			],
			[
				-0.7204360000000001,
				0.0391996
			],
			[
				-0.7194360000000001,
				0.0415171
			],
			[
				-0.7184360000000001,
				0.0437735
			],
			[
				-0.7174360000000001,
				0.0459733
			],
			[
				-0.7164360000000001,
				0.0481206
			],
			[
				-0.7154360000000001,
				0.0502198
			],
			[
				-0.7144360000000001,
				0.0522751
			],
			[
				-0.7134360000000001,
				0.0542908
			],
			[
				-0.7124360000000001,
				0.0562712
			],
			[
				-0.7114360000000001,
				0.0582206
			],
			[
				-0.7104360000000001,
				0.0601433
			],
			[
				-0.7094360000000001,
				0.0620435
			],
			[
				-0.7084360000000001,
				0.0639255
			],
			[
				-0.7074360000000001,
				0.0657866
			],
			[
				-0.7064360000000001,
				0.0676167
			],
			[
				-0.7054360000000001,
				0.0694174
			],
			[
				-0.7044360000000001,
				0.0711905
			],
			[
				-0.7034360000000001,
				0.0729379
			],
			[
				-0.7024360000000001,
				0.0746616
			],
			[
				-0.7014360000000001,
				0.0763633
			],
			[
				-0.7004360000000001,
				0.078045
			],
			[
				-0.6994360000000001,
				0.0797084
			],
			[
				-0.6984360000000001,
				0.0813555
			],
			[
				-0.6974360000000001,
				0.0829881
			],
			[
				-0.696436,
				0.0846081
			],
			[
				-0.695436,
				0.0862174
			],
			[
				-0.694436,
				0.0878178
			],
			[
				-0.693436,
				0.0894112
			],
			[
				-0.692436,
				0.0909995
			],
			[
				-0.691436,
				0.0925844
			],
			[
				-0.690436,
				0.0941596
			],
			[
				-0.689436,
				0.0957211
			],
			[
				-0.688436,
				0.0972694
			],
			[
				-0.687436,
				0.0988053
			],
			[
				-0.686436,
				0.100329
			],
			[
				-0.685436,
				0.101843
			],
			[
				-0.684436,
				0.103346
			],
			[
				-0.683436,
				0.104839
			],
			[
				-0.682436,
				0.106323
			],
			[
				-0.681436,
				0.1078
			],
			[
				-0.680436,
				0.109269
			],
			[
				-0.679436,
				0.110731
			],
			[
				-0.678436,
				0.112187
			],
			[
				-0.677436,
				0.113638
			],
			[
				-0.676436,
				0.115084
			],
			[
				-0.675436,
				0.116526
			],
			[
				-0.674436,
				0.117965
			],
			[
				-0.673436,
				0.1194
			],
			[
				-0.672436,
				0.120831
			],
			[
				-0.671436,
				0.122257
			],
			[
				-0.670436,
				0.123679
			],
			[
				-0.669436,
				0.125096
			],
			[
				-0.668436,
				0.12651
			],
			[
				-0.667436,
				0.12792
			],
			[
				-0.666436,
				0.129326
			],
			[
				-0.665436,
				0.130729
			],
			[
				-0.664436,
				0.132127
			],
			[
				-0.663436,
				0.133523
			],
			[
				-0.662436,
				0.134915
			],
			[
				-0.661436,
				0.136303
			],
			[
				-0.660436,
				0.137689
			],
			[
				-0.659436,
				0.139071
			],
			[
				-0.658436,
				0.14045
			],
			[
				-0.657436,
				0.141827
			],
			[
				-0.656436,
				0.1432
			],
			[
				-0.655436,
				0.144571
			],
			[
				-0.654436,
				0.14594
			],
			[
				-0.653436,
				0.147306
			],
			[
				-0.652436,
				0.148669
			],
			[
				-0.651436,
				0.15003
			],
			[
				-0.650436,
				0.151389
			],
			[
				-0.649436,
				0.152746
			],
			[
				-0.648436,
				0.154101
			],
			[
				-0.647436,
				0.155454
			],
			[
				-0.646436,
				0.156806
			],
			[
				-0.645436,
				0.158155
			],
			[
				-0.644436,
				0.159503
			],
			[
				-0.643436,
				0.16085
			],
			[
				-0.642436,
				0.162195
			],
			[
				-0.641436,
				0.163539
			],
			[
				-0.640436,
				0.164882
			],
			[
				-0.639436,
				0.166224
			],
			[
				-0.638436,
				0.167564
			],
			[
				-0.637436,
				0.168904
			],
			[
				-0.636436,
				0.170243
			],
			[
				-0.635436,
				0.171582
			],
			[
				-0.634436,
				0.17292
			],
			[
				-0.633436,
				0.174257
			],
			[
				-0.632436,
				0.175594
			],
			[
				-0.631436,
				0.176931
			],
			[
				-0.630436,
				0.178267
			],
			[
				-0.629436,
				0.179604
			],
			[
				-0.628436,
				0.180941
			],
			[
				-0.627436,
				0.182277
			],
			[
				-0.626436,
				0.183614
			],
			[
				-0.625436,
				0.184952
			],
			[
				-0.624436,
				0.186289
			],
			[
				-0.623436,
				0.187628
			],
			[
				-0.622436,
				0.188967
			],
			[
				-0.621436,
				0.190306
			],
			[
				-0.620436,
				0.191647
			],
			[
				-0.619436,
				0.192988
			],
			[
				-0.618436,
				0.194331
			],
			[
				-0.617436,
				0.195675
			],
			[
				-0.616436,
				0.19702
			],
			[
				-0.615436,
				0.198366
			],
			[
				-0.614436,
				0.199714
			],
			[
				-0.613436,
				0.201063
			],
			[
				-0.612436,
				0.202414
			],
			[
				-0.61,
				0.205713
			],
			[
				-0.6,
				0.219327
			],
			[
				-0.59,
				0.232948
			],
			[
				-0.58,
				0.24657
			],
			[
				-0.57,
				0.260191
			],
			[
				-0.56,
				0.273813
			],
			[
				-0.55,
				0.287434
			],
			[
				-0.54,
				0.301055
			],
			[
				-0.53,
				0.314677
			],
			[
				-0.52,
				0.328298
			],
			[
				-0.51,
				0.341919
			],
			[
				-0.5,
				0.355541
			],
			[
				-0.49,
				0.369162
			],
			[
				-0.48,
				0.382784
			],
			[
				-0.47,
				0.396405
			],
			[
				-0.46,
				0.410026
			],
			[
				-0.45,
				0.423648
			],
			[
				-0.44,
				0.437269
			],
			[
				-0.43,
				0.450891
			],
			[
				-0.42,
				0.464512
			],
			[
				-0.41,
				0.478133
			],
			[
				-0.4,
				0.491755
			],
			[
				-0.39,
				0.505376
			],
			[
				-0.38,
				0.518997
			],
			[
				-0.37,
				0.532619
			],
			[
				-0.36,
				0.54624
			],
			[
				-0.35,
				0.559862
			],
			[
				-0.34,
				0.573483
			],
			[
				-0.33,
				0.587104
			],
			[
				-0.32,
				0.600726
			],
			[
				-0.31,
				0.614347
			],
			[
				-0.3,
				0.627968
			],
			[
				-0.29,
				0.64159
			],
			[
				-0.28,
				0.655211
			],
			[
				-0.27,
				0.668833
			],
			[
				-0.26,
				0.682454
			],
			[
				-0.25,
				0.696075
			],
			[
				-0.24,
				0.709697
			],
			[
				-0.23,
				0.723318
			],
			[
				-0.22,
				0.73694
			],
			[
				-0.21,
				0.750561
			],
			[
				-0.2,
				0.764182
			],
			[
				-0.19,
				0.777804
			],
			[
				-0.18,
				0.791425
			],
			[
				-0.17,
				0.805046
			],
			[
				-0.16,
				0.818668
			],
			[
				-0.15,
				0.832289
			],
			[
				-0.14,
				0.845911
			],
			[
				-0.13,
				0.859532
			],
			[
				-0.12,
				0.873153
			],
			[
				-0.11,
				0.886775
			],
			[
				-0.1,
				0.900396
			],
			[
				-0.09,
				0.914018
			],
			[
				-0.08,
				0.927639
			],
			[
				-0.07,
				0.94126
			],
			[
				-0.06,
				0.954882
			],
			[
				-0.05,
				0.968503
			],
			[
				-0.04,
				0.982124
			],
			[
				-0.03,
				0.995746
			],
			[
				-0.02,
				1.00937
			],
			[
				-0.01,
				1.02299
			],
			[
				0.0,
				1.03661
			]
		]
	}
}
