{
	"ID": 270,
	"name": "VACODYM_854AP_100C",
	"conductivity": 0.0,
	"relPermeability": 1.0,
	"remanence": 0.0,
	"linear": false,
	"BHCurve": {
		"default": [
			[
				-0.860906,
				0.0
			],
			[
				-0.8607279999999999,
				0.000237661
			],
			[
				-0.8597279999999999,
				0.00157278
			],
			[
				-0.8587279999999999,
				0.00290627
			],
			[
				-0.8577279999999999,
				0.00423821
			],
			[
				-0.8567279999999999,
				0.00556864
			],
			[
				-0.8557279999999999,
				0.00689763
			],
			[
				-0.8547279999999999,
				0.00822526
			],
			[
				-0.8537279999999999,
				0.00955157
			],
			[
				-0.8527279999999999,
				0.0108766
			],
			[
				-0.8517279999999999,
				0.0122005
			],
			[
				-0.8507279999999999,
				0.0135233
			],
			[
				-0.8497279999999999,
				0.014845
			],
			[
				-0.8487279999999999,
				0.0161657
			],
			[
				-0.8477279999999999,
				0.0174855
			],
			[
				-0.8467279999999999,
				0.0188044
			],
			[
				-0.8457279999999999,
				0.0201225
			],
			[
				-0.8447279999999999,
				0.0214398
			],
			[
				-0.8437279999999999,
				0.0227565
			],
			[
				-0.8427279999999999,
				0.0240726
			],
			[
				-0.8417279999999999,
				0.0253881
			],
			[
				-0.8407279999999999,
				0.0267032
			],
			[
				-0.8397279999999999,
				0.0280178
			],
			[
				-0.8387279999999999,
				0.029332
			],
			[
				-0.8377279999999999,
				0.0306459
			],
			[
				-0.8367279999999999,
				0.0319596
			],
			[
				-0.8357279999999999,
				0.0332732
			],
			[
				-0.8347279999999999,
				0.0345866
			],
			[
				-0.8337279999999999,
				0.0359
			],
			[
				-0.8327279999999999,
				0.0372134
			],
			[
				-0.8317279999999999,
				0.0385268
			],
			[
				-0.8307279999999999,
				0.0398404
			],
			[
				-0.8297279999999999,
				0.0411543
			],
			[
				-0.8287279999999999,
				0.0424683
			],
			[
				-0.8277279999999999,
				0.0437828
			],
			[
				-0.8267279999999999,
				0.0450976
			],
			[
				-0.8257279999999999,
				0.0464128
			],
			[
				-0.8247279999999999,
				0.0477286
			],
			[
				-0.8237279999999999,
				0.049045
			],
			[
				-0.8227279999999999,
				0.050362
			],
			[
				-0.8217279999999999,
				0.0516798
			],
			[
				-0.8207279999999999,
				0.0529983
			],
			[
				-0.8197279999999999,
				0.0543176
			],
			[
				-0.8187279999999999,
				0.0556379
			],
			[
				-0.8177279999999999,
				0.0569591
			],
			[
				-0.8167279999999999,
				0.0582813
			],
			[
				-0.8157279999999999,
				0.0596047
			],
			[
				-0.8147279999999999,
				0.0609292
			],
			[
				-0.813728,
				0.0622549
			],
			[
				-0.812728,
				0.0635818
			],
			[
				-0.811728,
				0.0649101
			],
			[
				-0.810728,
				0.0662399
			],
			[
				-0.809728,
				0.0675711
			],
			[
				-0.808728,
				0.0689038
			],
			[
				-0.807728,
				0.0702381
			],
			[
				-0.806728,
				0.0715741
			],
			[
				-0.805728,
				0.0729118
			],
			[
				-0.804728,
				0.0742513
			],
			[
				-0.803728,
				0.0755924
			],
			[
				-0.802728,
				0.0769338
			],
			[
				-0.801728,
				0.0782752
			],
			[
				-0.800728,
				0.0796166
			],
			[
				-0.799728,
				0.0809579
			],
			[
				-0.798728,
				0.0822993
			],
			[
				-0.797728,
				0.0836407
			],
			[
				-0.796728,
				0.0849821
			],
			[
				-0.795728,
				0.0863235
			],
			[
				-0.794728,
				0.0876649
			],
			[
				-0.793728,
				0.0890062
			],
			[
				-0.79,
				0.0940069
			],
			[
				-0.78,
				0.107421
			],
			[
				-0.77,
				0.120835
			],
			[
				-0.76,
				0.134248
			],
			[
				-0.75,
				0.147662
			],
			[
				-0.74,
				0.161076
			],
			[
				-0.73,
				0.17449
			],
			[
				-0.72,
				0.187904
			],
			[
				-0.71,
				0.201318
			],
			[
				-0.7,
				0.214731
			],
			[
				-0.69,
				0.228145
			],
			[
				-0.68,
				0.241559
			],
			[
				-0.67,
				0.254973
			],
			[
				-0.66,
				0.268387
			],
			[
				-0.65,
				0.281801
			],
			[
				-0.64,
				0.295214
			],
			[
				-0.63,
				0.308628
			],
			[
				-0.62,
				0.322042
			],
			[
				-0.61,
				0.335456
			],
			[
				-0.6,
				0.34887
			],
			[
				-0.59,
				0.362284
			],
			[
				-0.58,
				0.375697
			],
			[
				-0.57,
				0.389111
			],
			[
				-0.56,
				0.402525
			],
			[
				-0.55,
				0.415939
			],
			[
				-0.54,
				0.429353
			],
			[
				-0.53,
				0.442767
			],
			[
				-0.52,
				0.456181
			],
			[
				-0.51,
				0.469594
			],
			[
				-0.5,
				0.483008
			],
			[
				-0.49,
				0.496422
			],
			[
				-0.48,
				0.509836
			],
			[
				-0.47,
				0.52325
			],
			[
				-0.46,
				0.536664
			],
			[
				-0.45,
				0.550077
			],
			[
				-0.44,
				0.563491
			],
			[
				-0.43,
				0.576905
			],
			[
				-0.42,
				0.590319
			],
			[
				-0.41,
				0.603733
			],
			[
				-0.4,
				0.617147
			],
			[
				-0.39,
				0.63056
			],
			[
				-0.38,
				0.643974
			],
			[
				-0.37,
				0.657388
			],
			[
				-0.36,
				0.670802
			],
			[
				-0.35,
				0.684216
			],
			[
				-0.34,
				0.69763
			],
			[
				-0.33,
				0.711043
			],
			[
				-0.32,
				0.724457
			],
			[
				-0.31,
				0.737871
			],
			[
				-0.3,
				0.751285
			],
			[
				-0.29,
				0.764699
			],
			[
				-0.28,
				0.778113
			],
			[
				-0.27,
				0.791526
			],
			[
				-0.26,
				0.80494
			],
			[
				-0.25,
				0.818354
			],
			[
				-0.24,
				0.831768
			],
			[
				-0.23,
				0.845182
			],
			[
				-0.22,
				0.858596
			],
			[
				-0.21,
				0.872009
			],
			[
				-0.2,
				0.885423
			],
			[
				-0.19,
				0.898837
			],
			[
				-0.18,
				0.912251
			],
			[
				-0.17,
				0.925665
			],
			[
				-0.16,
				0.939079
			],
			[
				-0.15,
				0.952492
			],
			[
				-0.14,
				0.965906
			],
			[
				-0.13,
				0.97932
			],
			[
				-0.12,
				0.992734
			],
			[
				-0.11,
				1.00615
			],
			[
				-0.1,
				1.01956
			],
			[
				-0.09,
				1.03298
			],
			[
				-0.08,
				1.04639
			],
			[
				-0.07,
				1.0598
			],
			[
				-0.06,
				1.07322
			],
			[
				-0.05,
				1.08663
			],
			[
				-0.04,
				1.10004
			],
			[
				-0.03,
				1.11346
			],
			[
				-0.02,
				1.12687
			],
			[
				-0.01,
				1.14029
			],
			[
				0.0,
				1.1537
			]
		]
	}
}
