{
	"ID": 299,
	"name": "VACODYM_863AP_120C",
	"conductivity": 0.0,
	"relPermeability": 0.0,
	"remanence": "no information",
	"linear": false,
	"BHCurve": {
		"default": [
			[
				-0.803002,
				0.0
			],
			[
				-0.8,
				0.00405157
			],
			[
				-0.79,
				0.0175484
			],
			[
				-0.78,
				0.0310453
			],
			[
				-0.77,
				0.0445421
			],
			[
				-0.76,
				0.058039
			],
			[
				-0.75,
				0.0715358
			],
			[
				-0.74,
				0.0850327
			],
			[
				-0.73,
				0.0985296
			],
			[
				-0.72,
				0.112026
			],
			[
				-0.71,
				0.125523
			],
			[
				-0.7,
				0.13902
			],
			[
				-0.69,
				0.152517
			],
			[
				-0.68,
				0.166014
			],
			[
				-0.67,
				0.179511
			],
			[
				-0.66,
				0.193008
			],
			[
				-0.65,
				0.206504
			],
			[
				-0.64,
				0.220001
			],
			[
				-0.63,
				0.233498
			],
			[
				-0.62,
				0.246995
			],
			[
				-0.61,
				0.260492
			],
			[
				-0.6,
				0.273989
			],
			[
				-0.59,
				0.287486
			],
			[
				-0.58,
				0.300982
			],
			[
				-0.57,
				0.314479
			],
			[
				-0.56,
				0.327976
			],
			[
				-0.55,
				0.341473
			],
			[
				-0.54,
				0.35497
			],
			[
				-0.53,
				0.368467
			],
			[
				-0.52,
				0.381964
			],
			[
				-0.51,
				0.39546
			],
			[
				-0.5,
				0.408957
			],
			[
				-0.49,
				0.422454
			],
			[
				-0.48,
				0.435951
			],
			[
				-0.47,
				0.449448
			],
			[
				-0.46,
				0.462945
			],
			[
				-0.45,
				0.476442
			],
			[
				-0.44,
				0.489938
			],
			[
				-0.43,
				0.503435
			],
			[
				-0.42,
				0.516932
			],
			[
				-0.41,
				0.530429
			],
			[
				-0.4,
				0.543926
			],
			[
				-0.39,
				0.557423
			],
			[
				-0.38,
				0.570919
			],
			[
				-0.37,
				0.584416
			],
			[
				-0.36,
				0.597913
			],
			[
				-0.35,
				0.61141
			],
			[
				-0.34,
				0.624907
			],
			[
				-0.33,
				0.638404
			],
			[
				-0.32,
				0.651901
			],
			[
				-0.31,
				0.665397
			],
			[
				-0.3,
				0.678894
			],
			[
				-0.29,
				0.692391
			],
			[
				-0.28,
				0.705888
			],
			[
				-0.27,
				0.719385
			],
			[
				-0.26,
				0.732882
			],
			[
				-0.25,
				0.746379
			],
			[
				-0.24,
				0.759875
			],
			[
				-0.23,
				0.773372
			],
			[
				-0.22,
				0.786869
			],
			[
				-0.21,
				0.800366
			],
			[
				-0.2,
				0.813863
			],
			[
				-0.19,
				0.82736
			],
			[
				-0.18,
				0.840857
			],
			[
				-0.17,
				0.854353
			],
			[
				-0.16,
				0.86785
			],
			[
				-0.15,
				0.881347
			],
			[
				-0.14,
				0.894844
			],
			[
				-0.13,
				0.908341
			],
			[
				-0.12,
				0.921838
			],
			[
				-0.11,
				0.935335
			],
			[
				-0.1,
				0.948831
			],
			[
				-0.09,
				0.962328
			],
			[
				-0.08,
				0.975825
			],
			[
				-0.07,
				0.989322
			],
			[
				-0.06,
				1.00282
			],
			[
				-0.05,
				1.01632
			],
			[
				-0.04,
				1.02981
			],
			[
				-0.03,
				1.04331
			],
			[
				-0.02,
				1.05681
			],
			[
				-0.01,
				1.0703
			],
			[
				0.0,
				1.0838
			]
		]
	}
}
