{
	"ID": 239,
	"name": "VACODYM_776_TP_080C",
	"conductivity": 0.0,
	"relPermeability": 1.0,
	"remanence": 0.0,
	"linear": false,
	"BHCurve": {
		"default": [
			[
				-0.947376,
				0.0
			],
			[
				-0.9472569999999999,
				0.000156179
			],
			[
				-0.9462569999999999,
				0.00146864
			],
			[
				-0.9452569999999999,
				0.00278283
			],
			[
				-0.9442569999999999,
				0.0040988
			],
			[
				-0.9432569999999999,
				0.00541661
			],
			[
				-0.9422569999999999,
				0.0067363
			],
			[
				-0.9412569999999999,
				0.0080568
			],
			[
				-0.9402569999999999,
				0.00937731
			],
			[
				-0.9392569999999999,
				0.0106978
			],
			[
				-0.9382569999999999,
				0.0120183
			],
			[
				-0.9372569999999999,
				0.0133388
			],
			[
				-0.9362569999999999,
				0.0146593
			],
			[
				-0.9352569999999999,
				0.0159798
			],
			[
				-0.9342569999999999,
				0.0173003
			],
			[
				-0.933257,
				0.0186208
			],
			[
				-0.932257,
				0.0199413
			],
			[
				-0.931257,
				0.0212618
			],
			[
				-0.930257,
				0.0225823
			],
			[
				-0.929257,
				0.0239028
			],
			[
				-0.928257,
				0.0252233
			],
			[
				-0.927257,
				0.0265438
			],
			[
				-0.926257,
				0.0278644
			],
			[
				-0.925257,
				0.0291849
			],
			[
				-0.924257,
				0.0305054
			],
			[
				-0.923257,
				0.0318259
			],
			[
				-0.922257,
				0.0331464
			],
			[
				-0.921257,
				0.0344669
			],
			[
				-0.920257,
				0.0357874
			],
			[
				-0.919257,
				0.0371079
			],
			[
				-0.918257,
				0.0384284
			],
			[
				-0.917257,
				0.0397489
			],
			[
				-0.916257,
				0.0410694
			],
			[
				-0.915257,
				0.0423899
			],
			[
				-0.914257,
				0.0437104
			],
			[
				-0.913257,
				0.0450309
			],
			[
				-0.912257,
				0.0463514
			],
			[
				-0.911257,
				0.0476719
			],
			[
				-0.910257,
				0.0489924
			],
			[
				-0.909257,
				0.0503129
			],
			[
				-0.908257,
				0.0516334
			],
			[
				-0.907257,
				0.0529539
			],
			[
				-0.906257,
				0.0542744
			],
			[
				-0.905257,
				0.0555949
			],
			[
				-0.904257,
				0.0569154
			],
			[
				-0.903257,
				0.0582359
			],
			[
				-0.902257,
				0.0595564
			],
			[
				-0.901257,
				0.0608769
			],
			[
				-0.900257,
				0.0621974
			],
			[
				-0.899257,
				0.0635179
			],
			[
				-0.898257,
				0.0648384
			],
			[
				-0.897257,
				0.0661589
			],
			[
				-0.896257,
				0.0674794
			],
			[
				-0.895257,
				0.0687999
			],
			[
				-0.894257,
				0.0701205
			],
			[
				-0.893257,
				0.071441
			],
			[
				-0.892257,
				0.0727615
			],
			[
				-0.891257,
				0.074082
			],
			[
				-0.890257,
				0.0754025
			],
			[
				-0.889257,
				0.076723
			],
			[
				-0.888257,
				0.0780435
			],
			[
				-0.887257,
				0.079364
			],
			[
				-0.886257,
				0.0806845
			],
			[
				-0.885257,
				0.082005
			],
			[
				-0.884257,
				0.0833255
			],
			[
				-0.883257,
				0.084646
			],
			[
				-0.882257,
				0.0859665
			],
			[
				-0.881257,
				0.087287
			],
			[
				-0.880257,
				0.0886075
			],
			[
				-0.879257,
				0.089928
			],
			[
				-0.878257,
				0.0912485
			],
			[
				-0.877257,
				0.092569
			],
			[
				-0.876257,
				0.0938895
			],
			[
				-0.875257,
				0.09521
			],
			[
				-0.874257,
				0.0965305
			],
			[
				-0.873257,
				0.097851
			],
			[
				-0.872257,
				0.0991715
			],
			[
				-0.871257,
				0.100492
			],
			[
				-0.870257,
				0.101813
			],
			[
				-0.869257,
				0.103133
			],
			[
				-0.868257,
				0.104454
			],
			[
				-0.867257,
				0.105774
			],
			[
				-0.8662569999999999,
				0.107095
			],
			[
				-0.8652569999999999,
				0.108415
			],
			[
				-0.8642569999999999,
				0.109736
			],
			[
				-0.8632569999999999,
				0.111056
			],
			[
				-0.8622569999999999,
				0.112377
			],
			[
				-0.8612569999999999,
				0.113697
			],
			[
				-0.8602569999999999,
				0.115018
			],
			[
				-0.8592569999999999,
				0.116338
			],
			[
				-0.8582569999999999,
				0.117659
			],
			[
				-0.8572569999999999,
				0.118979
			],
			[
				-0.8562569999999999,
				0.1203
			],
			[
				-0.8552569999999999,
				0.12162
			],
			[
				-0.8542569999999999,
				0.122941
			],
			[
				-0.8532569999999999,
				0.124261
			],
			[
				-0.8522569999999999,
				0.125582
			],
			[
				-0.8512569999999999,
				0.126902
			],
			[
				-0.8502569999999999,
				0.128223
			],
			[
				-0.8492569999999999,
				0.129543
			],
			[
				-0.8482569999999999,
				0.130864
			],
			[
				-0.8472569999999999,
				0.132184
			],
			[
				-0.8462569999999999,
				0.133505
			],
			[
				-0.8452569999999999,
				0.134825
			],
			[
				-0.8442569999999999,
				0.136146
			],
			[
				-0.8432569999999999,
				0.137466
			],
			[
				-0.8422569999999999,
				0.138787
			],
			[
				-0.8412569999999999,
				0.140107
			],
			[
				-0.8402569999999999,
				0.141428
			],
			[
				-0.8392569999999999,
				0.142748
			],
			[
				-0.8382569999999999,
				0.144069
			],
			[
				-0.8372569999999999,
				0.145389
			],
			[
				-0.8362569999999999,
				0.14671
			],
			[
				-0.8352569999999999,
				0.14803
			],
			[
				-0.8342569999999999,
				0.149351
			],
			[
				-0.8332569999999999,
				0.150671
			],
			[
				-0.8322569999999999,
				0.151992
			],
			[
				-0.8312569999999999,
				0.153312
			],
			[
				-0.8302569999999999,
				0.154633
			],
			[
				-0.8292569999999999,
				0.155953
			],
			[
				-0.8282569999999999,
				0.157274
			],
			[
				-0.8272569999999999,
				0.158594
			],
			[
				-0.8262569999999999,
				0.159915
			],
			[
				-0.8252569999999999,
				0.161235
			],
			[
				-0.8242569999999999,
				0.162556
			],
			[
				-0.8232569999999999,
				0.163876
			],
			[
				-0.8222569999999999,
				0.165197
			],
			[
				-0.8212569999999999,
				0.166517
			],
			[
				-0.8202569999999999,
				0.167838
			],
			[
				-0.8192569999999999,
				0.169158
			],
			[
				-0.8182569999999999,
				0.170479
			],
			[
				-0.8172569999999999,
				0.171799
			],
			[
				-0.8162569999999999,
				0.17312
			],
			[
				-0.8152569999999999,
				0.17444
			],
			[
				-0.8142569999999999,
				0.175761
			],
			[
				-0.8132569999999999,
				0.177081
			],
			[
				-0.8122569999999999,
				0.178402
			],
			[
				-0.8112569999999999,
				0.179722
			],
			[
				-0.8102569999999999,
				0.181043
			],
			[
				-0.8092569999999999,
				0.182363
			],
			[
				-0.808257,
				0.183684
			],
			[
				-0.807257,
				0.185004
			],
			[
				-0.806257,
				0.186325
			],
			[
				-0.805257,
				0.187645
			],
			[
				-0.804257,
				0.188966
			],
			[
				-0.803257,
				0.190286
			],
			[
				-0.802257,
				0.191607
			],
			[
				-0.8,
				0.194587
			],
			[
				-0.795,
				0.201189
			],
			[
				-0.79,
				0.207792
			],
			[
				-0.785,
				0.214394
			],
			[
				-0.78,
				0.220997
			],
			[
				-0.775,
				0.2276
			],
			[
				-0.77,
				0.234202
			],
			[
				-0.765,
				0.240805
			],
			[
				-0.76,
				0.247407
			],
			[
				-0.755,
				0.25401
			],
			[
				-0.75,
				0.260612
			],
			[
				-0.745,
				0.267215
			],
			[
				-0.74,
				0.273817
			],
			[
				-0.735,
				0.28042
			],
			[
				-0.73,
				0.287022
			],
			[
				-0.725,
				0.293625
			],
			[
				-0.72,
				0.300227
			],
			[
				-0.715,
				0.30683
			],
			[
				-0.71,
				0.313432
			],
			[
				-0.705,
				0.320035
			],
			[
				-0.7,
				0.326637
			],
			[
				-0.695,
				0.33324
			],
			[
				-0.69,
				0.339842
			],
			[
				-0.685,
				0.346445
			],
			[
				-0.68,
				0.353047
			],
			[
				-0.675,
				0.35965
			],
			[
				-0.67,
				0.366252
			],
			[
				-0.665,
				0.372855
			],
			[
				-0.66,
				0.379457
			],
			[
				-0.655,
				0.38606
			],
			[
				-0.65,
				0.392662
			],
			[
				-0.645,
				0.399265
			],
			[
				-0.64,
				0.405867
			],
			[
				-0.635,
				0.41247
			],
			[
				-0.63,
				0.419072
			],
			[
				-0.625,
				0.425675
			],
			[
				-0.62,
				0.432278
			],
			[
				-0.615,
