{
	"ID": 181,
	"name": "VACODYM_677TP_180C",
	"conductivity": 0.0,
	"relPermeability": 1.0,
	"remanence": 0.0,
	"linear": false,
	"BHCurve": {
		"default": [
			[
				-0.644295,
				0.0
			],
			[
				-0.6434679999999999,
				0.0323607
			],
			[
				-0.6424679999999999,
				0.0499234
			],
			[
				-0.6414679999999999,
				0.0594621
			],
			[
				-0.6404679999999999,
				0.0662468
			],
			[
				-0.6394679999999999,
				0.0720433
			],
			[
				-0.6384679999999999,
				0.0768353
			],
			[
				-0.6374679999999999,
				0.0809534
			],
			[
				-0.6364679999999999,
				0.0848776
			],
			[
				-0.6354679999999999,
				0.0886
			],
			[
				-0.6344679999999999,
				0.092115
			],
			[
				-0.6334679999999999,
				0.0954676
			],
			[
				-0.6324679999999999,
				0.0987031
			],
			[
				-0.6314679999999999,
				0.101867
			],
			[
				-0.6304679999999999,
				0.105001
			],
			[
				-0.6294679999999999,
				0.108104
			],
			[
				-0.6284679999999999,
				0.111148
			],
			[
				-0.6274679999999999,
				0.114105
			],
			[
				-0.6264679999999999,
				0.11695
			],
			[
				-0.6254679999999999,
				0.119657
			],
			[
				-0.6244679999999999,
				0.122203
			],
			[
				-0.6234679999999999,
				0.124647
			],
			[
				-0.6224679999999999,
				0.127015
			],
			[
				-0.6214679999999999,
				0.129314
			],
			[
				-0.6204679999999999,
				0.131549
			],
			[
				-0.6194679999999999,
				0.133726
			],
			[
				-0.6184679999999999,
				0.135849
			],
			[
				-0.6174679999999999,
				0.137925
			],
			[
				-0.616468,
				0.139958
			],
			[
				-0.615468,
				0.141954
			],
			[
				-0.614468,
				0.143919
			],
			[
				-0.613468,
				0.145858
			],
			[
				-0.612468,
				0.147775
			],
			[
				-0.611468,
				0.149663
			],
			[
				-0.610468,
				0.151514
			],
			[
				-0.609468,
				0.153333
			],
			[
				-0.608468,
				0.155121
			],
			[
				-0.607468,
				0.156881
			],
			[
				-0.606468,
				0.158614
			],
			[
				-0.605468,
				0.160324
			],
			[
				-0.604468,
				0.162013
			],
			[
				-0.603468,
				0.163683
			],
			[
				-0.602468,
				0.165337
			],
			[
				-0.601468,
				0.166977
			],
			[
				-0.600468,
				0.168604
			],
			[
				-0.599468,
				0.170223
			],
			[
				-0.598468,
				0.171835
			],
			[
				-0.597468,
				0.173442
			],
			[
				-0.596468,
				0.175039
			],
			[
				-0.595468,
				0.176621
			],
			[
				-0.594468,
				0.178188
			],
			[
				-0.593468,
				0.179741
			],
			[
				-0.592468,
				0.18128
			],
			[
				-0.591468,
				0.182807
			],
			[
				-0.590468,
				0.184322
			],
			[
				-0.589468,
				0.185826
			],
			[
				-0.588468,
				0.18732
			],
			[
				-0.587468,
				0.188805
			],
			[
				-0.586468,
				0.190281
			],
			[
				-0.585468,
				0.191749
			],
			[
				-0.584468,
				0.193211
			],
			[
				-0.583468,
				0.194667
			],
			[
				-0.582468,
				0.196117
			],
			[
				-0.581468,
				0.197562
			],
			[
				-0.580468,
				0.199002
			],
			[
				-0.579468,
				0.200436
			],
			[
				-0.578468,
				0.201865
			],
			[
				-0.577468,
				0.203288
			],
			[
				-0.576468,
				0.204706
			],
			[
				-0.575468,
				0.20612
			],
			[
				-0.574468,
				0.207528
			],
			[
				-0.573468,
				0.208932
			],
			[
				-0.572468,
				0.210331
			],
			[
				-0.571468,
				0.211726
			],
			[
				-0.570468,
				0.213117
			],
			[
				-0.569468,
				0.214503
			],
			[
				-0.568468,
				0.215886
			],
			[
				-0.567468,
				0.217265
			],
			[
				-0.566468,
				0.21864
			],
			[
				-0.565468,
				0.220012
			],
			[
				-0.564468,
				0.22138
			],
			[
				-0.563468,
				0.222746
			],
			[
				-0.562468,
				0.224108
			],
			[
				-0.561468,
				0.225468
			],
			[
				-0.560468,
				0.226824
			],
			[
				-0.559468,
				0.228178
			],
			[
				-0.558468,
				0.22953
			],
			[
				-0.557468,
				0.23088
			],
			[
				-0.556468,
				0.232227
			],
			[
				-0.555468,
				0.233572
			],
			[
				-0.554468,
				0.234916
			],
			[
				-0.553468,
				0.236258
			],
			[
				-0.552468,
				0.237598
			],
			[
				-0.551468,
				0.238937
			],
			[
				-0.550468,
				0.240275
			],
			[
				-0.549468,
				0.241612
			],
			[
				-0.548468,
				0.242948
			],
			[
				-0.547468,
				0.244283
			],
			[
				-0.546468,
				0.245618
			],
			[
				-0.545468,
				0.246952
			],
			[
				-0.544468,
				0.248286
			],
			[
				-0.543468,
				0.249619
			],
			[
				-0.542468,
				0.250953
			],
			[
				-0.541468,
				0.252287
			],
			[
				-0.540468,
				0.253621
			],
			[
				-0.539468,
				0.254955
			],
			[
				-0.538468,
				0.25629
			],
			[
				-0.537468,
				0.257626
			],
			[
				-0.536468,
				0.258963
			],
			[
				-0.5354679999999999,
				0.260301
			],
			[
				-0.5344679999999999,
				0.26164
			],
			[
				-0.5334679999999999,
				0.26298
			],
			[
				-0.53,
				0.267642
			],
			[
				-0.52,
				0.281216
			],
			[
				-0.51,
				0.294836
			],
			[
				-0.5,
				0.308456
			],
			[
				-0.49,
				0.322076
			],
			[
				-0.48,
				0.335696
			],
			[
				-0.47,
				0.349316
			],
			[
				-0.46,
				0.362936
			],
			[
				-0.45,
				0.376556
			],
			[
				-0.44,
				0.390177
			],
			[
				-0.43,
				0.403797
			],
			[
				-0.42,
				0.417417
			],
			[
				-0.41,
				0.431037
			],
			[
				-0.4,
				0.444657
			],
			[
				-0.39,
				0.458277
			],
			[
				-0.38,
				0.471897
			],
			[
				-0.37,
				0.485517
			],
			[
				-0.36,
				0.499138
			],
			[
				-0.35,
				0.512758
			],
			[
				-0.34,
				0.526378
			],
			[
				-0.33,
				0.539998
			],
			[
				-0.32,
				0.553618
			],
			[
				-0.31,
				0.567238
			],
			[
				-0.3,
				0.580858
			],
			[
				-0.29,
				0.594478
			],
			[
				-0.28,
				0.608099
			],
			[
				-0.27,
				0.621719
			],
			[
				-0.26,
				0.635339
			],
			[
				-0.25,
				0.648959
			],
			[
				-0.24,
				0.662579
			],
			[
				-0.23,
				0.676199
			],
			[
				-0.22,
				0.689819
			],
			[
				-0.21,
				0.703439
			],
			[
				-0.2,
				0.71706
			],
			[
				-0.19,
				0.73068
			],
			[
				-0.18,
				0.7443
			],
			[
				-0.17,
				0.75792
			],
			[
				-0.16,
				0.77154
			],
			[
				-0.15,
				0.78516
			],
			[
				-0.14,
				0.79878
			],
			[
				-0.13,
				0.812401
			],
			[
				-0.12,
				0.826021
			],
			[
				-0.11,
				0.839641
			],
			[
				-0.1,
				0.853261
			],
			[
				-0.09,
				0.866881
			],
			[
				-0.08,
				0.880501
			],
			[
				-0.07,
				0.894121
			],
			[
				-0.06,
				0.907741
			],
			[
				-0.05,
				0.921362
			],
			[
				-0.04,
				0.934982
			],
			[
				-0.03,
				0.948602
			],
			[
				-0.02,
				0.962222
			],
			[
				-0.01,
				0.975842
			],
			[
				0.0,
				0.989462
			]
		]
	}
}
