{
	"ID": 232,
	"name": "VACODYM_776_AP_080C",
	"conductivity": 0.0,
	"relPermeability": 1.0,
	"remanence": 0.0,
	"linear": false,
	"BHCurve": {
		"default": [
			[
				-0.896288,
				0.0
			],
			[
				-0.896138,
				0.000199833
			],
			[
				-0.895138,
				0.00153292
			],
			[
				-0.894138,
				0.002866
			],
			[
				-0.893138,
				0.00419908
			],
			[
				-0.892138,
				0.00553216
			],
			[
				-0.891138,
				0.00686524
			],
			[
				-0.890138,
				0.00819832
			],
			[
				-0.889138,
				0.00953141
			],
			[
				-0.888138,
				0.0108645
			],
			[
				-0.887138,
				0.0121976
			],
			[
				-0.886138,
				0.0135307
			],
			[
				-0.885138,
				0.0148637
			],
			[
				-0.884138,
				0.0161968
			],
			[
				-0.883138,
				0.0175299
			],
			[
				-0.8821380000000001,
				0.018863
			],
			[
				-0.8811380000000001,
				0.0201961
			],
			[
				-0.8801380000000001,
				0.0215291
			],
			[
				-0.8791380000000001,
				0.0228622
			],
			[
				-0.8781380000000001,
				0.0241953
			],
			[
				-0.8771380000000001,
				0.0255284
			],
			[
				-0.8761380000000001,
				0.0268615
			],
			[
				-0.8751380000000001,
				0.0281946
			],
			[
				-0.8741380000000001,
				0.0295276
			],
			[
				-0.8731380000000001,
				0.0308607
			],
			[
				-0.8721380000000001,
				0.0321938
			],
			[
				-0.8711380000000001,
				0.0335269
			],
			[
				-0.8701380000000001,
				0.03486
			],
			[
				-0.8691380000000001,
				0.036193
			],
			[
				-0.8681380000000001,
				0.0375261
			],
			[
				-0.8671380000000001,
				0.0388592
			],
			[
				-0.8661380000000001,
				0.0401923
			],
			[
				-0.8651380000000001,
				0.0415254
			],
			[
				-0.8641380000000001,
				0.0428584
			],
			[
				-0.8631380000000001,
				0.0441915
			],
			[
				-0.8621380000000001,
				0.0455246
			],
			[
				-0.8611380000000001,
				0.0468577
			],
			[
				-0.8601380000000001,
				0.0481908
			],
			[
				-0.8591380000000001,
				0.0495239
			],
			[
				-0.8581380000000001,
				0.0508569
			],
			[
				-0.8571380000000001,
				0.05219
			],
			[
				-0.8561380000000001,
				0.0535231
			],
			[
				-0.8551380000000001,
				0.0548562
			],
			[
				-0.8541380000000001,
				0.0561893
			],
			[
				-0.8531380000000001,
				0.0575223
			],
			[
				-0.8521380000000001,
				0.0588554
			],
			[
				-0.8511380000000001,
				0.0601885
			],
			[
				-0.8501380000000001,
				0.0615216
			],
			[
				-0.8491380000000001,
				0.0628547
			],
			[
				-0.8481380000000001,
				0.0641878
			],
			[
				-0.8471380000000001,
				0.0655208
			],
			[
				-0.8461380000000001,
				0.0668539
			],
			[
				-0.8451380000000001,
				0.068187
			],
			[
				-0.844138,
				0.0695201
			],
			[
				-0.843138,
				0.0708532
			],
			[
				-0.842138,
				0.0721862
			],
			[
				-0.841138,
				0.0735193
			],
			[
				-0.840138,
				0.0748524
			],
			[
				-0.839138,
				0.0761855
			],
			[
				-0.838138,
				0.0775186
			],
			[
				-0.837138,
				0.0788517
			],
			[
				-0.835,
				0.0817013
			],
			[
				-0.83,
				0.0883667
			],
			[
				-0.825,
				0.0950321
			],
			[
				-0.82,
				0.101697
			],
			[
				-0.815,
				0.108363
			],
			[
				-0.81,
				0.115028
			],
			[
				-0.805,
				0.121694
			],
			[
				-0.8,
				0.128359
			],
			[
				-0.795,
				0.135025
			],
			[
				-0.79,
				0.14169
			],
			[
				-0.785,
				0.148355
			],
			[
				-0.78,
				0.155021
			],
			[
				-0.775,
				0.161686
			],
			[
				-0.77,
				0.168352
			],
			[
				-0.765,
				0.175017
			],
			[
				-0.76,
				0.181682
			],
			[
				-0.755,
				0.188348
			],
			[
				-0.75,
				0.195013
			],
			[
				-0.745,
				0.201679
			],
			[
				-0.74,
				0.208344
			],
			[
				-0.735,
				0.215009
			],
			[
				-0.73,
				0.221675
			],
			[
				-0.725,
				0.22834
			],
			[
				-0.72,
				0.235006
			],
			[
				-0.715,
				0.241671
			],
			[
				-0.71,
				0.248336
			],
			[
				-0.705,
				0.255002
			],
			[
				-0.7,
				0.261667
			],
			[
				-0.695,
				0.268333
			],
			[
				-0.69,
				0.274998
			],
			[
				-0.685,
				0.281664
			],
			[
				-0.68,
				0.288329
			],
			[
				-0.675,
				0.294994
			],
			[
				-0.67,
				0.30166
			],
			[
				-0.665,
				0.308325
			],
			[
				-0.66,
				0.314991
			],
			[
				-0.655,
				0.321656
			],
			[
				-0.65,
				0.328321
			],
			[
				-0.645,
				0.334987
			],
			[
				-0.64,
				0.341652
			],
			[
				-0.635,
				0.348318
			],
			[
				-0.63,
				0.354983
			],
			[
				-0.625,
				0.361648
			],
			[
				-0.62,
				0.368314
			],
			[
				-0.615,
				0.374979
			],
			[
				-0.61,
				0.381645
			],
			[
				-0.605,
				0.38831
			],
			[
				-0.6,
				0.394975
			],
			[
				-0.595,
				0.401641
			],
			[
				-0.59,
				0.408306
			],
			[
				-0.585,
				0.414972
			],
			[
				-0.58,
				0.421637
			],
			[
				-0.575,
				0.428303
			],
			[
				-0.57,
				0.434968
			],
			[
				-0.565,
				0.441633
			],
			[
				-0.56,
				0.448299
			],
			[
				-0.555,
				0.454964
			],
			[
				-0.55,
				0.46163
			],
			[
				-0.545,
				0.468295
			],
			[
				-0.54,
				0.47496
			],
			[
				-0.535,
				0.481626
			],
			[
				-0.53,
				0.488291
			],
			[
				-0.525,
				0.494957
			],
			[
				-0.52,
				0.501622
			],
			[
				-0.515,
				0.508287
			],
			[
				-0.51,
				0.514953
			],
			[
				-0.505,
				0.521618
			],
			[
				-0.5,
				0.528284
			],
			[
				-0.495,
				0.534949
			],
			[
				-0.49,
				0.541614
			],
			[
				-0.485,
				0.54828
			],
			[
				-0.48,
				0.554945
			],
			[
				-0.475,
				0.561611
			],
			[
				-0.47,
				0.568276
			],
			[
				-0.465,
				0.574942
			],
			[
				-0.46,
				0.581607
			],
			[
				-0.455,
				0.588272
			],
			[
				-0.45,
				0.594938
			],
			[
				-0.445,
				0.601603
			],
			[
				-0.44,
				0.608269
			],
			[
				-0.435,
				0.614934
			],
			[
				-0.43,
				0.621599
			],
			[
				-0.425,
				0.628265
			],
			[
				-0.42,
				0.63493
			],
			[
				-0.415,
				0.641596
			],
			[
				-0.41,
				0.648261
			],
			[
				-0.405,
				0.654926
			],
			[
				-0.4,
				0.661592
			],
			[
				-0.395,
				0.668257
			],
			[
				-0.39,
				0.674923
			],
			[
				-0.385,
				0.681588
			],
			[
				-0.38,
				0.688253
			],
			[
				-0.375,
				0.694919
			],
			[
				-0.37,
				0.701584
			],
			[
				-0.365,
				0.70825
			],
			[
				-0.36,
				0.714915
			],
			[
				-0.355,
				0.721581
			],
			[
				-0.35,
				0.728246
			],
			[
				-0.345,
				0.734911
			],
			[
				-0.34,
				0.741577
			],
			[
				-0.335,
				0.748242
			],
			[
				-0.33,
				0.754908
			],
			[
				-0.325,
				0.761573
			],
			[
				-0.32,
				0.768238
			],
			[
				-0.315,
				0.774904
			],
			[
				-0.31,
				0.781569
			],
			[
				-0.305,
				0.788235
			],
			[
				-0.3,
				0.7949
			],
			[
				-0.295,
				0.801565
			],
			[
				-0.29,
				0.808231
			],
			[
				-0.285,
				0.814896
			],
			[
				-0.28,
				0.821562
			],
			[
				-0.275,
				0.828227
			],
			[
				-0.27,
				0.834892
			],
			[
				-0.265,
				0.841558
			],
			[
				-0.26,
				0.848223
			],
			[
				-0.255,
				0.854889
			],
			[
				-0.25,
				0.861554
			],
			[
				-0.245,
				0.86822
			],
			[
				-0.24,
				0.874885
			],
			[
				-0.235,
				0.88155
			],
			[
				-0.23,
				0.888216
			],
			[
				-0.225,
				0.894881
			],
			[
				-0.22,
				0.901547
			],
			[
				-0.215,
				0.908212
			],
			[
				-0.21,
				0.914877
			],
			[
				-0.205,
				0.921543
			],
			[
				-0.2,
				0.928208
			],
			[
				-0.195,
				0.934874
			],
			[
				-0.19,
				0.941539
			],
			[
				-0.185,
				0.948204
			],
			[
				-0.18,
				0.95487
			],
			[
				-0.175,
				0.961535
			],
			[
				-0.17,
				0.968201
			],
			[
				-0.165,
				0.974866
			],
			[
				-0.16,
				0.981531
			],
			[
				-0.155,
				0.988197
			],
			[
				-0.15,
				0.994862
			],
			[
				-0.145,
				1.00153
			],
			[
				-0.14,
				1.00819
			],
			[
				-0.135,
				1.01486
			],
			[
				-0.13,
				1.02152
			],
			[
