{
	"ID": 193,
	"name": "VACODYM_688AP_60C",
	"conductivity": 0.0,
	"relPermeability": 0.0,
	"remanence": "no information",
	"linear": false,
	"BHCurve": {
		"default": [
			[
				-0.792586,
				0.0
			],
			[
				-0.79,
				0.00342613
			],
			[
				-0.78,
				0.0166739
			],
			[
				-0.77,
				0.0299217
			],
			[
				-0.76,
				0.0431695
			],
			[
				-0.75,
				0.0564173
			],
			[
				-0.74,
				0.0696651
			],
			[
				-0.73,
				0.0829129
			],
			[
				-0.72,
				0.0961607
			],
			[
				-0.71,
				0.109409
			],
			[
				-0.7,
				0.122656
			],
			[
				-0.69,
				0.135904
			],
			[
				-0.68,
				0.149152
			],
			[
				-0.67,
				0.1624
			],
			[
				-0.66,
				0.175648
			],
			[
				-0.65,
				0.188895
			],
			[
				-0.64,
				0.202143
			],
			[
				-0.63,
				0.215391
			],
			[
				-0.62,
				0.228639
			],
			[
				-0.61,
				0.241887
			],
			[
				-0.6,
				0.255134
			],
			[
				-0.59,
				0.268382
			],
			[
				-0.58,
				0.28163
			],
			[
				-0.57,
				0.294878
			],
			[
				-0.56,
				0.308126
			],
			[
				-0.55,
				0.321373
			],
			[
				-0.54,
				0.334621
			],
			[
				-0.53,
				0.347869
			],
			[
				-0.52,
				0.361117
			],
			[
				-0.51,
				0.374364
			],
			[
				-0.5,
				0.387612
			],
			[
				-0.49,
				0.40086
			],
			[
				-0.48,
				0.414108
			],
			[
				-0.47,
				0.427356
			],
			[
				-0.46,
				0.440603
			],
			[
				-0.45,
				0.453851
			],
			[
				-0.44,
				0.467099
			],
			[
				-0.43,
				0.480347
			],
			[
				-0.42,
				0.493595
			],
			[
				-0.41,
				0.506842
			],
			[
				-0.4,
				0.52009
			],
			[
				-0.39,
				0.533338
			],
			[
				-0.38,
				0.546586
			],
			[
				-0.37,
				0.559834
			],
			[
				-0.36,
				0.573081
			],
			[
				-0.35,
				0.586329
			],
			[
				-0.34,
				0.599577
			],
			[
				-0.33,
				0.612825
			],
			[
				-0.32,
				0.626073
			],
			[
				-0.31,
				0.63932
			],
			[
				-0.3,
				0.652568
			],
			[
				-0.29,
				0.665816
			],
			[
				-0.28,
				0.679064
			],
			[
				-0.27,
				0.692312
			],
			[
				-0.26,
				0.705559
			],
			[
				-0.25,
				0.718807
			],
			[
				-0.24,
				0.732055
			],
			[
				-0.23,
				0.745303
			],
			[
				-0.22,
				0.758551
			],
			[
				-0.21,
				0.771798
			],
			[
				-0.2,
				0.785046
			],
			[
				-0.19,
				0.798294
			],
			[
				-0.18,
				0.811542
			],
			[
				-0.17,
				0.82479
			],
			[
				-0.16,
				0.838037
			],
			[
				-0.15,
				0.851285
			],
			[
				-0.14,
				0.864533
			],
			[
				-0.13,
				0.877781
			],
			[
				-0.12,
				0.891029
			],
			[
				-0.11,
				0.904276
			],
			[
				-0.1,
				0.917524
			],
			[
				-0.09,
				0.930772
			],
			[
				-0.08,
				0.94402
			],
			[
				-0.07,
				0.957268
			],
			[
				-0.06,
				0.970515
			],
			[
				-0.05,
				0.983763
			],
			[
				-0.04,
				0.997011
			],
			[
				-0.03,
				1.01026
			],
			[
				-0.02,
				1.02351
			],
			[
				-0.01,
				1.03675
			],
			[
				0.0,
				1.05
			]
		]
	}
}
