{
	"ID": 116,
	"name": "VACODYM_3625_20C",
	"conductivity": 0.0,
	"relPermeability": 0.0,
	"remanence": "no information",
	"linear": false,
	"BHCurve": {
		"default": [
			[
				-0.924936,
				0.0
			],
			[
				-0.92,
				0.00645748
			],
			[
				-0.91,
				0.0195392
			],
			[
				-0.9,
				0.032621
			],
			[
				-0.89,
				0.0457028
			],
			[
				-0.88,
				0.0587845
			],
			[
				-0.87,
				0.0718663
			],
			[
				-0.86,
				0.084948
			],
			[
				-0.85,
				0.0980298
			],
			[
				-0.84,
				0.111112
			],
			[
				-0.83,
				0.124193
			],
			[
				-0.82,
				0.137275
			],
			[
				-0.81,
				0.150357
			],
			[
				-0.8,
				0.163439
			],
			[
				-0.79,
				0.17652
			],
			[
				-0.78,
				0.189602
			],
			[
				-0.77,
				0.202684
			],
			[
				-0.76,
				0.215766
			],
			[
				-0.75,
				0.228847
			],
			[
				-0.74,
				0.241929
			],
			[
				-0.73,
				0.255011
			],
			[
				-0.72,
				0.268093
			],
			[
				-0.71,
				0.281174
			],
			[
				-0.7,
				0.294256
			],
			[
				-0.69,
				0.307338
			],
			[
				-0.68,
				0.32042
			],
			[
				-0.67,
				0.333502
			],
			[
				-0.66,
				0.346583
			],
			[
				-0.65,
				0.359665
			],
			[
				-0.64,
				0.372747
			],
			[
				-0.63,
				0.385829
			],
			[
				-0.62,
				0.39891
			],
			[
				-0.61,
				0.411992
			],
			[
				-0.6,
				0.425074
			],
			[
				-0.59,
				0.438156
			],
			[
				-0.58,
				0.451237
			],
			[
				-0.57,
				0.464319
			],
			[
				-0.56,
				0.477401
			],
			[
				-0.55,
				0.490483
			],
			[
				-0.54,
				0.503564
			],
			[
				-0.53,
				0.516646
			],
			[
				-0.52,
				0.529728
			],
			[
				-0.51,
				0.54281
			],
			[
				-0.5,
				0.555891
			],
			[
				-0.49,
				0.568973
			],
			[
				-0.48,
				0.582055
			],
			[
				-0.47,
				0.595137
			],
			[
				-0.46,
				0.608218
			],
			[
				-0.45,
				0.6213
			],
			[
				-0.44,
				0.634382
			],
			[
				-0.43,
				0.647464
			],
			[
				-0.42,
				0.660546
			],
			[
				-0.41,
				0.673627
			],
			[
				-0.4,
				0.686709
			],
			[
				-0.39,
				0.699791
			],
			[
				-0.38,
				0.712873
			],
			[
				-0.37,
				0.725954
			],
			[
				-0.36,
				0.739036
			],
			[
				-0.35,
				0.752118
			],
			[
				-0.34,
				0.7652
			],
			[
				-0.33,
				0.778281
			],
			[
				-0.32,
				0.791363
			],
			[
				-0.31,
				0.804445
			],
			[
				-0.3,
				0.817527
			],
			[
				-0.29,
				0.830608
			],
			[
				-0.28,
				0.84369
			],
			[
				-0.27,
				0.856772
			],
			[
				-0.26,
				0.869854
			],
			[
				-0.25,
				0.882935
			],
			[
				-0.24,
				0.896017
			],
			[
				-0.23,
				0.909099
			],
			[
				-0.22,
				0.922181
			],
			[
				-0.21,
				0.935263
			],
			[
				-0.2,
				0.948344
			],
			[
				-0.19,
				0.961426
			],
			[
				-0.18,
				0.974508
			],
			[
				-0.17,
				0.98759
			],
			[
				-0.16,
				1.00067
			],
			[
				-0.15,
				1.01375
			],
			[
				-0.14,
				1.02683
			],
			[
				-0.13,
				1.03992
			],
			[
				-0.12,
				1.053
			],
			[
				-0.11,
				1.06608
			],
			[
				-0.1,
				1.07916
			],
			[
				-0.09,
				1.09224
			],
			[
				-0.08,
				1.10533
			],
			[
				-0.07,
				1.11841
			],
			[
				-0.06,
				1.13149
			],
			[
				-0.05,
				1.14457
			],
			[
				-0.04,
				1.15765
			],
			[
				-0.03,
				1.17073
			],
			[
				-0.02,
				1.18382
			],
			[
				-0.01,
				1.1969
			],
			[
				0.0,
				1.20998
			]
		]
	}
}
