{
	"ID": 324,
	"name": "VACODYM_872TP_150C",
	"conductivity": 0.0,
	"relPermeability": 0.0,
	"remanence": "no information",
	"linear": false,
	"BHCurve": {
		"default": [
			[
				-0.800366,
				0.0
			],
			[
				-0.799836,
				0.000701948
			],
			[
				-0.798836,
				0.00202517
			],
			[
				-0.797836,
				0.00334845
			],
			[
				-0.796836,
				0.00467186
			],
			[
				-0.795836,
				0.00599546
			],
			[
				-0.794836,
				0.00731931
			],
			[
				-0.793836,
				0.00864348
			],
			[
				-0.792836,
				0.00996803
			],
			[
				-0.791836,
				0.011293
			],
			[
				-0.790836,
				0.0126185
			],
			[
				-0.789836,
				0.0139446
			],
			[
				-0.788836,
				0.0152714
			],
			[
				-0.787836,
				0.0165988
			],
			[
				-0.786836,
				0.017927
			],
			[
				-0.785836,
				0.0192561
			],
			[
				-0.784836,
				0.020586
			],
			[
				-0.783836,
				0.0219169
			],
			[
				-0.782836,
				0.0232488
			],
			[
				-0.781836,
				0.0245819
			],
			[
				-0.780836,
				0.0259161
			],
			[
				-0.779836,
				0.0272515
			],
			[
				-0.778836,
				0.0285882
			],
			[
				-0.777836,
				0.0299262
			],
			[
				-0.776836,
				0.0312657
			],
			[
				-0.775836,
				0.0326067
			],
			[
				-0.774836,
				0.0339492
			],
			[
				-0.773836,
				0.0352933
			],
			[
				-0.772836,
				0.036639
			],
			[
				-0.771836,
				0.0379866
			],
			[
				-0.770836,
				0.0393358
			],
			[
				-0.769836,
				0.0406853
			],
			[
				-0.768836,
				0.0420349
			],
			[
				-0.767836,
				0.0433844
			],
			[
				-0.766836,
				0.044734
			],
			[
				-0.765836,
				0.0460836
			],
			[
				-0.764836,
				0.0474331
			],
			[
				-0.763836,
				0.0487827
			],
			[
				-0.76,
				0.0539596
			],
			[
				-0.75,
				0.0674552
			],
			[
				-0.74,
				0.0809508
			],
			[
				-0.73,
				0.0944464
			],
			[
				-0.72,
				0.107942
			],
			[
				-0.71,
				0.121438
			],
			[
				-0.7,
				0.134933
			],
			[
				-0.69,
				0.148429
			],
			[
				-0.68,
				0.161924
			],
			[
				-0.67,
				0.17542
			],
			[
				-0.66,
				0.188916
			],
			[
				-0.65,
				0.202411
			],
			[
				-0.64,
				0.215907
			],
			[
				-0.63,
				0.229402
			],
			[
				-0.62,
				0.242898
			],
			[
				-0.61,
				0.256394
			],
			[
				-0.6,
				0.269889
			],
			[
				-0.59,
				0.283385
			],
			[
				-0.58,
				0.29688
			],
			[
				-0.57,
				0.310376
			],
			[
				-0.56,
				0.323872
			],
			[
				-0.55,
				0.337367
			],
			[
				-0.54,
				0.350863
			],
			[
				-0.53,
				0.364358
			],
			[
				-0.52,
				0.377854
			],
			[
				-0.51,
				0.39135
			],
			[
				-0.5,
				0.404845
			],
			[
				-0.49,
				0.418341
			],
			[
				-0.48,
				0.431836
			],
			[
				-0.47,
				0.445332
			],
			[
				-0.46,
				0.458828
			],
			[
				-0.45,
				0.472323
			],
			[
				-0.44,
				0.485819
			],
			[
				-0.43,
				0.499314
			],
			[
				-0.42,
				0.51281
			],
			[
				-0.41,
				0.526306
			],
			[
				-0.4,
				0.539801
			],
			[
				-0.39,
				0.553297
			],
			[
				-0.38,
				0.566792
			],
			[
				-0.37,
				0.580288
			],
			[
				-0.36,
				0.593783
			],
			[
				-0.35,
				0.607279
			],
			[
				-0.34,
				0.620775
			],
			[
				-0.33,
				0.63427
			],
			[
				-0.32,
				0.647766
			],
			[
				-0.31,
				0.661261
			],
			[
				-0.3,
				0.674757
			],
			[
				-0.29,
				0.688253
			],
			[
				-0.28,
				0.701748
			],
			[
				-0.27,
				0.715244
			],
			[
				-0.26,
				0.728739
			],
			[
				-0.25,
				0.742235
			],
			[
				-0.24,
				0.755731
			],
			[
				-0.23,
				0.769226
			],
			[
				-0.22,
				0.782722
			],
			[
				-0.21,
				0.796217
			],
			[
				-0.2,
				0.809713
			],
			[
				-0.19,
				0.823209
			],
			[
				-0.18,
				0.836704
			],
			[
				-0.17,
				0.8502
			],
			[
				-0.16,
				0.863695
			],
			[
				-0.15,
				0.877191
			],
			[
				-0.14,
				0.890687
			],
			[
				-0.13,
				0.904182
			],
			[
				-0.12,
				0.917678
			],
			[
				-0.11,
				0.931173
			],
			[
				-0.1,
				0.944669
			],
			[
				-0.09,
				0.958165
			],
			[
				-0.08,
				0.97166
			],
			[
				-0.07,
				0.985156
			],
			[
				-0.06,
				0.998651
			],
			[
				-0.05,
				1.01215
			],
			[
				-0.04,
				1.02564
			],
			[
				-0.03,
				1.03914
			],
			[
				-0.02,
				1.05263
			],
			[
				-0.01,
				1.06613
			],
			[
				0.0,
				1.07963
			]
		]
	}
}
