{
	"ID": 160,
	"name": "VACODYM_669AP_60C",
	"conductivity": 0.0,
	"relPermeability": 1.0,
	"remanence": 0.0,
	"linear": false,
	"BHCurve": {
		"default": [
			[
				-0.847837,
				0.0
			],
			[
				-0.84,
				0.0103824
			],
			[
				-0.83,
				0.0236302
			],
			[
				-0.82,
				0.036878
			],
			[
				-0.81,
				0.0501258
			],
			[
				-0.8,
				0.0633736
			],
			[
				-0.79,
				0.0766214
			],
			[
				-0.78,
				0.0898692
			],
			[
				-0.77,
				0.103117
			],
			[
				-0.76,
				0.116365
			],
			[
				-0.75,
				0.129613
			],
			[
				-0.74,
				0.14286
			],
			[
				-0.73,
				0.156108
			],
			[
				-0.72,
				0.169356
			],
			[
				-0.71,
				0.182604
			],
			[
				-0.7,
				0.195852
			],
			[
				-0.69,
				0.209099
			],
			[
				-0.68,
				0.222347
			],
			[
				-0.67,
				0.235595
			],
			[
				-0.66,
				0.248843
			],
			[
				-0.65,
				0.262091
			],
			[
				-0.64,
				0.275338
			],
			[
				-0.63,
				0.288586
			],
			[
				-0.62,
				0.301834
			],
			[
				-0.61,
				0.315082
			],
			[
				-0.6,
				0.32833
			],
			[
				-0.59,
				0.341577
			],
			[
				-0.58,
				0.354825
			],
			[
				-0.57,
				0.368073
			],
			[
				-0.56,
				0.381321
			],
			[
				-0.55,
				0.394569
			],
			[
				-0.54,
				0.407816
			],
			[
				-0.53,
				0.421064
			],
			[
				-0.52,
				0.434312
			],
			[
				-0.51,
				0.44756
			],
			[
				-0.5,
				0.460808
			],
			[
				-0.49,
				0.474055
			],
			[
				-0.48,
				0.487303
			],
			[
				-0.47,
				0.500551
			],
			[
				-0.46,
				0.513799
			],
			[
				-0.45,
				0.527047
			],
			[
				-0.44,
				0.540294
			],
			[
				-0.43,
				0.553542
			],
			[
				-0.42,
				0.56679
			],
			[
				-0.41,
				0.580038
			],
			[
				-0.4,
				0.593286
			],
			[
				-0.39,
				0.606533
			],
			[
				-0.38,
				0.619781
			],
			[
				-0.37,
				0.633029
			],
			[
				-0.36,
				0.646277
			],
			[
				-0.35,
				0.659525
			],
			[
				-0.34,
				0.672772
			],
			[
				-0.33,
				0.68602
			],
			[
				-0.32,
				0.699268
			],
			[
				-0.31,
				0.712516
			],
			[
				-0.3,
				0.725764
			],
			[
				-0.29,
				0.739011
			],
			[
				-0.28,
				0.752259
			],
			[
				-0.27,
				0.765507
			],
			[
				-0.26,
				0.778755
			],
			[
				-0.25,
				0.792003
			],
			[
				-0.24,
				0.80525
			],
			[
				-0.23,
				0.818498
			],
			[
				-0.22,
				0.831746
			],
			[
				-0.21,
				0.844994
			],
			[
				-0.2,
				0.858241
			],
			[
				-0.19,
				0.871489
			],
			[
				-0.18,
				0.884737
			],
			[
				-0.17,
				0.897985
			],
			[
				-0.16,
				0.911233
			],
			[
				-0.15,
				0.92448
			],
			[
				-0.14,
				0.937728
			],
			[
				-0.13,
				0.950976
			],
			[
				-0.12,
				0.964224
			],
			[
				-0.11,
				0.977472
			],
			[
				-0.1,
				0.990719
			],
			[
				-0.09,
				1.00397
			],
			[
				-0.08,
				1.01722
			],
			[
				-0.07,
				1.03046
			],
			[
				-0.06,
				1.04371
			],
			[
				-0.05,
				1.05696
			],
			[
				-0.04,
				1.07021
			],
			[
				-0.03,
				1.08345
			],
			[
				-0.02,
				1.0967
			],
			[
				-0.01,
				1.10995
			],
			[
				0.0,
				1.1232
			]
		]
	}
}
