{
	"ID": 197,
	"name": "VACODYM_688TP_150C",
	"conductivity": 0.0,
	"relPermeability": 0.0,
	"remanence": "no information",
	"linear": false,
	"BHCurve": {
		"default": [
			[
				-0.7436269999999999,
				0.0
			],
			[
				-0.74,
				0.00489549
			],
			[
				-0.73,
				0.0183911
			],
			[
				-0.72,
				0.0318867
			],
			[
				-0.71,
				0.0453823
			],
			[
				-0.7,
				0.0588779
			],
			[
				-0.69,
				0.0723735
			],
			[
				-0.68,
				0.0858691
			],
			[
				-0.67,
				0.0993647
			],
			[
				-0.66,
				0.11286
			],
			[
				-0.65,
				0.126356
			],
			[
				-0.64,
				0.139851
			],
			[
				-0.63,
				0.153347
			],
			[
				-0.62,
				0.166843
			],
			[
				-0.61,
				0.180338
			],
			[
				-0.6,
				0.193834
			],
			[
				-0.59,
				0.207329
			],
			[
				-0.58,
				0.220825
			],
			[
				-0.57,
				0.234321
			],
			[
				-0.56,
				0.247816
			],
			[
				-0.55,
				0.261312
			],
			[
				-0.54,
				0.274807
			],
			[
				-0.53,
				0.288303
			],
			[
				-0.52,
				0.301799
			],
			[
				-0.51,
				0.315294
			],
			[
				-0.5,
				0.32879
			],
			[
				-0.49,
				0.342285
			],
			[
				-0.48,
				0.355781
			],
			[
				-0.47,
				0.369277
			],
			[
				-0.46,
				0.382772
			],
			[
				-0.45,
				0.396268
			],
			[
				-0.44,
				0.409763
			],
			[
				-0.43,
				0.423259
			],
			[
				-0.42,
				0.436755
			],
			[
				-0.41,
				0.45025
			],
			[
				-0.4,
				0.463746
			],
			[
				-0.39,
				0.477241
			],
			[
				-0.38,
				0.490737
			],
			[
				-0.37,
				0.504233
			],
			[
				-0.36,
				0.517728
			],
			[
				-0.35,
				0.531224
			],
			[
				-0.34,
				0.544719
			],
			[
				-0.33,
				0.558215
			],
			[
				-0.32,
				0.571711
			],
			[
				-0.31,
				0.585206
			],
			[
				-0.3,
				0.598702
			],
			[
				-0.29,
				0.612197
			],
			[
				-0.28,
				0.625693
			],
			[
				-0.27,
				0.639189
			],
			[
				-0.26,
				0.652684
			],
			[
				-0.25,
				0.66618
			],
			[
				-0.24,
				0.679675
			],
			[
				-0.23,
				0.693171
			],
			[
				-0.22,
				0.706667
			],
			[
				-0.21,
				0.720162
			],
			[
				-0.2,
				0.733658
			],
			[
				-0.19,
				0.747153
			],
			[
				-0.18,
				0.760649
			],
			[
				-0.17,
				0.774145
			],
			[
				-0.16,
				0.78764
			],
			[
				-0.15,
				0.801136
			],
			[
				-0.14,
				0.814631
			],
			[
				-0.13,
				0.828127
			],
			[
				-0.12,
				0.841623
			],
			[
				-0.11,
				0.855118
			],
			[
				-0.1,
				0.868614
			],
			[
				-0.09,
				0.882109
			],
			[
				-0.08,
				0.895605
			],
			[
				-0.07,
				0.909101
			],
			[
				-0.06,
				0.922596
			],
			[
				-0.05,
				0.936092
			],
			[
				-0.04,
				0.949587
			],
			[
				-0.03,
				0.963083
			],
			[
				-0.02,
				0.976579
			],
			[
				-0.01,
				0.990074
			],
			[
				0.0,
				1.00357
			]
		]
	}
}
