{
	"ID": 252,
	"name": "VACODYM_787TP_120C",
	"conductivity": 0.0,
	"relPermeability": 0.0,
	"remanence": "no information",
	"linear": false,
	"BHCurve": {
		"default": [
			[
				-0.851946,
				0.0
			],
			[
				-0.8519439999999999,
				3.74199e-06
			],
			[
				-0.8509439999999999,
				0.00216221
			],
			[
				-0.8499439999999999,
				0.00427431
			],
			[
				-0.8489439999999999,
				0.00634355
			],
			[
				-0.8479439999999999,
				0.00837347
			],
			[
				-0.8469439999999999,
				0.0103676
			],
			[
				-0.8459439999999999,
				0.0123295
			],
			[
				-0.8449439999999999,
				0.0142626
			],
			[
				-0.8439439999999999,
				0.0161705
			],
			[
				-0.8429439999999999,
				0.0180568
			],
			[
				-0.8419439999999999,
				0.0199249
			],
			[
				-0.8409439999999999,
				0.0217783
			],
			[
				-0.8399439999999999,
				0.0236101
			],
			[
				-0.8389439999999999,
				0.0254143
			],
			[
				-0.8379439999999999,
				0.0271926
			],
			[
				-0.8369439999999999,
				0.0289464
			],
			[
				-0.8359439999999999,
				0.0306773
			],
			[
				-0.8349439999999999,
				0.0323868
			],
			[
				-0.8339439999999999,
				0.0340764
			],
			[
				-0.8329439999999999,
				0.0357478
			],
			[
				-0.8319439999999999,
				0.0374023
			],
			[
				-0.8309439999999999,
				0.0390416
			],
			[
				-0.829944,
				0.0406672
			],
			[
				-0.828944,
				0.0422806
			],
			[
				-0.827944,
				0.0438833
			],
			[
				-0.826944,
				0.045477
			],
			[
				-0.825944,
				0.047063
			],
			[
				-0.824944,
				0.0486429
			],
			[
				-0.823944,
				0.0502184
			],
			[
				-0.822944,
				0.0517908
			],
			[
				-0.821944,
				0.0533571
			],
			[
				-0.820944,
				0.0549119
			],
			[
				-0.819944,
				0.0564554
			],
			[
				-0.818944,
				0.0579881
			],
			[
				-0.817944,
				0.0595104
			],
			[
				-0.816944,
				0.0610228
			],
			[
				-0.815944,
				0.0625257
			],
			[
				-0.814944,
				0.0640195
			],
			[
				-0.813944,
				0.0655047
			],
			[
				-0.812944,
				0.0669816
			],
			[
				-0.811944,
				0.0684507
			],
			[
				-0.810944,
				0.0699125
			],
			[
				-0.809944,
				0.0713673
			],
			[
				-0.808944,
				0.0728156
			],
			[
				-0.807944,
				0.0742578
			],
			[
				-0.806944,
				0.0756943
			],
			[
				-0.805944,
				0.0771256
			],
			[
				-0.804944,
				0.078552
			],
			[
				-0.803944,
				0.0799741
			],
			[
				-0.802944,
				0.0813919
			],
			[
				-0.801944,
				0.0828056
			],
			[
				-0.800944,
				0.0842153
			],
			[
				-0.799944,
				0.085621
			],
			[
				-0.798944,
				0.0870227
			],
			[
				-0.797944,
				0.0884207
			],
			[
				-0.796944,
				0.0898149
			],
			[
				-0.795944,
				0.0912054
			],
			[
				-0.794944,
				0.0925924
			],
			[
				-0.793944,
				0.0939759
			],
			[
				-0.792944,
				0.0953559
			],
			[
				-0.791944,
				0.0967327
			],
			[
				-0.790944,
				0.0981061
			],
			[
				-0.789944,
				0.0994764
			],
			[
				-0.788944,
				0.100844
			],
			[
				-0.787944,
				0.102208
			],
			[
				-0.786944,
				0.103569
			],
			[
				-0.785944,
				0.104927
			],
			[
				-0.784944,
				0.106283
			],
			[
				-0.783944,
				0.107636
			],
			[
				-0.782944,
				0.108986
			],
			[
				-0.781944,
				0.110334
			],
			[
				-0.780944,
				0.111679
			],
			[
				-0.779944,
				0.113022
			],
			[
				-0.778944,
				0.114362
			],
			[
				-0.777944,
				0.115701
			],
			[
				-0.776944,
				0.117037
			],
			[
				-0.775944,
				0.118371
			],
			[
				-0.774944,
				0.119703
			],
			[
				-0.773944,
				0.121033
			],
			[
				-0.772944,
				0.122362
			],
			[
				-0.771944,
				0.123688
			],
			[
				-0.770944,
				0.125013
			],
			[
				-0.769944,
				0.126337
			],
			[
				-0.768944,
				0.127659
			],
			[
				-0.767944,
				0.128979
			],
			[
				-0.766944,
				0.130298
			],
			[
				-0.765944,
				0.131616
			],
			[
				-0.764944,
				0.132933
			],
			[
				-0.763944,
				0.134248
			],
			[
				-0.762944,
				0.135563
			],
			[
				-0.761944,
				0.136876
			],
			[
				-0.760944,
				0.138189
			],
			[
				-0.759944,
				0.139501
			],
			[
				-0.758944,
				0.140812
			],
			[
				-0.757944,
				0.142123
			],
			[
				-0.756944,
				0.143433
			],
			[
				-0.755944,
				0.144742
			],
			[
				-0.754944,
				0.146052
			],
			[
				-0.753944,
				0.14736
			],
			[
				-0.752944,
				0.148669
			],
			[
				-0.751944,
				0.149978
			],
			[
				-0.750944,
				0.151286
			],
			[
				-0.7499439999999999,
				0.152594
			],
			[
				-0.7489439999999999,
				0.153903
			],
			[
				-0.7479439999999999,
				0.155212
			],
			[
				-0.7469439999999999,
				0.156521
			],
			[
				-0.7459439999999999,
				0.15783
			],
			[
				-0.7449439999999999,
				0.15914
			],
			[
				-0.7439439999999999,
				0.16045
			],
			[
				-0.7429439999999999,
				0.16176
			],
			[
				-0.7419439999999999,
				0.163072
			],
			[
				-0.7409439999999999,
				0.164384
			],
			[
				-0.7399439999999999,
				0.165697
			],
			[
				-0.7389439999999999,
				0.167011
			],
			[
				-0.7379439999999999,
				0.168325
			],
			[
				-0.7369439999999999,
				0.169641
			],
			[
				-0.7359439999999999,
				0.170958
			],
			[
				-0.7349439999999999,
				0.172276
			],
			[
				-0.7339439999999999,
				0.173596
			],
			[
				-0.7329439999999999,
				0.174917
			],
			[
				-0.7319439999999999,
				0.176239
			],
			[
				-0.7309439999999999,
				0.177563
			],
			[
				-0.7299439999999999,
				0.178888
			],
			[
				-0.7289439999999999,
				0.180215
			],
			[
				-0.7279439999999999,
				0.181544
			],
			[
				-0.7269439999999999,
				0.182874
			],
			[
				-0.7259439999999999,
				0.184207
			],
			[
				-0.7249439999999999,
				0.185542
			],
			[
				-0.7239439999999999,
				0.186878
			],
			[
				-0.7229439999999999,
				0.188215
			],
			[
				-0.7219439999999999,
				0.189552
			],
			[
				-0.7209439999999999,
				0.19089
			],
			[
				-0.72,
				0.192152
			],
			[
				-0.71,
				0.205523
			],
			[
				-0.7,
				0.218894
			],
			[
				-0.69,
				0.232265
			],
			[
				-0.68,
				0.245636
			],
			[
				-0.67,
				0.259007
			],
			[
				-0.66,
				0.272378
			],
			[
				-0.65,
				0.285749
			],
			[
				-0.64,
				0.29912
			],
			[
				-0.63,
				0.312491
			],
			[
				-0.62,
				0.325863
			],
			[
				-0.61,
				0.339234
			],
			[
				-0.6,
				0.352605
			],
			[
				-0.59,
				0.365976
			],
			[
				-0.58,
				0.379347
			],
			[
				-0.57,
				0.392718
			],
			[
				-0.56,
				0.406089
			],
			[
				-0.55,
				0.41946
			],
			[
				-0.54,
				0.432831
			],
			[
				-0.53,
				0.446202
			],
			[
				-0.52,
				0.459573
			],
			[
				-0.51,
				0.472944
			],
			[
				-0.5,
				0.486315
			],
			[
				-0.49,
				0.499686
			],
			[
				-0.48,
				0.513058
			],
			[
				-0.47,
				0.526429
			],
			[
				-0.46,
				0.5398
			],
			[
				-0.45,
				0.553171
			],
			[
				-0.44,
				0.566542
			],
			[
				-0.43,
				0.579913
			],
			[
				-0.42,
				0.593284
			],
			[
				-0.41,
				0.606655
			],
			[
				-0.4,
				0.620026
			],
			[
				-0.39,
				0.633397
			],
			[
				-0.38,
				0.646768
			],
			[
				-0.37,
				0.660139
			],
			[
				-0.36,
				0.67351
			],
			[
				-0.35,
				0.686881
			],
			[
				-0.34,
				0.700252
			],
			[
				-0.33,
				0.713624
			],
			[
				-0.32,
				0.726995
			],
			[
				-0.31,
				0.740366
			],
			[
				-0.3,
				0.753737
			],
			[
				-0.29,
				0.767108
			],
			[
				-0.28,
				0.780479
			],
			[
				-0.27,
				0.79385
			],
			[
				-0.26,
				0.807221
			],
			[
				-0.25,
				0.820592
			],
			[
				-0.24,
				0.833963
			],
			[
				-0.23,
				0.847334
			],
			[
				-0.22,
				0.860705
			],
			[
				-0.21,
				0.874076
			],
			[
				-0.2,
				0.887447
			],
			[
				-0.19,
				0.900819
			],
			[
				-0.18,
				0.91419
			],
			[
				-0.17,
				0.927561
			],
			[
				-0.16,
				0.940932
			],
			[
				-0.15,
				0.954303
			],
			[
				-0.14,
				0.967674
			],
			[
				-0.13,
