{
	"ID": 288,
	"name": "VACODYM_854_AP_120C",
	"conductivity": 0.0,
	"relPermeability": 1.0,
	"remanence": 0.0,
	"linear": false,
	"BHCurve": {
		"default": [
			[
				-0.79035,
				0.0
			],
			[
				-0.789659,
				0.00393011
			],
			[
				-0.788659,
				0.00922317
			],
			[
				-0.787659,
				0.0136784
			],
			[
				-0.786659,
				0.0175839
			],
			[
				-0.785659,
				0.0213092
			],
			[
				-0.784659,
				0.0249011
			],
			[
				-0.783659,
				0.0283113
			],
			[
				-0.782659,
				0.0315719
			],
			[
				-0.781659,
				0.034715
			],
			[
				-0.780659,
				0.0377725
			],
			[
				-0.779659,
				0.0407766
			],
			[
				-0.778659,
				0.0437583
			],
			[
				-0.777659,
				0.046718
			],
			[
				-0.776659,
				0.0496349
			],
			[
				-0.775659,
				0.0524909
			],
			[
				-0.774659,
				0.0552679
			],
			[
				-0.773659,
				0.0579476
			],
			[
				-0.772659,
				0.0605119
			],
			[
				-0.771659,
				0.0629472
			],
			[
				-0.770659,
				0.0653004
			],
			[
				-0.769659,
				0.0675922
			],
			[
				-0.768659,
				0.0698265
			],
			[
				-0.767659,
				0.0720072
			],
			[
				-0.766659,
				0.0741383
			],
			[
				-0.765659,
				0.0762236
			],
			[
				-0.764659,
				0.078267
			],
			[
				-0.763659,
				0.0802726
			],
			[
				-0.762659,
				0.0822441
			],
			[
				-0.761659,
				0.0841856
			],
			[
				-0.760659,
				0.0861008
			],
			[
				-0.759659,
				0.0879939
			],
			[
				-0.758659,
				0.0898686
			],
			[
				-0.757659,
				0.0917269
			],
			[
				-0.756659,
				0.0935578
			],
			[
				-0.755659,
				0.09536
			],
			[
				-0.754659,
				0.0971354
			],
			[
				-0.753659,
				0.0988857
			],
			[
				-0.752659,
				0.100612
			],
			[
				-0.751659,
				0.102317
			],
			[
				-0.750659,
				0.104002
			],
			[
				-0.749659,
				0.105669
			],
			[
				-0.748659,
				0.107319
			],
			[
				-0.747659,
				0.108954
			],
			[
				-0.746659,
				0.110576
			],
			[
				-0.745659,
				0.112186
			],
			[
				-0.744659,
				0.113787
			],
			[
				-0.743659,
				0.115379
			],
			[
				-0.742659,
				0.116965
			],
			[
				-0.741659,
				0.118546
			],
			[
				-0.740659,
				0.120124
			],
			[
				-0.739659,
				0.121694
			],
			[
				-0.738659,
				0.123251
			],
			[
				-0.737659,
				0.124795
			],
			[
				-0.736659,
				0.126328
			],
			[
				-0.735659,
				0.12785
			],
			[
				-0.734659,
				0.129362
			],
			[
				-0.733659,
				0.130864
			],
			[
				-0.732659,
				0.132356
			],
			[
				-0.731659,
				0.133839
			],
			[
				-0.730659,
				0.135315
			],
			[
				-0.729659,
				0.136783
			],
			[
				-0.728659,
				0.138243
			],
			[
				-0.727659,
				0.139697
			],
			[
				-0.7266589999999999,
				0.141145
			],
			[
				-0.7256589999999999,
				0.142588
			],
			[
				-0.7246589999999999,
				0.144026
			],
			[
				-0.7236589999999999,
				0.14546
			],
			[
				-0.7226589999999999,
				0.14689
			],
			[
				-0.7216589999999999,
				0.148315
			],
			[
				-0.7206589999999999,
				0.149736
			],
			[
				-0.7196589999999999,
				0.151152
			],
			[
				-0.7186589999999999,
				0.152565
			],
			[
				-0.717659,
				0.153974
			],
			[
				-0.716659,
				0.155378
			],
			[
				-0.715659,
				0.156779
			],
			[
				-0.714659,
				0.158176
			],
			[
				-0.713659,
				0.159569
			],
			[
				-0.712659,
				0.160959
			],
			[
				-0.711659,
				0.162345
			],
			[
				-0.710659,
				0.163728
			],
			[
				-0.709659,
				0.165107
			],
			[
				-0.708659,
				0.166484
			],
			[
				-0.707659,
				0.167857
			],
			[
				-0.706659,
				0.169227
			],
			[
				-0.705659,
				0.170594
			],
			[
				-0.704659,
				0.171959
			],
			[
				-0.703659,
				0.173321
			],
			[
				-0.702659,
				0.17468
			],
			[
				-0.701659,
				0.176036
			],
			[
				-0.700659,
				0.17739
			],
			[
				-0.699659,
				0.178742
			],
			[
				-0.698659,
				0.180091
			],
			[
				-0.697659,
				0.181438
			],
			[
				-0.696659,
				0.182783
			],
			[
				-0.695659,
				0.184127
			],
			[
				-0.694659,
				0.185468
			],
			[
				-0.693659,
				0.186807
			],
			[
				-0.692659,
				0.188145
			],
			[
				-0.691659,
				0.189481
			],
			[
				-0.690659,
				0.190815
			],
			[
				-0.689659,
				0.192148
			],
			[
				-0.688659,
				0.19348
			],
			[
				-0.687659,
				0.194811
			],
			[
				-0.686659,
				0.19614
			],
			[
				-0.685659,
				0.197468
			],
			[
				-0.684659,
				0.198795
			],
			[
				-0.683659,
				0.200122
			],
			[
				-0.682659,
				0.201447
			],
			[
				-0.681659,
				0.202772
			],
			[
				-0.680659,
				0.204097
			],
			[
				-0.679659,
				0.20542
			],
			[
				-0.678659,
				0.206744
			],
			[
				-0.677659,
				0.208067
			],
			[
				-0.676659,
				0.20939
			],
			[
				-0.675659,
				0.210712
			],
			[
				-0.674659,
				0.212035
			],
			[
				-0.673659,
				0.213358
			],
			[
				-0.672659,
				0.214681
			],
			[
				-0.671659,
				0.216004
			],
			[
				-0.670659,
				0.217327
			],
			[
				-0.669659,
				0.218651
			],
			[
				-0.668659,
				0.219975
			],
			[
				-0.667659,
				0.2213
			],
			[
				-0.666659,
				0.222626
			],
			[
				-0.665659,
				0.223952
			],
			[
				-0.664659,
				0.225279
			],
			[
				-0.663659,
				0.226608
			],
			[
				-0.662659,
				0.227937
			],
			[
				-0.661659,
				0.229268
			],
			[
				-0.660659,
				0.230599
			],
			[
				-0.659659,
				0.231933
			],
			[
				-0.658659,
				0.233267
			],
			[
				-0.657659,
				0.234603
			],
			[
				-0.656659,
				0.235941
			],
			[
				-0.655659,
				0.237281
			],
			[
				-0.654659,
				0.238622
			],
			[
				-0.653659,
				0.239965
			],
			[
				-0.652659,
				0.24131
			],
			[
				-0.651659,
				0.242658
			],
			[
				-0.650659,
				0.244007
			],
			[
				-0.649659,
				0.245357
			],
			[
				-0.648659,
				0.246706
			],
			[
				-0.647659,
				0.248056
			],
			[
				-0.646659,
				0.249406
			],
			[
				-0.645659,
				0.250755
			],
			[
				-0.644659,
				0.252105
			],
			[
				-0.643659,
				0.253455
			],
			[
				-0.642659,
				0.254804
			],
			[
				-0.641659,
				0.256154
			],
			[
				-0.640659,
				0.257504
			],
			[
				-0.639659,
				0.258853
			],
			[
				-0.638659,
				0.260203
			],
			[
				-0.637659,
				0.261553
			],
			[
				-0.636659,
				0.262902
			],
			[
				-0.635659,
				0.264252
			],
			[
				-0.634659,
				0.265602
			],
			[
				-0.633659,
				0.266952
			],
			[
				-0.632659,
				0.268301
			],
			[
				-0.631659,
				0.269651
			],
			[
				-0.630659,
				0.271001
			],
			[
				-0.629659,
				0.27235
			],
			[
				-0.628659,
				0.2737
			],
			[
				-0.627659,
				0.27505
			],
			[
				-0.626659,
				0.276399
			],
			[
				-0.625659,
				0.277749
			],
			[
				-0.624659,
				0.279099
			],
			[
				-0.623659,
				0.280448
			],
			[
				-0.622659,
				0.281798
			],
			[
				-0.621659,
				0.283148
			],
			[
				-0.620659,
				0.284497
			],
			[
				-0.619659,
				0.285847
			],
			[
				-0.618659,
				0.287197
			],
			[
				-0.617659,
				0.288547
			],
			[
				-0.616659,
				0.289896
			],
			[
				-0.615659,
				0.291246
			],
			[
				-0.614659,
				0.292596
			],
			[
				-0.613659,
				0.293945
			],
			[
				-0.612659,
				0.295295
			],
			[
				-0.611659,
				0.296645
			],
			[
				-0.610659,
				0.297994
			],
			[
				-0.609659,
				0.299344
			],
			[
				-0.608659,
				0.300694
			],
			[
				-0.607659,
				0.302043
			],
			[
				-0.606659,
				0.303393
			],
			[
				-0.605659,
				0.304743
			],
			[
				-0.604659,
				0.306092
			],
			[
				-0.603659,
				0.307442
			],
			[
				-0.602659,
				0.308792
			],
			[
				-0.6016589999999999,
				0.310141
			],
			[
				-0.6006589999999999,
				0.311491
			],
			[
				-0.5996589999999999,
				0.312841
			],
			[
				-0.5986589999999999,
				0.314191
			],
			[
				-0.5976589999999999,
				0.31554
			],
			[
				-0.5966589999999999,
				0.31689
			],
			[
				-0.5956589999999999,
				0.31824
			],
			[
