{
	"ID": 318,
	"name": "VACODYM_872AP_20C",
	"conductivity": 0.0,
	"relPermeability": 0.0,
	"remanence": "no information",
	"linear": false,
	"BHCurve": {
		"default": [
			[
				-0.894719,
				0.0
			],
			[
				-0.89,
				0.00617327
			],
			[
				-0.88,
				0.019255
			],
			[
				-0.87,
				0.0323368
			],
			[
				-0.86,
				0.0454186
			],
			[
				-0.85,
				0.0585003
			],
			[
				-0.84,
				0.0715821
			],
			[
				-0.83,
				0.0846638
			],
			[
				-0.82,
				0.0977456
			],
			[
				-0.81,
				0.110827
			],
			[
				-0.8,
				0.123909
			],
			[
				-0.79,
				0.136991
			],
			[
				-0.78,
				0.150073
			],
			[
				-0.77,
				0.163154
			],
			[
				-0.76,
				0.176236
			],
			[
				-0.75,
				0.189318
			],
			[
				-0.74,
				0.2024
			],
			[
				-0.73,
				0.215481
			],
			[
				-0.72,
				0.228563
			],
			[
				-0.71,
				0.241645
			],
			[
				-0.7,
				0.254727
			],
			[
				-0.69,
				0.267808
			],
			[
				-0.68,
				0.28089
			],
			[
				-0.67,
				0.293972
			],
			[
				-0.66,
				0.307054
			],
			[
				-0.65,
				0.320136
			],
			[
				-0.64,
				0.333217
			],
			[
				-0.63,
				0.346299
			],
			[
				-0.62,
				0.359381
			],
			[
				-0.61,
				0.372463
			],
			[
				-0.6,
				0.385544
			],
			[
				-0.59,
				0.398626
			],
			[
				-0.58,
				0.411708
			],
			[
				-0.57,
				0.42479
			],
			[
				-0.56,
				0.437871
			],
			[
				-0.55,
				0.450953
			],
			[
				-0.54,
				0.464035
			],
			[
				-0.53,
				0.477117
			],
			[
				-0.52,
				0.490198
			],
			[
				-0.51,
				0.50328
			],
			[
				-0.5,
				0.516362
			],
			[
				-0.49,
				0.529444
			],
			[
				-0.48,
				0.542525
			],
			[
				-0.47,
				0.555607
			],
			[
				-0.46,
				0.568689
			],
			[
				-0.45,
				0.581771
			],
			[
				-0.44,
				0.594853
			],
			[
				-0.43,
				0.607934
			],
			[
				-0.42,
				0.621016
			],
			[
				-0.41,
				0.634098
			],
			[
				-0.4,
				0.64718
			],
			[
				-0.39,
				0.660261
			],
			[
				-0.38,
				0.673343
			],
			[
				-0.37,
				0.686425
			],
			[
				-0.36,
				0.699507
			],
			[
				-0.35,
				0.712588
			],
			[
				-0.34,
				0.72567
			],
			[
				-0.33,
				0.738752
			],
			[
				-0.32,
				0.751834
			],
			[
				-0.31,
				0.764915
			],
			[
				-0.3,
				0.777997
			],
			[
				-0.29,
				0.791079
			],
			[
				-0.28,
				0.804161
			],
			[
				-0.27,
				0.817242
			],
			[
				-0.26,
				0.830324
			],
			[
				-0.25,
				0.843406
			],
			[
				-0.24,
				0.856488
			],
			[
				-0.23,
				0.869569
			],
			[
				-0.22,
				0.882651
			],
			[
				-0.21,
				0.895733
			],
			[
				-0.2,
				0.908815
			],
			[
				-0.19,
				0.921897
			],
			[
				-0.18,
				0.934978
			],
			[
				-0.17,
				0.94806
			],
			[
				-0.16,
				0.961142
			],
			[
				-0.15,
				0.974224
			],
			[
				-0.14,
				0.987305
			],
			[
				-0.13,
				1.00039
			],
			[
				-0.12,
				1.01347
			],
			[
				-0.11,
				1.02655
			],
			[
				-0.1,
				1.03963
			],
			[
				-0.09,
				1.05271
			],
			[
				-0.08,
				1.0658
			],
			[
				-0.07,
				1.07888
			],
			[
				-0.06,
				1.09196
			],
			[
				-0.05,
				1.10504
			],
			[
				-0.04,
				1.11812
			],
			[
				-0.03,
				1.1312
			],
			[
				-0.02,
				1.14429
			],
			[
				-0.01,
				1.15737
			],
			[
				0.0,
				1.17045
			]
		]
	}
}
