{
	"ID": 248,
	"name": "VACODYM_787AP_20C",
	"conductivity": 0.0,
	"relPermeability": 0.0,
	"remanence": "no information",
	"linear": false,
	"BHCurve": {
		"default": [
			[
				-0.9478260000000001,
				0.0
			],
			[
				-0.94,
				0.010238
			],
			[
				-0.93,
				0.0233197
			],
			[
				-0.92,
				0.0364015
			],
			[
				-0.91,
				0.0494832
			],
			[
				-0.9,
				0.062565
			],
			[
				-0.89,
				0.0756468
			],
			[
				-0.88,
				0.0887285
			],
			[
				-0.87,
				0.10181
			],
			[
				-0.86,
				0.114892
			],
			[
				-0.85,
				0.127974
			],
			[
				-0.84,
				0.141056
			],
			[
				-0.83,
				0.154137
			],
			[
				-0.82,
				0.167219
			],
			[
				-0.81,
				0.180301
			],
			[
				-0.8,
				0.193383
			],
			[
				-0.79,
				0.206464
			],
			[
				-0.78,
				0.219546
			],
			[
				-0.77,
				0.232628
			],
			[
				-0.76,
				0.24571
			],
			[
				-0.75,
				0.258791
			],
			[
				-0.74,
				0.271873
			],
			[
				-0.73,
				0.284955
			],
			[
				-0.72,
				0.298037
			],
			[
				-0.71,
				0.311118
			],
			[
				-0.7,
				0.3242
			],
			[
				-0.69,
				0.337282
			],
			[
				-0.68,
				0.350364
			],
			[
				-0.67,
				0.363446
			],
			[
				-0.66,
				0.376527
			],
			[
				-0.65,
				0.389609
			],
			[
				-0.64,
				0.402691
			],
			[
				-0.63,
				0.415773
			],
			[
				-0.62,
				0.428854
			],
			[
				-0.61,
				0.441936
			],
			[
				-0.6,
				0.455018
			],
			[
				-0.59,
				0.4681
			],
			[
				-0.58,
				0.481181
			],
			[
				-0.57,
				0.494263
			],
			[
				-0.56,
				0.507345
			],
			[
				-0.55,
				0.520427
			],
			[
				-0.54,
				0.533508
			],
			[
				-0.53,
				0.54659
			],
			[
				-0.52,
				0.559672
			],
			[
				-0.51,
				0.572754
			],
			[
				-0.5,
				0.585835
			],
			[
				-0.49,
				0.598917
			],
			[
				-0.48,
				0.611999
			],
			[
				-0.47,
				0.625081
			],
			[
				-0.46,
				0.638162
			],
			[
				-0.45,
				0.651244
			],
			[
				-0.44,
				0.664326
			],
			[
				-0.43,
				0.677408
			],
			[
				-0.42,
				0.69049
			],
			[
				-0.41,
				0.703571
			],
			[
				-0.4,
				0.716653
			],
			[
				-0.39,
				0.729735
			],
			[
				-0.38,
				0.742817
			],
			[
				-0.37,
				0.755898
			],
			[
				-0.36,
				0.76898
			],
			[
				-0.35,
				0.782062
			],
			[
				-0.34,
				0.795144
			],
			[
				-0.33,
				0.808225
			],
			[
				-0.32,
				0.821307
			],
			[
				-0.31,
				0.834389
			],
			[
				-0.3,
				0.847471
			],
			[
				-0.29,
				0.860552
			],
			[
				-0.28,
				0.873634
			],
			[
				-0.27,
				0.886716
			],
			[
				-0.26,
				0.899798
			],
			[
				-0.25,
				0.912879
			],
			[
				-0.24,
				0.925961
			],
			[
				-0.23,
				0.939043
			],
			[
				-0.22,
				0.952125
			],
			[
				-0.21,
				0.965207
			],
			[
				-0.2,
				0.978288
			],
			[
				-0.19,
				0.99137
			],
			[
				-0.18,
				1.00445
			],
			[
				-0.17,
				1.01753
			],
			[
				-0.16,
				1.03062
			],
			[
				-0.15,
				1.0437
			],
			[
				-0.14,
				1.05678
			],
			[
				-0.13,
				1.06986
			],
			[
				-0.12,
				1.08294
			],
			[
				-0.11,
				1.09602
			],
			[
				-0.1,
				1.10911
			],
			[
				-0.09,
				1.12219
			],
			[
				-0.08,
				1.13527
			],
			[
				-0.07,
				1.14835
			],
			[
				-0.06,
				1.16143
			],
			[
				-0.05,
				1.17451
			],
			[
				-0.04,
				1.1876
			],
			[
				-0.03,
				1.20068
			],
			[
				-0.02,
				1.21376
			],
			[
				-0.01,
				1.22684
			],
			[
				0.0,
				1.23992
			]
		]
	}
}
