{
	"ID": 249,
	"name": "VACODYM_787AP_60C",
	"conductivity": 0.0,
	"relPermeability": 0.0,
	"remanence": "no information",
	"linear": false,
	"BHCurve": {
		"default": [
			[
				-0.897086,
				0.0
			],
			[
				-0.89,
				0.00938751
			],
			[
				-0.88,
				0.0226353
			],
			[
				-0.87,
				0.0358831
			],
			[
				-0.86,
				0.0491309
			],
			[
				-0.85,
				0.0623787
			],
			[
				-0.84,
				0.0756265
			],
			[
				-0.83,
				0.0888743
			],
			[
				-0.82,
				0.102122
			],
			[
				-0.81,
				0.11537
			],
			[
				-0.8,
				0.128618
			],
			[
				-0.79,
				0.141866
			],
			[
				-0.78,
				0.155113
			],
			[
				-0.77,
				0.168361
			],
			[
				-0.76,
				0.181609
			],
			[
				-0.75,
				0.194857
			],
			[
				-0.74,
				0.208104
			],
			[
				-0.73,
				0.221352
			],
			[
				-0.72,
				0.2346
			],
			[
				-0.71,
				0.247848
			],
			[
				-0.7,
				0.261096
			],
			[
				-0.69,
				0.274343
			],
			[
				-0.68,
				0.287591
			],
			[
				-0.67,
				0.300839
			],
			[
				-0.66,
				0.314087
			],
			[
				-0.65,
				0.327335
			],
			[
				-0.64,
				0.340582
			],
			[
				-0.63,
				0.35383
			],
			[
				-0.62,
				0.367078
			],
			[
				-0.61,
				0.380326
			],
			[
				-0.6,
				0.393574
			],
			[
				-0.59,
				0.406821
			],
			[
				-0.58,
				0.420069
			],
			[
				-0.57,
				0.433317
			],
			[
				-0.56,
				0.446565
			],
			[
				-0.55,
				0.459813
			],
			[
				-0.54,
				0.47306
			],
			[
				-0.53,
				0.486308
			],
			[
				-0.52,
				0.499556
			],
			[
				-0.51,
				0.512804
			],
			[
				-0.5,
				0.526052
			],
			[
				-0.49,
				0.539299
			],
			[
				-0.48,
				0.552547
			],
			[
				-0.47,
				0.565795
			],
			[
				-0.46,
				0.579043
			],
			[
				-0.45,
				0.592291
			],
			[
				-0.44,
				0.605538
			],
			[
				-0.43,
				0.618786
			],
			[
				-0.42,
				0.632034
			],
			[
				-0.41,
				0.645282
			],
			[
				-0.4,
				0.65853
			],
			[
				-0.39,
				0.671777
			],
			[
				-0.38,
				0.685025
			],
			[
				-0.37,
				0.698273
			],
			[
				-0.36,
				0.711521
			],
			[
				-0.35,
				0.724769
			],
			[
				-0.34,
				0.738016
			],
			[
				-0.33,
				0.751264
			],
			[
				-0.32,
				0.764512
			],
			[
				-0.31,
				0.77776
			],
			[
				-0.3,
				0.791008
			],
			[
				-0.29,
				0.804255
			],
			[
				-0.28,
				0.817503
			],
			[
				-0.27,
				0.830751
			],
			[
				-0.26,
				0.843999
			],
			[
				-0.25,
				0.857247
			],
			[
				-0.24,
				0.870494
			],
			[
				-0.23,
				0.883742
			],
			[
				-0.22,
				0.89699
			],
			[
				-0.21,
				0.910238
			],
			[
				-0.2,
				0.923486
			],
			[
				-0.19,
				0.936733
			],
			[
				-0.18,
				0.949981
			],
			[
				-0.17,
				0.963229
			],
			[
				-0.16,
				0.976477
			],
			[
				-0.15,
				0.989725
			],
			[
				-0.14,
				1.00297
			],
			[
				-0.13,
				1.01622
			],
			[
				-0.12,
				1.02947
			],
			[
				-0.11,
				1.04272
			],
			[
				-0.1,
				1.05596
			],
			[
				-0.09,
				1.06921
			],
			[
				-0.08,
				1.08246
			],
			[
				-0.07,
				1.09571
			],
			[
				-0.06,
				1.10895
			],
			[
				-0.05,
				1.1222
			],
			[
				-0.04,
				1.13545
			],
			[
				-0.03,
				1.1487
			],
			[
				-0.02,
				1.16195
			],
			[
				-0.01,
				1.17519
			],
			[
				0.0,
				1.18844
			]
		]
	}
}
