{
	"ID": 120,
	"name": "VACODYM_4020_060C",
	"conductivity": 0.0,
	"relPermeability": 0.0,
	"remanence": "no information",
	"linear": false,
	"BHCurve": {
		"default": [
			[
				-0.9267770000000001,
				0.0
			],
			[
				-0.9261459999999999,
				0.000835783
			],
			[
				-0.9251459999999999,
				0.00216056
			],
			[
				-0.9241459999999999,
				0.00348534
			],
			[
				-0.9231459999999999,
				0.00481012
			],
			[
				-0.9221459999999999,
				0.0061349
			],
			[
				-0.9211459999999999,
				0.00745968
			],
			[
				-0.9201459999999999,
				0.00878446
			],
			[
				-0.9191459999999999,
				0.0101092
			],
			[
				-0.9181459999999999,
				0.011434
			],
			[
				-0.9171459999999999,
				0.0127588
			],
			[
				-0.9161459999999999,
				0.0140836
			],
			[
				-0.9151459999999999,
				0.0154084
			],
			[
				-0.9141459999999999,
				0.0167331
			],
			[
				-0.913146,
				0.0180579
			],
			[
				-0.912146,
				0.0193827
			],
			[
				-0.911146,
				0.0207075
			],
			[
				-0.910146,
				0.0220323
			],
			[
				-0.909146,
				0.023357
			],
			[
				-0.908146,
				0.0246818
			],
			[
				-0.907146,
				0.0260066
			],
			[
				-0.906146,
				0.0273314
			],
			[
				-0.905146,
				0.0286562
			],
			[
				-0.904146,
				0.0299809
			],
			[
				-0.903146,
				0.0313057
			],
			[
				-0.902146,
				0.0326305
			],
			[
				-0.901146,
				0.0339553
			],
			[
				-0.900146,
				0.0352801
			],
			[
				-0.899146,
				0.0366048
			],
			[
				-0.898146,
				0.0379296
			],
			[
				-0.895,
				0.042098
			],
			[
				-0.89,
				0.0487219
			],
			[
				-0.885,
				0.0553458
			],
			[
				-0.88,
				0.0619697
			],
			[
				-0.875,
				0.0685936
			],
			[
				-0.87,
				0.0752175
			],
			[
				-0.865,
				0.0818414
			],
			[
				-0.86,
				0.0884653
			],
			[
				-0.855,
				0.0950892
			],
			[
				-0.85,
				0.101713
			],
			[
				-0.845,
				0.108337
			],
			[
				-0.84,
				0.114961
			],
			[
				-0.835,
				0.121585
			],
			[
				-0.83,
				0.128209
			],
			[
				-0.825,
				0.134833
			],
			[
				-0.82,
				0.141457
			],
			[
				-0.815,
				0.14808
			],
			[
				-0.81,
				0.154704
			],
			[
				-0.805,
				0.161328
			],
			[
				-0.8,
				0.167952
			],
			[
				-0.795,
				0.174576
			],
			[
				-0.79,
				0.1812
			],
			[
				-0.785,
				0.187824
			],
			[
				-0.78,
				0.194448
			],
			[
				-0.775,
				0.201072
			],
			[
				-0.77,
				0.207695
			],
			[
				-0.765,
				0.214319
			],
			[
				-0.76,
				0.220943
			],
			[
				-0.755,
				0.227567
			],
			[
				-0.75,
				0.234191
			],
			[
				-0.745,
				0.240815
			],
			[
				-0.74,
				0.247439
			],
			[
				-0.735,
				0.254063
			],
			[
				-0.73,
				0.260687
			],
			[
				-0.725,
				0.267311
			],
			[
				-0.72,
				0.273934
			],
			[
				-0.715,
				0.280558
			],
			[
				-0.71,
				0.287182
			],
			[
				-0.705,
				0.293806
			],
			[
				-0.7,
				0.30043
			],
			[
				-0.695,
				0.307054
			],
			[
				-0.69,
				0.313678
			],
			[
				-0.685,
				0.320302
			],
			[
				-0.68,
				0.326926
			],
			[
				-0.675,
				0.33355
			],
			[
				-0.67,
				0.340173
			],
			[
				-0.665,
				0.346797
			],
			[
				-0.66,
				0.353421
			],
			[
				-0.655,
				0.360045
			],
			[
				-0.65,
				0.366669
			],
			[
				-0.645,
				0.373293
			],
			[
				-0.64,
				0.379917
			],
			[
				-0.635,
				0.386541
			],
			[
				-0.63,
				0.393165
			],
			[
				-0.625,
				0.399789
			],
			[
				-0.62,
				0.406412
			],
			[
				-0.615,
				0.413036
			],
			[
				-0.61,
				0.41966
			],
			[
				-0.605,
				0.426284
			],
			[
				-0.6,
				0.432908
			],
			[
				-0.595,
				0.439532
			],
			[
				-0.59,
				0.446156
			],
			[
				-0.585,
				0.45278
			],
			[
				-0.58,
				0.459404
			],
			[
				-0.575,
				0.466028
			],
			[
				-0.57,
				0.472651
			],
			[
				-0.565,
				0.479275
			],
			[
				-0.56,
				0.485899
			],
			[
				-0.555,
				0.492523
			],
			[
				-0.55,
				0.499147
			],
			[
				-0.545,
				0.505771
			],
			[
				-0.54,
				0.512395
			],
			[
				-0.535,
				0.519019
			],
			[
				-0.53,
				0.525643
			],
			[
				-0.525,
				0.532267
			],
			[
				-0.52,
				0.53889
			],
			[
				-0.515,
				0.545514
			],
			[
				-0.51,
				0.552138
			],
			[
				-0.505,
				0.558762
			],
			[
				-0.5,
				0.565386
			],
			[
				-0.495,
				0.57201
			],
			[
				-0.49,
				0.578634
			],
			[
				-0.485,
				0.585258
			],
			[
				-0.48,
				0.591882
			],
			[
				-0.475,
				0.598506
			],
			[
				-0.47,
				0.605129
			],
			[
				-0.465,
				0.611753
			],
			[
				-0.46,
				0.618377
			],
			[
				-0.455,
				0.625001
			],
			[
				-0.45,
				0.631625
			],
			[
				-0.445,
				0.638249
			],
			[
				-0.44,
				0.644873
			],
			[
				-0.435,
				0.651497
			],
			[
				-0.43,
				0.658121
			],
			[
				-0.425,
				0.664745
			],
			[
				-0.42,
				0.671368
			],
			[
				-0.415,
				0.677992
			],
			[
				-0.41,
				0.684616
			],
			[
				-0.405,
				0.69124
			],
			[
				-0.4,
				0.697864
			],
			[
				-0.395,
				0.704488
			],
			[
				-0.39,
				0.711112
			],
			[
				-0.385,
				0.717736
			],
			[
				-0.38,
				0.72436
			],
			[
				-0.375,
				0.730984
			],
			[
				-0.37,
				0.737607
			],
			[
				-0.365,
				0.744231
			],
			[
				-0.36,
				0.750855
			],
			[
				-0.355,
				0.757479
			],
			[
				-0.35,
				0.764103
			],
			[
				-0.345,
				0.770727
			],
			[
				-0.34,
				0.777351
			],
			[
				-0.335,
				0.783975
			],
			[
				-0.33,
				0.790599
			],
			[
				-0.325,
				0.797223
			],
			[
				-0.32,
				0.803846
			],
			[
				-0.315,
				0.81047
			],
			[
				-0.31,
				0.817094
			],
			[
				-0.305,
				0.823718
			],
			[
				-0.3,
				0.830342
			],
			[
				-0.295,
				0.836966
			],
			[
				-0.29,
				0.84359
			],
			[
				-0.285,
				0.850214
			],
			[
				-0.28,
				0.856838
			],
			[
				-0.275,
				0.863462
			],
			[
				-0.27,
				0.870085
			],
			[
				-0.265,
				0.876709
			],
			[
				-0.26,
				0.883333
			],
			[
				-0.255,
				0.889957
			],
			[
				-0.25,
				0.896581
			],
			[
				-0.245,
				0.903205
			],
			[
				-0.24,
				0.909829
			],
			[
				-0.235,
				0.916453
			],
			[
				-0.23,
				0.923077
			],
			[
				-0.225,
				0.929701
			],
			[
				-0.22,
				0.936324
			],
			[
				-0.215,
				0.942948
			],
			[
				-0.21,
				0.949572
			],
			[
				-0.205,
				0.956196
			],
			[
				-0.2,
				0.96282
			],
			[
				-0.195,
				0.969444
			],
			[
				-0.19,
				0.976068
			],
			[
				-0.185,
				0.982692
			],
			[
				-0.18,
				0.989316
			],
			[
				-0.175,
				0.99594
			],
			[
				-0.17,
				1.00256
			],
			[
				-0.165,
				1.00919
			],
			[
				-0.16,
				1.01581
			],
			[
				-0.155,
				1.02244
			],
			[
				-0.15,
				1.02906
			],
			[
				-0.145,
				1.03568
			],
			[
				-0.14,
				1.04231
			],
			[
				-0.135,
				1.04893
			],
			[
				-0.13,
				1.05555
			],
			[
				-0.125,
				1.06218
			],
			[
				-0.12,
				1.0688
			],
			[
				-0.115,
				1.07543
			],
			[
				-0.11,
				1.08205
			],
			[
				-0.105,
				1.08867
			],
			[
				-0.1,
				1.0953
			],
			[
				-0.095,
				1.10192
			],
			[
				-0.09,
				1.10855
			],
			[
				-0.085,
				1.11517
			],
			[
				-0.08,
				1.12179
			],
			[
				-0.075,
				1.12842
			],
			[
				-0.07,
				1.13504
			],
			[
				-0.065,
				1.14167
			],
			[
				-0.06,
				1.14829
			],
			[
				-0.055,
				1.15491
			],
			[
				-0.05,
				1.16154
			],
			[
				-0.045,
				1.16816
			],
			[
				-0.04,
				1.17478
			],
			[
				-0.035,
				1.18141
			],
			[
				-0.03,
				1.18803
			],
			[
				-0.025,
				1.19466
			],
			[
				-0.02,
				1.20128
			],
			[
				-0.015,
				1.2079
			],
			[
				-0.01,
				1.21453
			],
			[
				-0.005,
				1.22115
			],
			[
				0.0,
				1.22778
			]
		]
	}
}
