{
	"ID": 154,
	"name": "VACODYM_669AP_100C",
	"conductivity": 0.0,
	"relPermeability": 0.0,
	"remanence": "no information",
	"linear": false,
	"BHCurve": {
		"default": [
			[
				-0.804439,
				0.0
			],
			[
				-0.8,
				0.00595437
			],
			[
				-0.79,
				0.0193682
			],
			[
				-0.78,
				0.032782
			],
			[
				-0.77,
				0.0461959
			],
			[
				-0.76,
				0.0596097
			],
			[
				-0.75,
				0.0730235
			],
			[
				-0.74,
				0.0864374
			],
			[
				-0.73,
				0.0998512
			],
			[
				-0.72,
				0.113265
			],
			[
				-0.71,
				0.126679
			],
			[
				-0.7,
				0.140093
			],
			[
				-0.69,
				0.153507
			],
			[
				-0.68,
				0.16692
			],
			[
				-0.67,
				0.180334
			],
			[
				-0.66,
				0.193748
			],
			[
				-0.65,
				0.207162
			],
			[
				-0.64,
				0.220576
			],
			[
				-0.63,
				0.23399
			],
			[
				-0.62,
				0.247403
			],
			[
				-0.61,
				0.260817
			],
			[
				-0.6,
				0.274231
			],
			[
				-0.59,
				0.287645
			],
			[
				-0.58,
				0.301059
			],
			[
				-0.57,
				0.314473
			],
			[
				-0.56,
				0.327886
			],
			[
				-0.55,
				0.3413
			],
			[
				-0.54,
				0.354714
			],
			[
				-0.53,
				0.368128
			],
			[
				-0.52,
				0.381542
			],
			[
				-0.51,
				0.394956
			],
			[
				-0.5,
				0.408369
			],
			[
				-0.49,
				0.421783
			],
			[
				-0.48,
				0.435197
			],
			[
				-0.47,
				0.448611
			],
			[
				-0.46,
				0.462025
			],
			[
				-0.45,
				0.475439
			],
			[
				-0.44,
				0.488852
			],
			[
				-0.43,
				0.502266
			],
			[
				-0.42,
				0.51568
			],
			[
				-0.41,
				0.529094
			],
			[
				-0.4,
				0.542508
			],
			[
				-0.39,
				0.555922
			],
			[
				-0.38,
				0.569335
			],
			[
				-0.37,
				0.582749
			],
			[
				-0.36,
				0.596163
			],
			[
				-0.35,
				0.609577
			],
			[
				-0.34,
				0.622991
			],
			[
				-0.33,
				0.636405
			],
			[
				-0.32,
				0.649819
			],
			[
				-0.31,
				0.663232
			],
			[
				-0.3,
				0.676646
			],
			[
				-0.29,
				0.69006
			],
			[
				-0.28,
				0.703474
			],
			[
				-0.27,
				0.716888
			],
			[
				-0.26,
				0.730302
			],
			[
				-0.25,
				0.743715
			],
			[
				-0.24,
				0.757129
			],
			[
				-0.23,
				0.770543
			],
			[
				-0.22,
				0.783957
			],
			[
				-0.21,
				0.797371
			],
			[
				-0.2,
				0.810785
			],
			[
				-0.19,
				0.824198
			],
			[
				-0.18,
				0.837612
			],
			[
				-0.17,
				0.851026
			],
			[
				-0.16,
				0.86444
			],
			[
				-0.15,
				0.877854
			],
			[
				-0.14,
				0.891268
			],
			[
				-0.13,
				0.904681
			],
			[
				-0.12,
				0.918095
			],
			[
				-0.11,
				0.931509
			],
			[
				-0.1,
				0.944923
			],
			[
				-0.09,
				0.958337
			],
			[
				-0.08,
				0.971751
			],
			[
				-0.07,
				0.985164
			],
			[
				-0.06,
				0.998578
			],
			[
				-0.05,
				1.01199
			],
			[
				-0.04,
				1.02541
			],
			[
				-0.03,
				1.03882
			],
			[
				-0.02,
				1.05223
			],
			[
				-0.01,
				1.06565
			],
			[
				0.0,
				1.07906
			]
		]
	}
}
