{
	"ID": 158,
	"name": "VACODYM_669AP_20C",
	"conductivity": 0.0,
	"relPermeability": 0.0,
	"remanence": "no information",
	"linear": false,
	"BHCurve": {
		"default": [
			[
				-0.886547,
				0.0
			],
			[
				-0.88,
				0.00856442
			],
			[
				-0.87,
				0.0216462
			],
			[
				-0.86,
				0.0347279
			],
			[
				-0.85,
				0.0478097
			],
			[
				-0.84,
				0.0608915
			],
			[
				-0.83,
				0.0739732
			],
			[
				-0.82,
				0.087055
			],
			[
				-0.81,
				0.100137
			],
			[
				-0.8,
				0.113219
			],
			[
				-0.79,
				0.1263
			],
			[
				-0.78,
				0.139382
			],
			[
				-0.77,
				0.152464
			],
			[
				-0.76,
				0.165546
			],
			[
				-0.75,
				0.178627
			],
			[
				-0.74,
				0.191709
			],
			[
				-0.73,
				0.204791
			],
			[
				-0.72,
				0.217873
			],
			[
				-0.71,
				0.230954
			],
			[
				-0.7,
				0.244036
			],
			[
				-0.69,
				0.257118
			],
			[
				-0.68,
				0.2702
			],
			[
				-0.67,
				0.283281
			],
			[
				-0.66,
				0.296363
			],
			[
				-0.65,
				0.309445
			],
			[
				-0.64,
				0.322527
			],
			[
				-0.63,
				0.335608
			],
			[
				-0.62,
				0.34869
			],
			[
				-0.61,
				0.361772
			],
			[
				-0.6,
				0.374854
			],
			[
				-0.59,
				0.387935
			],
			[
				-0.58,
				0.401017
			],
			[
				-0.57,
				0.414099
			],
			[
				-0.56,
				0.427181
			],
			[
				-0.55,
				0.440263
			],
			[
				-0.54,
				0.453344
			],
			[
				-0.53,
				0.466426
			],
			[
				-0.52,
				0.479508
			],
			[
				-0.51,
				0.49259
			],
			[
				-0.5,
				0.505671
			],
			[
				-0.49,
				0.518753
			],
			[
				-0.48,
				0.531835
			],
			[
				-0.47,
				0.544917
			],
			[
				-0.46,
				0.557998
			],
			[
				-0.45,
				0.57108
			],
			[
				-0.44,
				0.584162
			],
			[
				-0.43,
				0.597244
			],
			[
				-0.42,
				0.610325
			],
			[
				-0.41,
				0.623407
			],
			[
				-0.4,
				0.636489
			],
			[
				-0.39,
				0.649571
			],
			[
				-0.38,
				0.662652
			],
			[
				-0.37,
				0.675734
			],
			[
				-0.36,
				0.688816
			],
			[
				-0.35,
				0.701898
			],
			[
				-0.34,
				0.71498
			],
			[
				-0.33,
				0.728061
			],
			[
				-0.32,
				0.741143
			],
			[
				-0.31,
				0.754225
			],
			[
				-0.3,
				0.767307
			],
			[
				-0.29,
				0.780388
			],
			[
				-0.28,
				0.79347
			],
			[
				-0.27,
				0.806552
			],
			[
				-0.26,
				0.819634
			],
			[
				-0.25,
				0.832715
			],
			[
				-0.24,
				0.845797
			],
			[
				-0.23,
				0.858879
			],
			[
				-0.22,
				0.871961
			],
			[
				-0.21,
				0.885042
			],
			[
				-0.2,
				0.898124
			],
			[
				-0.19,
				0.911206
			],
			[
				-0.18,
				0.924288
			],
			[
				-0.17,
				0.937369
			],
			[
				-0.16,
				0.950451
			],
			[
				-0.15,
				0.963533
			],
			[
				-0.14,
				0.976615
			],
			[
				-0.13,
				0.989696
			],
			[
				-0.12,
				1.00278
			],
			[
				-0.11,
				1.01586
			],
			[
				-0.1,
				1.02894
			],
			[
				-0.09,
				1.04202
			],
			[
				-0.08,
				1.05511
			],
			[
				-0.07,
				1.06819
			],
			[
				-0.06,
				1.08127
			],
			[
				-0.05,
				1.09435
			],
			[
				-0.04,
				1.10743
			],
			[
				-0.03,
				1.12051
			],
			[
				-0.02,
				1.1336
			],
			[
				-0.01,
				1.14668
			],
			[
				0.0,
				1.15976
			]
		]
	}
}
