{
	"ID": 110,
	"name": "VACODYM_3625_060C",
	"conductivity": 0.0,
	"relPermeability": 1.0,
	"remanence": 0.0,
	"linear": false,
	"BHCurve": {
		"default": [
			[
				-0.876035,
				0.0
			],
			[
				-0.875,
				0.00137168
			],
			[
				-0.87,
				0.00799558
			],
			[
				-0.865,
				0.0146195
			],
			[
				-0.86,
				0.0212434
			],
			[
				-0.855,
				0.0278673
			],
			[
				-0.85,
				0.0344912
			],
			[
				-0.845,
				0.0411151
			],
			[
				-0.84,
				0.047739
			],
			[
				-0.835,
				0.0543629
			],
			[
				-0.83,
				0.0609868
			],
			[
				-0.825,
				0.0676107
			],
			[
				-0.82,
				0.0742346
			],
			[
				-0.815,
				0.0808585
			],
			[
				-0.81,
				0.0874824
			],
			[
				-0.805,
				0.0941063
			],
			[
				-0.8,
				0.10073
			],
			[
				-0.795,
				0.107354
			],
			[
				-0.79,
				0.113978
			],
			[
				-0.785,
				0.120602
			],
			[
				-0.78,
				0.127226
			],
			[
				-0.775,
				0.13385
			],
			[
				-0.77,
				0.140474
			],
			[
				-0.765,
				0.147097
			],
			[
				-0.76,
				0.153721
			],
			[
				-0.755,
				0.160345
			],
			[
				-0.75,
				0.166969
			],
			[
				-0.745,
				0.173593
			],
			[
				-0.74,
				0.180217
			],
			[
				-0.735,
				0.186841
			],
			[
				-0.73,
				0.193465
			],
			[
				-0.725,
				0.200089
			],
			[
				-0.72,
				0.206713
			],
			[
				-0.715,
				0.213336
			],
			[
				-0.71,
				0.21996
			],
			[
				-0.705,
				0.226584
			],
			[
				-0.7,
				0.233208
			],
			[
				-0.695,
				0.239832
			],
			[
				-0.69,
				0.246456
			],
			[
				-0.685,
				0.25308
			],
			[
				-0.68,
				0.259704
			],
			[
				-0.675,
				0.266328
			],
			[
				-0.67,
				0.272952
			],
			[
				-0.665,
				0.279575
			],
			[
				-0.66,
				0.286199
			],
			[
				-0.655,
				0.292823
			],
			[
				-0.65,
				0.299447
			],
			[
				-0.645,
				0.306071
			],
			[
				-0.64,
				0.312695
			],
			[
				-0.635,
				0.319319
			],
			[
				-0.63,
				0.325943
			],
			[
				-0.625,
				0.332567
			],
			[
				-0.62,
				0.339191
			],
			[
				-0.615,
				0.345814
			],
			[
				-0.61,
				0.352438
			],
			[
				-0.605,
				0.359062
			],
			[
				-0.6,
				0.365686
			],
			[
				-0.595,
				0.37231
			],
			[
				-0.59,
				0.378934
			],
			[
				-0.585,
				0.385558
			],
			[
				-0.58,
				0.392182
			],
			[
				-0.575,
				0.398806
			],
			[
				-0.57,
				0.40543
			],
			[
				-0.565,
				0.412053
			],
			[
				-0.56,
				0.418677
			],
			[
				-0.555,
				0.425301
			],
			[
				-0.55,
				0.431925
			],
			[
				-0.545,
				0.438549
			],
			[
				-0.54,
				0.445173
			],
			[
				-0.535,
				0.451797
			],
			[
				-0.53,
				0.458421
			],
			[
				-0.525,
				0.465045
			],
			[
				-0.52,
				0.471669
			],
			[
				-0.515,
				0.478292
			],
			[
				-0.51,
				0.484916
			],
			[
				-0.505,
				0.49154
			],
			[
				-0.5,
				0.498164
			],
			[
				-0.495,
				0.504788
			],
			[
				-0.49,
				0.511412
			],
			[
				-0.485,
				0.518036
			],
			[
				-0.48,
				0.52466
			],
			[
				-0.475,
				0.531284
			],
			[
				-0.47,
				0.537908
			],
			[
				-0.465,
				0.544531
			],
			[
				-0.46,
				0.551155
			],
			[
				-0.455,
				0.557779
			],
			[
				-0.45,
				0.564403
			],
			[
				-0.445,
				0.571027
			],
			[
				-0.44,
				0.577651
			],
			[
				-0.435,
				0.584275
			],
			[
				-0.43,
				0.590899
			],
			[
				-0.425,
				0.597523
			],
			[
				-0.42,
				0.604147
			],
			[
				-0.415,
				0.61077
			],
			[
				-0.41,
				0.617394
			],
			[
				-0.405,
				0.624018
			],
			[
				-0.4,
				0.630642
			],
			[
				-0.395,
				0.637266
			],
			[
				-0.39,
				0.64389
			],
			[
				-0.385,
				0.650514
			],
			[
				-0.38,
				0.657138
			],
			[
				-0.375,
				0.663762
			],
			[
				-0.37,
				0.670386
			],
			[
				-0.365,
				0.677009
			],
			[
				-0.36,
				0.683633
			],
			[
				-0.355,
				0.690257
			],
			[
				-0.35,
				0.696881
			],
			[
				-0.345,
				0.703505
			],
			[
				-0.34,
				0.710129
			],
			[
				-0.335,
				0.716753
			],
			[
				-0.33,
				0.723377
			],
			[
				-0.325,
				0.730001
			],
			[
				-0.32,
				0.736625
			],
			[
				-0.315,
				0.743248
			],
			[
				-0.31,
				0.749872
			],
			[
				-0.305,
				0.756496
			],
			[
				-0.3,
				0.76312
			],
			[
				-0.295,
				0.769744
			],
			[
				-0.29,
				0.776368
			],
			[
				-0.285,
				0.782992
			],
			[
				-0.28,
				0.789616
			],
			[
				-0.275,
				0.79624
			],
			[
				-0.27,
				0.802864
			],
			[
				-0.265,
				0.809487
			],
			[
				-0.26,
				0.816111
			],
			[
				-0.255,
				0.822735
			],
			[
				-0.25,
				0.829359
			],
			[
				-0.245,
				0.835983
			],
			[
				-0.24,
				0.842607
			],
			[
				-0.235,
				0.849231
			],
			[
				-0.23,
				0.855855
			],
			[
				-0.225,
				0.862479
			],
			[
				-0.22,
				0.869102
			],
			[
				-0.215,
				0.875726
			],
			[
				-0.21,
				0.88235
			],
			[
				-0.205,
				0.888974
			],
			[
				-0.2,
				0.895598
			],
			[
				-0.195,
				0.902222
			],
			[
				-0.19,
				0.908846
			],
			[
				-0.185,
				0.91547
			],
			[
				-0.18,
				0.922094
			],
			[
				-0.175,
				0.928718
			],
			[
				-0.17,
				0.935341
			],
			[
				-0.165,
				0.941965
			],
			[
				-0.16,
				0.948589
			],
			[
				-0.155,
				0.955213
			],
			[
				-0.15,
				0.961837
			],
			[
				-0.145,
				0.968461
			],
			[
				-0.14,
				0.975085
			],
			[
				-0.135,
				0.981709
			],
			[
				-0.13,
				0.988333
			],
			[
				-0.125,
				0.994957
			],
			[
				-0.12,
				1.00158
			],
			[
				-0.115,
				1.0082
			],
			[
				-0.11,
				1.01483
			],
			[
				-0.105,
				1.02145
			],
			[
				-0.1,
				1.02808
			],
			[
				-0.095,
				1.0347
			],
			[
				-0.09,
				1.04132
			],
			[
				-0.085,
				1.04795
			],
			[
				-0.08,
				1.05457
			],
			[
				-0.075,
				1.0612
			],
			[
				-0.07,
				1.06782
			],
			[
				-0.065,
				1.07444
			],
			[
				-0.06,
				1.08107
			],
			[
				-0.055,
				1.08769
			],
			[
				-0.05,
				1.09432
			],
			[
				-0.045,
				1.10094
			],
			[
				-0.04,
				1.10756
			],
			[
				-0.035,
				1.11419
			],
			[
				-0.03,
				1.12081
			],
			[
				-0.025,
				1.12743
			],
			[
				-0.02,
				1.13406
			],
			[
				-0.015,
				1.14068
			],
			[
				-0.01,
				1.14731
			],
			[
				-0.005,
				1.15393
			],
			[
				0.0,
				1.16055
			]
		]
	}
}
