{
	"ID": 128,
	"name": "VACODYM_633AP_100C",
	"conductivity": 0.0,
	"relPermeability": 0.0,
	"remanence": "no information",
	"linear": false,
	"BHCurve": {
		"default": [
			[
				-0.73776,
				0.0
			],
			[
				-0.73738,
				0.017454
			],
			[
				-0.73638,
				0.0705016
			],
			[
				-0.73538,
				0.104963
			],
			[
				-0.73438,
				0.116683
			],
			[
				-0.73338,
				0.124464
			],
			[
				-0.73238,
				0.13031
			],
			[
				-0.73138,
				0.135694
			],
			[
				-0.73038,
				0.140198
			],
			[
				-0.72938,
				0.14414
			],
			[
				-0.72838,
				0.147916
			],
			[
				-0.72738,
				0.151531
			],
			[
				-0.72638,
				0.154958
			],
			[
				-0.72538,
				0.158234
			],
			[
				-0.72438,
				0.161394
			],
			[
				-0.72338,
				0.164473
			],
			[
				-0.72238,
				0.167508
			],
			[
				-0.72138,
				0.170525
			],
			[
				-0.72038,
				0.173508
			],
			[
				-0.71938,
				0.176436
			],
			[
				-0.71838,
				0.179288
			],
			[
				-0.71738,
				0.182045
			],
			[
				-0.71638,
				0.184684
			],
			[
				-0.71538,
				0.187188
			],
			[
				-0.71438,
				0.189585
			],
			[
				-0.71338,
				0.191915
			],
			[
				-0.71238,
				0.194183
			],
			[
				-0.71138,
				0.196394
			],
			[
				-0.71038,
				0.198551
			],
			[
				-0.70938,
				0.200659
			],
			[
				-0.70838,
				0.202722
			],
			[
				-0.70738,
				0.204745
			],
			[
				-0.70638,
				0.206732
			],
			[
				-0.70538,
				0.208686
			],
			[
				-0.70438,
				0.210614
			],
			[
				-0.70338,
				0.212518
			],
			[
				-0.70238,
				0.214404
			],
			[
				-0.70138,
				0.216269
			],
			[
				-0.70038,
				0.218104
			],
			[
				-0.69938,
				0.219908
			],
			[
				-0.69838,
				0.221685
			],
			[
				-0.69738,
				0.223436
			],
			[
				-0.69638,
				0.225162
			],
			[
				-0.69538,
				0.226867
			],
			[
				-0.69438,
				0.228551
			],
			[
				-0.69338,
				0.230216
			],
			[
				-0.69238,
				0.231866
			],
			[
				-0.69138,
				0.2335
			],
			[
				-0.69038,
				0.235121
			],
			[
				-0.68938,
				0.236732
			],
			[
				-0.68838,
				0.238334
			],
			[
				-0.68738,
				0.239928
			],
			[
				-0.68638,
				0.241518
			],
			[
				-0.68538,
				0.243104
			],
			[
				-0.68438,
				0.244681
			],
			[
				-0.68338,
				0.246245
			],
			[
				-0.68238,
				0.247796
			],
			[
				-0.68138,
				0.249335
			],
			[
				-0.68038,
				0.250863
			],
			[
				-0.67938,
				0.25238
			],
			[
				-0.67838,
				0.253887
			],
			[
				-0.67738,
				0.255383
			],
			[
				-0.67638,
				0.25687
			],
			[
				-0.67538,
				0.258348
			],
			[
				-0.67438,
				0.259818
			],
			[
				-0.67338,
				0.26128
			],
			[
				-0.67238,
				0.262734
			],
			[
				-0.67138,
				0.264182
			],
			[
				-0.67038,
				0.265623
			],
			[
				-0.66938,
				0.267058
			],
			[
				-0.66838,
				0.268488
			],
			[
				-0.66738,
				0.269913
			],
			[
				-0.66638,
				0.271333
			],
			[
				-0.66538,
				0.272748
			],
			[
				-0.66438,
				0.274157
			],
			[
				-0.66338,
				0.275562
			],
			[
				-0.66238,
				0.276963
			],
			[
				-0.66138,
				0.278359
			],
			[
				-0.66038,
				0.27975
			],
			[
				-0.65938,
				0.281137
			],
			[
				-0.65838,
				0.28252
			],
			[
				-0.65738,
				0.283899
			],
			[
				-0.65638,
				0.285274
			],
			[
				-0.65538,
				0.286645
			],
			[
				-0.65438,
				0.288013
			],
			[
				-0.65338,
				0.289377
			],
			[
				-0.65238,
				0.290737
			],
			[
				-0.65138,
				0.292094
			],
			[
				-0.65038,
				0.293448
			],
			[
				-0.64938,
				0.294799
			],
			[
				-0.64838,
				0.296147
			],
			[
				-0.64738,
				0.297492
			],
			[
				-0.64638,
				0.298834
			],
			[
				-0.64538,
				0.300174
			],
			[
				-0.64438,
				0.301511
			],
			[
				-0.64338,
				0.302845
			],
			[
				-0.64238,
				0.304178
			],
			[
				-0.64138,
				0.305508
			],
			[
				-0.64038,
				0.306836
			],
			[
				-0.63938,
				0.308163
			],
			[
				-0.63838,
				0.309487
			],
			[
				-0.63738,
				0.31081
			],
			[
				-0.63638,
				0.312131
			],
			[
				-0.63538,
				0.313451
			],
			[
				-0.6343799999999999,
				0.31477
			],
			[
				-0.6333799999999999,
				0.316087
			],
			[
				-0.6323799999999999,
				0.317403
			],
			[
				-0.6313799999999999,
				0.318719
			],
			[
				-0.6303799999999999,
				0.320033
			],
			[
				-0.62938,
				0.321347
			],
			[
				-0.62838,
				0.32266
			],
			[
				-0.62738,
				0.323973
			],
			[
				-0.62638,
				0.325285
			],
			[
				-0.62538,
				0.326597
			],
			[
				-0.62438,
				0.327909
			],
			[
				-0.62338,
				0.329221
			],
			[
				-0.62238,
				0.330533
			],
			[
				-0.62138,
				0.331845
			],
			[
				-0.62038,
				0.333157
			],
			[
				-0.61938,
				0.33447
			],
			[
				-0.61838,
				0.335784
			],
			[
				-0.61738,
				0.337098
			],
			[
				-0.61638,
				0.338413
			],
			[
				-0.61538,
				0.339729
			],
			[
				-0.61438,
				0.341047
			],
			[
				-0.61338,
				0.342365
			],
			[
				-0.61238,
				0.343684
			],
			[
				-0.61138,
				0.345005
			],
			[
				-0.61038,
				0.346328
			],
			[
				-0.60938,
				0.347652
			],
			[
				-0.60838,
				0.348978
			],
			[
				-0.60738,
				0.350306
			],
			[
				-0.6,
				0.36017
			],
			[
				-0.59,
				0.373584
			],
			[
				-0.58,
				0.386997
			],
			[
				-0.57,
				0.400411
			],
			[
				-0.56,
				0.413825
			],
			[
				-0.55,
				0.427239
			],
			[
				-0.54,
				0.440653
			],
			[
				-0.53,
				0.454067
			],
			[
				-0.52,
				0.467481
			],
			[
				-0.51,
				0.480894
			],
			[
				-0.5,
				0.494308
			],
			[
				-0.49,
				0.507722
			],
			[
				-0.48,
				0.521136
			],
			[
				-0.47,
				0.53455
			],
			[
				-0.46,
				0.547964
			],
			[
				-0.45,
				0.561377
			],
			[
				-0.44,
				0.574791
			],
			[
				-0.43,
				0.588205
			],
			[
				-0.42,
				0.601619
			],
			[
				-0.41,
				0.615033
			],
			[
				-0.4,
				0.628447
			],
			[
				-0.39,
				0.64186
			],
			[
				-0.38,
				0.655274
			],
			[
				-0.37,
				0.668688
			],
			[
				-0.36,
				0.682102
			],
			[
				-0.35,
				0.695516
			],
			[
				-0.34,
				0.70893
			],
			[
				-0.33,
				0.722343
			],
			[
				-0.32,
				0.735757
			],
			[
				-0.31,
				0.749171
			],
			[
				-0.3,
				0.762585
			],
			[
				-0.29,
				0.775999
			],
			[
				-0.28,
				0.789413
			],
			[
				-0.27,
				0.802826
			],
			[
				-0.26,
				0.81624
			],
			[
				-0.25,
				0.829654
			],
			[
				-0.24,
				0.843068
			],
			[
				-0.23,
				0.856482
			],
			[
				-0.22,
				0.869896
			],
			[
				-0.21,
				0.883309
			],
			[
				-0.2,
				0.896723
			],
			[
				-0.19,
				0.910137
			],
			[
				-0.18,
				0.923551
			],
			[
				-0.17,
				0.936965
			],
			[
				-0.16,
				0.950379
			],
			[
				-0.15,
				0.963792
			],
			[
				-0.14,
				0.977206
			],
			[
				-0.13,
				0.99062
			],
			[
				-0.12,
				1.00403
			],
			[
				-0.11,
				1.01745
			],
			[
				-0.1,
				1.03086
			],
			[
				-0.09,
				1.04428
			],
			[
				-0.08,
				1.05769
			],
			[
				-0.07,
				1.0711
			],
			[
				-0.06,
				1.08452
			],
			[
				-0.05,
				1.09793
			],
			[
				-0.04,
				1.11134
			],
			[
				-0.03,
				1.12476
			],
			[
				-0.02,
				1.13817
			],
			[
				-0.01,
				1.15159
			],
			[
				0.0,
				1.165
			]
		]
	}
}
