{
	"ID": 312,
	"name": "VACODYM_863TP_60C",
	"conductivity": 0.0,
	"relPermeability": 1.0,
	"remanence": 0.0,
	"linear": false,
	"BHCurve": {
		"default": [
			[
				-0.947178,
				0.0
			],
			[
				-0.94,
				0.00941882
			],
			[
				-0.93,
				0.0225408
			],
			[
				-0.92,
				0.0356628
			],
			[
				-0.91,
				0.0487849
			],
			[
				-0.9,
				0.0619069
			],
			[
				-0.89,
				0.0750289
			],
			[
				-0.88,
				0.0881509
			],
			[
				-0.87,
				0.101273
			],
			[
				-0.86,
				0.114395
			],
			[
				-0.85,
				0.127517
			],
			[
				-0.84,
				0.140639
			],
			[
				-0.83,
				0.153761
			],
			[
				-0.82,
				0.166883
			],
			[
				-0.81,
				0.180005
			],
			[
				-0.8,
				0.193127
			],
			[
				-0.79,
				0.206249
			],
			[
				-0.78,
				0.219371
			],
			[
				-0.77,
				0.232493
			],
			[
				-0.76,
				0.245615
			],
			[
				-0.75,
				0.258737
			],
			[
				-0.74,
				0.271859
			],
			[
				-0.73,
				0.284981
			],
			[
				-0.72,
				0.298103
			],
			[
				-0.71,
				0.311225
			],
			[
				-0.7,
				0.324347
			],
			[
				-0.69,
				0.337469
			],
			[
				-0.68,
				0.350591
			],
			[
				-0.67,
				0.363713
			],
			[
				-0.66,
				0.376835
			],
			[
				-0.65,
				0.389957
			],
			[
				-0.64,
				0.403079
			],
			[
				-0.63,
				0.416201
			],
			[
				-0.62,
				0.429323
			],
			[
				-0.61,
				0.442445
			],
			[
				-0.6,
				0.455567
			],
			[
				-0.59,
				0.468689
			],
			[
				-0.58,
				0.481811
			],
			[
				-0.57,
				0.494933
			],
			[
				-0.56,
				0.508055
			],
			[
				-0.55,
				0.521177
			],
			[
				-0.54,
				0.534299
			],
			[
				-0.53,
				0.547421
			],
			[
				-0.52,
				0.560543
			],
			[
				-0.51,
				0.573665
			],
			[
				-0.5,
				0.586787
			],
			[
				-0.49,
				0.599909
			],
			[
				-0.48,
				0.613031
			],
			[
				-0.47,
				0.626153
			],
			[
				-0.46,
				0.639275
			],
			[
				-0.45,
				0.652397
			],
			[
				-0.44,
				0.665519
			],
			[
				-0.43,
				0.678641
			],
			[
				-0.42,
				0.691763
			],
			[
				-0.41,
				0.704885
			],
			[
				-0.4,
				0.718007
			],
			[
				-0.39,
				0.73113
			],
			[
				-0.38,
				0.744252
			],
			[
				-0.37,
				0.757374
			],
			[
				-0.36,
				0.770496
			],
			[
				-0.35,
				0.783618
			],
			[
				-0.34,
				0.79674
			],
			[
				-0.33,
				0.809862
			],
			[
				-0.32,
				0.822984
			],
			[
				-0.31,
				0.836106
			],
			[
				-0.3,
				0.849228
			],
			[
				-0.29,
				0.86235
			],
			[
				-0.28,
				0.875472
			],
			[
				-0.27,
				0.888594
			],
			[
				-0.26,
				0.901716
			],
			[
				-0.25,
				0.914838
			],
			[
				-0.24,
				0.92796
			],
			[
				-0.23,
				0.941082
			],
			[
				-0.22,
				0.954204
			],
			[
				-0.21,
				0.967326
			],
			[
				-0.2,
				0.980448
			],
			[
				-0.19,
				0.99357
			],
			[
				-0.18,
				1.00669
			],
			[
				-0.17,
				1.01981
			],
			[
				-0.16,
				1.03294
			],
			[
				-0.15,
				1.04606
			],
			[
				-0.14,
				1.05918
			],
			[
				-0.13,
				1.0723
			],
			[
				-0.12,
				1.08542
			],
			[
				-0.11,
				1.09855
			],
			[
				-0.1,
				1.11167
			],
			[
				-0.09,
				1.12479
			],
			[
				-0.08,
				1.13791
			],
			[
				-0.07,
				1.15103
			],
			[
				-0.06,
				1.16416
			],
			[
				-0.05,
				1.17728
			],
			[
				-0.04,
				1.1904
			],
			[
				-0.03,
				1.20352
			],
			[
				-0.02,
				1.21664
			],
			[
				-0.01,
				1.22977
			],
			[
				0.0,
				1.24289
			]
		]
	}
}
