{
	"ID": 274,
	"name": "VACODYM_854AP_20C",
	"conductivity": 0.0,
	"relPermeability": 0.0,
	"remanence": "no information",
	"linear": false,
	"BHCurve": {
		"default": [
			[
				-0.962846,
				0.0
			],
			[
				-0.96,
				0.00372294
			],
			[
				-0.95,
				0.0168047
			],
			[
				-0.94,
				0.0298865
			],
			[
				-0.93,
				0.0429682
			],
			[
				-0.92,
				0.05605
			],
			[
				-0.91,
				0.0691317
			],
			[
				-0.9,
				0.0822135
			],
			[
				-0.89,
				0.0952953
			],
			[
				-0.88,
				0.108377
			],
			[
				-0.87,
				0.121459
			],
			[
				-0.86,
				0.134541
			],
			[
				-0.85,
				0.147622
			],
			[
				-0.84,
				0.160704
			],
			[
				-0.83,
				0.173786
			],
			[
				-0.82,
				0.186868
			],
			[
				-0.81,
				0.199949
			],
			[
				-0.8,
				0.213031
			],
			[
				-0.79,
				0.226113
			],
			[
				-0.78,
				0.239195
			],
			[
				-0.77,
				0.252276
			],
			[
				-0.76,
				0.265358
			],
			[
				-0.75,
				0.27844
			],
			[
				-0.74,
				0.291522
			],
			[
				-0.73,
				0.304603
			],
			[
				-0.72,
				0.317685
			],
			[
				-0.71,
				0.330767
			],
			[
				-0.7,
				0.343849
			],
			[
				-0.69,
				0.35693
			],
			[
				-0.68,
				0.370012
			],
			[
				-0.67,
				0.383094
			],
			[
				-0.66,
				0.396176
			],
			[
				-0.65,
				0.409258
			],
			[
				-0.64,
				0.422339
			],
			[
				-0.63,
				0.435421
			],
			[
				-0.62,
				0.448503
			],
			[
				-0.61,
				0.461585
			],
			[
				-0.6,
				0.474666
			],
			[
				-0.59,
				0.487748
			],
			[
				-0.58,
				0.50083
			],
			[
				-0.57,
				0.513912
			],
			[
				-0.56,
				0.526993
			],
			[
				-0.55,
				0.540075
			],
			[
				-0.54,
				0.553157
			],
			[
				-0.53,
				0.566239
			],
			[
				-0.52,
				0.57932
			],
			[
				-0.51,
				0.592402
			],
			[
				-0.5,
				0.605484
			],
			[
				-0.49,
				0.618566
			],
			[
				-0.48,
				0.631647
			],
			[
				-0.47,
				0.644729
			],
			[
				-0.46,
				0.657811
			],
			[
				-0.45,
				0.670893
			],
			[
				-0.44,
				0.683975
			],
			[
				-0.43,
				0.697056
			],
			[
				-0.42,
				0.710138
			],
			[
				-0.41,
				0.72322
			],
			[
				-0.4,
				0.736302
			],
			[
				-0.39,
				0.749383
			],
			[
				-0.38,
				0.762465
			],
			[
				-0.37,
				0.775547
			],
			[
				-0.36,
				0.788629
			],
			[
				-0.35,
				0.80171
			],
			[
				-0.34,
				0.814792
			],
			[
				-0.33,
				0.827874
			],
			[
				-0.32,
				0.840956
			],
			[
				-0.31,
				0.854037
			],
			[
				-0.3,
				0.867119
			],
			[
				-0.29,
				0.880201
			],
			[
				-0.28,
				0.893283
			],
			[
				-0.27,
				0.906364
			],
			[
				-0.26,
				0.919446
			],
			[
				-0.25,
				0.932528
			],
			[
				-0.24,
				0.94561
			],
			[
				-0.23,
				0.958691
			],
			[
				-0.22,
				0.971773
			],
			[
				-0.21,
				0.984855
			],
			[
				-0.2,
				0.997937
			],
			[
				-0.19,
				1.01102
			],
			[
				-0.18,
				1.0241
			],
			[
				-0.17,
				1.03718
			],
			[
				-0.16,
				1.05026
			],
			[
				-0.15,
				1.06335
			],
			[
				-0.14,
				1.07643
			],
			[
				-0.13,
				1.08951
			],
			[
				-0.12,
				1.10259
			],
			[
				-0.11,
				1.11567
			],
			[
				-0.1,
				1.12875
			],
			[
				-0.09,
				1.14184
			],
			[
				-0.08,
				1.15492
			],
			[
				-0.07,
				1.168
			],
			[
				-0.06,
				1.18108
			],
			[
				-0.05,
				1.19416
			],
			[
				-0.04,
				1.20724
			],
			[
				-0.03,
				1.22033
			],
			[
				-0.02,
				1.23341
			],
			[
				-0.01,
				1.24649
			],
			[
				0.0,
				1.25957
			]
		]
	}
}
