{
	"ID": 280,
	"name": "VACODYM_854TP_180C",
	"conductivity": 0.0,
	"relPermeability": 0.0,
	"remanence": "no information",
	"linear": false,
	"BHCurve": {
		"default": [
			[
				-0.388889,
				0.0
			],
			[
				-0.388849,
				0.00163524
			],
			[
				-0.387849,
				0.0430782
			],
			[
				-0.386849,
				0.0845213
			],
			[
				-0.385849,
				0.125964
			],
			[
				-0.384849,
				0.167407
			],
			[
				-0.383849,
				0.20885
			],
			[
				-0.382849,
				0.250293
			],
			[
				-0.381849,
				0.291736
			],
			[
				-0.380849,
				0.333179
			],
			[
				-0.379849,
				0.374622
			],
			[
				-0.378849,
				0.419706
			],
			[
				-0.377849,
				0.465258
			],
			[
				-0.376849,
				0.490169
			],
			[
				-0.375849,
				0.502579
			],
			[
				-0.374849,
				0.51075
			],
			[
				-0.373849,
				0.516626
			],
			[
				-0.372849,
				0.521837
			],
			[
				-0.371849,
				0.526526
			],
			[
				-0.370849,
				0.530859
			],
			[
				-0.369849,
				0.535024
			],
			[
				-0.368849,
				0.539104
			],
			[
				-0.367849,
				0.542992
			],
			[
				-0.366849,
				0.546562
			],
			[
				-0.365849,
				0.549739
			],
			[
				-0.364849,
				0.552702
			],
			[
				-0.363849,
				0.555498
			],
			[
				-0.362849,
				0.558146
			],
			[
				-0.361849,
				0.560668
			],
			[
				-0.360849,
				0.563083
			],
			[
				-0.359849,
				0.565411
			],
			[
				-0.358849,
				0.567671
			],
			[
				-0.357849,
				0.569847
			],
			[
				-0.35684899999999997,
				0.571943
			],
			[
				-0.35584899999999997,
				0.573968
			],
			[
				-0.35484899999999997,
				0.57593
			],
			[
				-0.35384899999999997,
				0.57784
			],
			[
				-0.35284899999999997,
				0.579706
			],
			[
				-0.35184899999999997,
				0.581537
			],
			[
				-0.35084899999999997,
				0.583344
			],
			[
				-0.34984899999999997,
				0.585134
			],
			[
				-0.34884899999999996,
				0.586894
			],
			[
				-0.34784899999999996,
				0.58862
			],
			[
				-0.34684899999999996,
				0.590314
			],
			[
				-0.34584899999999996,
				0.591977
			],
			[
				-0.344849,
				0.59361
			],
			[
				-0.343849,
				0.595214
			],
			[
				-0.342849,
				0.596789
			],
			[
				-0.341849,
				0.598338
			],
			[
				-0.340849,
				0.59986
			],
			[
				-0.339849,
				0.601364
			],
			[
				-0.338849,
				0.60285
			],
			[
				-0.337849,
				0.60432
			],
			[
				-0.336849,
				0.605773
			],
			[
				-0.335849,
				0.607212
			],
			[
				-0.334849,
				0.608637
			],
			[
				-0.333849,
				0.610049
			],
			[
				-0.332849,
				0.611448
			],
			[
				-0.331849,
				0.612836
			],
			[
				-0.330849,
				0.614213
			],
			[
				-0.329849,
				0.615579
			],
			[
				-0.328849,
				0.616937
			],
			[
				-0.327849,
				0.618286
			],
			[
				-0.326849,
				0.619628
			],
			[
				-0.325849,
				0.620962
			],
			[
				-0.324849,
				0.622291
			],
			[
				-0.323849,
				0.623615
			],
			[
				-0.322849,
				0.624934
			],
			[
				-0.321849,
				0.62625
			],
			[
				-0.320849,
				0.627563
			],
			[
				-0.32,
				0.628677
			],
			[
				-0.31,
				0.641856
			],
			[
				-0.3,
				0.65544
			],
			[
				-0.29,
				0.66906
			],
			[
				-0.28,
				0.68268
			],
			[
				-0.27,
				0.696301
			],
			[
				-0.26,
				0.709921
			],
			[
				-0.25,
				0.723541
			],
			[
				-0.24,
				0.737161
			],
			[
				-0.23,
				0.750781
			],
			[
				-0.22,
				0.764401
			],
			[
				-0.21,
				0.778021
			],
			[
				-0.2,
				0.791641
			],
			[
				-0.19,
				0.805262
			],
			[
				-0.18,
				0.818882
			],
			[
				-0.17,
				0.832502
			],
			[
				-0.16,
				0.846122
			],
			[
				-0.15,
				0.859742
			],
			[
				-0.14,
				0.873362
			],
			[
				-0.13,
				0.886982
			],
			[
				-0.12,
				0.900602
			],
			[
				-0.11,
				0.914223
			],
			[
				-0.1,
				0.927843
			],
			[
				-0.09,
				0.941463
			],
			[
				-0.08,
				0.955083
			],
			[
				-0.07,
				0.968703
			],
			[
				-0.06,
				0.982323
			],
			[
				-0.05,
				0.995943
			],
			[
				-0.04,
				1.00956
			],
			[
				-0.03,
				1.02318
			],
			[
				-0.02,
				1.0368
			],
			[
				-0.01,
				1.05042
			],
			[
				0.0,
				1.06404
			]
		]
	}
}
