{
	"ID": 235,
	"name": "VACODYM_776_AP_150C",
	"conductivity": 0.0,
	"relPermeability": 1.0,
	"remanence": 0.0,
	"linear": false,
	"BHCurve": {
		"default": [
			[
				-0.5575140000000001,
				0.0
			],
			[
				-0.557313,
				0.00843868
			],
			[
				-0.556313,
				0.0504234
			],
			[
				-0.555313,
				0.0924081
			],
			[
				-0.554313,
				0.134393
			],
			[
				-0.5533129999999999,
				0.176378
			],
			[
				-0.5523129999999999,
				0.224444
			],
			[
				-0.5513129999999999,
				0.268011
			],
			[
				-0.5503129999999999,
				0.286161
			],
			[
				-0.5493129999999999,
				0.295805
			],
			[
				-0.5483129999999999,
				0.302689
			],
			[
				-0.5473129999999999,
				0.308461
			],
			[
				-0.5463129999999999,
				0.313103
			],
			[
				-0.5453129999999999,
				0.317328
			],
			[
				-0.5443129999999999,
				0.321331
			],
			[
				-0.5433129999999999,
				0.325073
			],
			[
				-0.5423129999999999,
				0.328616
			],
			[
				-0.5413129999999999,
				0.332025
			],
			[
				-0.540313,
				0.335363
			],
			[
				-0.539313,
				0.338671
			],
			[
				-0.538313,
				0.341919
			],
			[
				-0.537313,
				0.345068
			],
			[
				-0.536313,
				0.34808
			],
			[
				-0.535313,
				0.350916
			],
			[
				-0.534313,
				0.353558
			],
			[
				-0.533313,
				0.35609
			],
			[
				-0.532313,
				0.358531
			],
			[
				-0.531313,
				0.36089
			],
			[
				-0.530313,
				0.363175
			],
			[
				-0.529313,
				0.365393
			],
			[
				-0.528313,
				0.36755
			],
			[
				-0.527313,
				0.369655
			],
			[
				-0.526313,
				0.371716
			],
			[
				-0.525313,
				0.373738
			],
			[
				-0.524313,
				0.375731
			],
			[
				-0.523313,
				0.377692
			],
			[
				-0.522313,
				0.379609
			],
			[
				-0.521313,
				0.381484
			],
			[
				-0.520313,
				0.383322
			],
			[
				-0.519313,
				0.385125
			],
			[
				-0.518313,
				0.386897
			],
			[
				-0.517313,
				0.38864
			],
			[
				-0.516313,
				0.39036
			],
			[
				-0.515313,
				0.392057
			],
			[
				-0.514313,
				0.393737
			],
			[
				-0.513313,
				0.395402
			],
			[
				-0.512313,
				0.397055
			],
			[
				-0.511313,
				0.398701
			],
			[
				-0.510313,
				0.400339
			],
			[
				-0.509313,
				0.401961
			],
			[
				-0.508313,
				0.403564
			],
			[
				-0.507313,
				0.40515
			],
			[
				-0.506313,
				0.40672
			],
			[
				-0.505313,
				0.408273
			],
			[
				-0.504313,
				0.409813
			],
			[
				-0.503313,
				0.411338
			],
			[
				-0.502313,
				0.412851
			],
			[
				-0.501313,
				0.414353
			],
			[
				-0.500313,
				0.415843
			],
			[
				-0.499313,
				0.417324
			],
			[
				-0.498313,
				0.418796
			],
			[
				-0.497313,
				0.420259
			],
			[
				-0.496313,
				0.421716
			],
			[
				-0.495313,
				0.423164
			],
			[
				-0.494313,
				0.424605
			],
			[
				-0.493313,
				0.426039
			],
			[
				-0.492313,
				0.427466
			],
			[
				-0.491313,
				0.428887
			],
			[
				-0.490313,
				0.4303
			],
			[
				-0.489313,
				0.431708
			],
			[
				-0.488313,
				0.43311
			],
			[
				-0.487313,
				0.434505
			],
			[
				-0.486313,
				0.435896
			],
			[
				-0.485313,
				0.437281
			],
			[
				-0.484313,
				0.43866
			],
			[
				-0.483313,
				0.440036
			],
			[
				-0.482313,
				0.441406
			],
			[
				-0.481313,
				0.442772
			],
			[
				-0.480313,
				0.444135
			],
			[
				-0.479313,
				0.445493
			],
			[
				-0.478313,
				0.446848
			],
			[
				-0.477313,
				0.448199
			],
			[
				-0.476313,
				0.449547
			],
			[
				-0.475313,
				0.450892
			],
			[
				-0.474313,
				0.452235
			],
			[
				-0.473313,
				0.453575
			],
			[
				-0.472313,
				0.454913
			],
			[
				-0.471313,
				0.456249
			],
			[
				-0.470313,
				0.457584
			],
			[
				-0.469313,
				0.458917
			],
			[
				-0.468313,
				0.460249
			],
			[
				-0.467313,
				0.461579
			],
			[
				-0.466313,
				0.462909
			],
			[
				-0.465313,
				0.464239
			],
			[
				-0.464313,
				0.465568
			],
			[
				-0.463313,
				0.466897
			],
			[
				-0.462313,
				0.468227
			],
			[
				-0.461313,
				0.469557
			],
			[
				-0.46031299999999997,
				0.470888
			],
			[
				-0.45931299999999997,
				0.472219
			],
			[
				-0.45831299999999997,
				0.473552
			],
			[
				-0.45731299999999997,
				0.474886
			],
			[
				-0.45631299999999997,
				0.476222
			],
			[
				-0.45531299999999997,
				0.47756
			],
			[
				-0.45431299999999997,
				0.4789
			],
			[
				-0.45331299999999997,
				0.480242
			],
			[
				-0.45231299999999997,
				0.481587
			],
			[
				-0.45131299999999996,
				0.482934
			],
			[
				-0.45031299999999996,
				0.484285
			],
			[
				-0.44931299999999996,
				0.485639
			],
			[
				-0.44831299999999996,
				0.486997
			],
			[
				-0.44731299999999996,
				0.488358
			],
			[
				-0.446313,
				0.48972
			],
			[
				-0.445313,
				0.491083
			],
			[
				-0.444313,
				0.492445
			],
			[
				-0.443313,
				0.493807
			],
			[
				-0.442313,
				0.495169
			],
			[
				-0.441313,
				0.496531
			],
			[
				-0.440313,
				0.497893
			],
			[
				-0.439313,
				0.499255
			],
			[
				-0.438313,
				0.500618
			],
			[
				-0.437313,
				0.50198
			],
			[
				-0.436313,
				0.503342
			],
			[
				-0.435313,
				0.504704
			],
			[
				-0.434313,
				0.506066
			],
			[
				-0.433313,
				0.507428
			],
			[
				-0.432313,
				0.50879
			],
			[
				-0.431313,
				0.510153
			],
			[
				-0.430313,
				0.511515
			],
			[
				-0.429313,
				0.512877
			],
			[
				-0.428313,
				0.514239
			],
			[
				-0.427313,
				0.515601
			],
			[
				-0.426313,
				0.516963
			],
			[
				-0.425313,
				0.518325
			],
			[
				-0.424313,
				0.519688
			],
			[
				-0.423313,
				0.52105
			],
			[
				-0.422313,
				0.522412
			],
			[
				-0.421313,
				0.523774
			],
			[
				-0.420313,
				0.525136
			],
			[
				-0.419313,
				0.526498
			],
			[
				-0.418313,
				0.52786
			],
			[
				-0.417313,
				0.529222
			],
			[
				-0.416313,
				0.530585
			],
			[
				-0.415313,
				0.531947
			],
			[
				-0.414313,
				0.533309
			],
			[
				-0.413313,
				0.534671
			],
			[
				-0.412313,
				0.536033
			],
			[
				-0.411313,
				0.537395
			],
			[
				-0.410313,
				0.538757
			],
			[
				-0.409313,
				0.54012
			],
			[
				-0.408313,
				0.541482
			],
			[
				-0.407313,
				0.542844
			],
			[
				-0.406313,
				0.544206
			],
			[
				-0.405313,
				0.545568
			],
			[
				-0.404313,
				0.54693
			],
			[
				-0.403313,
				0.548292
			],
			[
				-0.402313,
				0.549655
			],
			[
				-0.4,
				0.552806
			],
			[
				-0.395,
				0.559616
			],
			[
				-0.39,
				0.566427
			],
			[
				-0.385,
				0.573238
			],
			[
				-0.38,
				0.580048
			],
			[
				-0.375,
				0.586859
			],
			[
				-0.37,
				0.59367
			],
			[
				-0.365,
				0.60048
			],
			[
				-0.36,
				0.607291
			],
			[
				-0.355,
				0.614102
			],
			[
				-0.35,
				0.620913
			],
			[
				-0.345,
				0.627723
			],
			[
				-0.34,
				0.634534
			],
			[
				-0.335,
				0.641345
			],
			[
				-0.33,
				0.648155
			],
			[
				-0.325,
				0.654966
			],
			[
				-0.32,
				0.661777
			],
			[
				-0.315,
				0.668587
			],
			[
				-0.31,
				0.675398
			],
			[
				-0.305,
				0.682209
			],
			[
				-0.3,
				0.689019
			],
			[
				-0.295,
				0.69583
			],
			[
				-0.29,
				0.702641
			],
			[
				-0.285,
				0.709452
			],
			[
				-0.28,
				0.716262
			],
			[
				-0.275,
				0.723073
			],
			[
				-0.27,
				0.729884
			],
			[
				-0.265,
				0.736694
			],
			[
				-0.26,
				0.743505
			],
			[
				-0.255,
				0.750316
			],
			[
				-0.25,
				0.757126
			],
			[
				-0.245,
				0.763937
			],
			[
				-0.24,
				0.770748
			],
			[
				-0.235,
				0.777558
			],
			[
				-0.23,
				0.784369
			],
			[
				-0.225,
				0.79118
			],
			[
				-0.22,
				0.797991
			],
			[
				-0.215,
				0.804801
			],
			[
				-0.21,
				0.811612
			],
			[
				-0.205,
				0.818423
			],
			[
				-0.2,
				0.825233
