{
	"ID": 178,
	"name": "VACODYM_677TP_100C",
	"conductivity": 0.0,
	"relPermeability": 1.0,
	"remanence": 0.0,
	"linear": false,
	"BHCurve": {
		"default": [
			[
				-0.828566,
				0.0
			],
			[
				-0.82,
				0.0113829
			],
			[
				-0.81,
				0.0246709
			],
			[
				-0.8,
				0.037959
			],
			[
				-0.79,
				0.051247
			],
			[
				-0.78,
				0.0645351
			],
			[
				-0.77,
				0.0778231
			],
			[
				-0.76,
				0.0911112
			],
			[
				-0.75,
				0.104399
			],
			[
				-0.74,
				0.117687
			],
			[
				-0.73,
				0.130975
			],
			[
				-0.72,
				0.144263
			],
			[
				-0.71,
				0.157551
			],
			[
				-0.7,
				0.170839
			],
			[
				-0.69,
				0.184128
			],
			[
				-0.68,
				0.197416
			],
			[
				-0.67,
				0.210704
			],
			[
				-0.66,
				0.223992
			],
			[
				-0.65,
				0.23728
			],
			[
				-0.64,
				0.250568
			],
			[
				-0.63,
				0.263856
			],
			[
				-0.62,
				0.277144
			],
			[
				-0.61,
				0.290432
			],
			[
				-0.6,
				0.30372
			],
			[
				-0.59,
				0.317008
			],
			[
				-0.58,
				0.330296
			],
			[
				-0.57,
				0.343584
			],
			[
				-0.56,
				0.356872
			],
			[
				-0.55,
				0.37016
			],
			[
				-0.54,
				0.383448
			],
			[
				-0.53,
				0.396736
			],
			[
				-0.52,
				0.410024
			],
			[
				-0.51,
				0.423312
			],
			[
				-0.5,
				0.4366
			],
			[
				-0.49,
				0.449889
			],
			[
				-0.48,
				0.463177
			],
			[
				-0.47,
				0.476465
			],
			[
				-0.46,
				0.489753
			],
			[
				-0.45,
				0.503041
			],
			[
				-0.44,
				0.516329
			],
			[
				-0.43,
				0.529617
			],
			[
				-0.42,
				0.542905
			],
			[
				-0.41,
				0.556193
			],
			[
				-0.4,
				0.569481
			],
			[
				-0.39,
				0.582769
			],
			[
				-0.38,
				0.596057
			],
			[
				-0.37,
				0.609345
			],
			[
				-0.36,
				0.622633
			],
			[
				-0.35,
				0.635921
			],
			[
				-0.34,
				0.649209
			],
			[
				-0.33,
				0.662497
			],
			[
				-0.32,
				0.675785
			],
			[
				-0.31,
				0.689073
			],
			[
				-0.3,
				0.702362
			],
			[
				-0.29,
				0.71565
			],
			[
				-0.28,
				0.728938
			],
			[
				-0.27,
				0.742226
			],
			[
				-0.26,
				0.755514
			],
			[
				-0.25,
				0.768802
			],
			[
				-0.24,
				0.78209
			],
			[
				-0.23,
				0.795378
			],
			[
				-0.22,
				0.808666
			],
			[
				-0.21,
				0.821954
			],
			[
				-0.2,
				0.835242
			],
			[
				-0.19,
				0.84853
			],
			[
				-0.18,
				0.861818
			],
			[
				-0.17,
				0.875106
			],
			[
				-0.16,
				0.888394
			],
			[
				-0.15,
				0.901682
			],
			[
				-0.14,
				0.91497
			],
			[
				-0.13,
				0.928258
			],
			[
				-0.12,
				0.941546
			],
			[
				-0.11,
				0.954834
			],
			[
				-0.1,
				0.968123
			],
			[
				-0.09,
				0.981411
			],
			[
				-0.08,
				0.994699
			],
			[
				-0.07,
				1.00799
			],
			[
				-0.06,
				1.02127
			],
			[
				-0.05,
				1.03456
			],
			[
				-0.04,
				1.04785
			],
			[
				-0.03,
				1.06114
			],
			[
				-0.02,
				1.07443
			],
			[
				-0.01,
				1.08771
			],
			[
				0.0,
				1.101
			]
		]
	}
}
