{
	"ID": 117,
	"name": "VACODYM_3625_60C",
	"conductivity": 0.0,
	"relPermeability": 1.0,
	"remanence": 0.0,
	"linear": false,
	"BHCurve": {
		"default": [
			[
				-0.876035,
				0.0
			],
			[
				-0.87,
				0.00799558
			],
			[
				-0.86,
				0.0212434
			],
			[
				-0.85,
				0.0344912
			],
			[
				-0.84,
				0.047739
			],
			[
				-0.83,
				0.0609868
			],
			[
				-0.82,
				0.0742346
			],
			[
				-0.81,
				0.0874824
			],
			[
				-0.8,
				0.10073
			],
			[
				-0.79,
				0.113978
			],
			[
				-0.78,
				0.127226
			],
			[
				-0.77,
				0.140474
			],
			[
				-0.76,
				0.153721
			],
			[
				-0.75,
				0.166969
			],
			[
				-0.74,
				0.180217
			],
			[
				-0.73,
				0.193465
			],
			[
				-0.72,
				0.206713
			],
			[
				-0.71,
				0.21996
			],
			[
				-0.7,
				0.233208
			],
			[
				-0.69,
				0.246456
			],
			[
				-0.68,
				0.259704
			],
			[
				-0.67,
				0.272952
			],
			[
				-0.66,
				0.286199
			],
			[
				-0.65,
				0.299447
			],
			[
				-0.64,
				0.312695
			],
			[
				-0.63,
				0.325943
			],
			[
				-0.62,
				0.339191
			],
			[
				-0.61,
				0.352438
			],
			[
				-0.6,
				0.365686
			],
			[
				-0.59,
				0.378934
			],
			[
				-0.58,
				0.392182
			],
			[
				-0.57,
				0.40543
			],
			[
				-0.56,
				0.418677
			],
			[
				-0.55,
				0.431925
			],
			[
				-0.54,
				0.445173
			],
			[
				-0.53,
				0.458421
			],
			[
				-0.52,
				0.471669
			],
			[
				-0.51,
				0.484916
			],
			[
				-0.5,
				0.498164
			],
			[
				-0.49,
				0.511412
			],
			[
				-0.48,
				0.52466
			],
			[
				-0.47,
				0.537908
			],
			[
				-0.46,
				0.551155
			],
			[
				-0.45,
				0.564403
			],
			[
				-0.44,
				0.577651
			],
			[
				-0.43,
				0.590899
			],
			[
				-0.42,
				0.604147
			],
			[
				-0.41,
				0.617394
			],
			[
				-0.4,
				0.630642
			],
			[
				-0.39,
				0.64389
			],
			[
				-0.38,
				0.657138
			],
			[
				-0.37,
				0.670386
			],
			[
				-0.36,
				0.683633
			],
			[
				-0.35,
				0.696881
			],
			[
				-0.34,
				0.710129
			],
			[
				-0.33,
				0.723377
			],
			[
				-0.32,
				0.736625
			],
			[
				-0.31,
				0.749872
			],
			[
				-0.3,
				0.76312
			],
			[
				-0.29,
				0.776368
			],
			[
				-0.28,
				0.789616
			],
			[
				-0.27,
				0.802864
			],
			[
				-0.26,
				0.816111
			],
			[
				-0.25,
				0.829359
			],
			[
				-0.24,
				0.842607
			],
			[
				-0.23,
				0.855855
			],
			[
				-0.22,
				0.869102
			],
			[
				-0.21,
				0.88235
			],
			[
				-0.2,
				0.895598
			],
			[
				-0.19,
				0.908846
			],
			[
				-0.18,
				0.922094
			],
			[
				-0.17,
				0.935341
			],
			[
				-0.16,
				0.948589
			],
			[
				-0.15,
				0.961837
			],
			[
				-0.14,
				0.975085
			],
			[
				-0.13,
				0.988333
			],
			[
				-0.12,
				1.00158
			],
			[
				-0.11,
				1.01483
			],
			[
				-0.1,
				1.02808
			],
			[
				-0.09,
				1.04132
			],
			[
				-0.08,
				1.05457
			],
			[
				-0.07,
				1.06782
			],
			[
				-0.06,
				1.08107
			],
			[
				-0.05,
				1.09432
			],
			[
				-0.04,
				1.10756
			],
			[
				-0.03,
				1.12081
			],
			[
				-0.02,
				1.13406
			],
			[
				-0.01,
				1.14731
			],
			[
				0.0,
				1.16055
			]
		]
	}
}
