{
	"ID": 220,
	"name": "VACODYM_776AP_20C",
	"conductivity": 0.0,
	"relPermeability": 1.0,
	"remanence": 0.0,
	"linear": false,
	"BHCurve": {
		"default": [
			[
				-0.962989,
				0.0
			],
			[
				-0.96,
				0.00390994
			],
			[
				-0.95,
				0.0169917
			],
			[
				-0.94,
				0.0300735
			],
			[
				-0.93,
				0.0431552
			],
			[
				-0.92,
				0.056237
			],
			[
				-0.91,
				0.0693187
			],
			[
				-0.9,
				0.0824005
			],
			[
				-0.89,
				0.0954823
			],
			[
				-0.88,
				0.108564
			],
			[
				-0.87,
				0.121646
			],
			[
				-0.86,
				0.134728
			],
			[
				-0.85,
				0.147809
			],
			[
				-0.84,
				0.160891
			],
			[
				-0.83,
				0.173973
			],
			[
				-0.82,
				0.187055
			],
			[
				-0.81,
				0.200136
			],
			[
				-0.8,
				0.213218
			],
			[
				-0.79,
				0.2263
			],
			[
				-0.78,
				0.239382
			],
			[
				-0.77,
				0.252463
			],
			[
				-0.76,
				0.265545
			],
			[
				-0.75,
				0.278627
			],
			[
				-0.74,
				0.291709
			],
			[
				-0.73,
				0.30479
			],
			[
				-0.72,
				0.317872
			],
			[
				-0.71,
				0.330954
			],
			[
				-0.7,
				0.344036
			],
			[
				-0.69,
				0.357117
			],
			[
				-0.68,
				0.370199
			],
			[
				-0.67,
				0.383281
			],
			[
				-0.66,
				0.396363
			],
			[
				-0.65,
				0.409445
			],
			[
				-0.64,
				0.422526
			],
			[
				-0.63,
				0.435608
			],
			[
				-0.62,
				0.44869
			],
			[
				-0.61,
				0.461772
			],
			[
				-0.6,
				0.474853
			],
			[
				-0.59,
				0.487935
			],
			[
				-0.58,
				0.501017
			],
			[
				-0.57,
				0.514099
			],
			[
				-0.56,
				0.52718
			],
			[
				-0.55,
				0.540262
			],
			[
				-0.54,
				0.553344
			],
			[
				-0.53,
				0.566426
			],
			[
				-0.52,
				0.579507
			],
			[
				-0.51,
				0.592589
			],
			[
				-0.5,
				0.605671
			],
			[
				-0.49,
				0.618753
			],
			[
				-0.48,
				0.631834
			],
			[
				-0.47,
				0.644916
			],
			[
				-0.46,
				0.657998
			],
			[
				-0.45,
				0.67108
			],
			[
				-0.44,
				0.684162
			],
			[
				-0.43,
				0.697243
			],
			[
				-0.42,
				0.710325
			],
			[
				-0.41,
				0.723407
			],
			[
				-0.4,
				0.736489
			],
			[
				-0.39,
				0.74957
			],
			[
				-0.38,
				0.762652
			],
			[
				-0.37,
				0.775734
			],
			[
				-0.36,
				0.788816
			],
			[
				-0.35,
				0.801897
			],
			[
				-0.34,
				0.814979
			],
			[
				-0.33,
				0.828061
			],
			[
				-0.32,
				0.841143
			],
			[
				-0.31,
				0.854224
			],
			[
				-0.3,
				0.867306
			],
			[
				-0.29,
				0.880388
			],
			[
				-0.28,
				0.89347
			],
			[
				-0.27,
				0.906551
			],
			[
				-0.26,
				0.919633
			],
			[
				-0.25,
				0.932715
			],
			[
				-0.24,
				0.945797
			],
			[
				-0.23,
				0.958878
			],
			[
				-0.22,
				0.97196
			],
			[
				-0.21,
				0.985042
			],
			[
				-0.2,
				0.998124
			],
			[
				-0.19,
				1.01121
			],
			[
				-0.18,
				1.02429
			],
			[
				-0.17,
				1.03737
			],
			[
				-0.16,
				1.05045
			],
			[
				-0.15,
				1.06353
			],
			[
				-0.14,
				1.07661
			],
			[
				-0.13,
				1.0897
			],
			[
				-0.12,
				1.10278
			],
			[
				-0.11,
				1.11586
			],
			[
				-0.1,
				1.12894
			],
			[
				-0.09,
				1.14202
			],
			[
				-0.08,
				1.1551
			],
			[
				-0.07,
				1.16819
			],
			[
				-0.06,
				1.18127
			],
			[
				-0.05,
				1.19435
			],
			[
				-0.04,
				1.20743
			],
			[
				-0.03,
				1.22051
			],
			[
				-0.02,
				1.2336
			],
			[
				-0.01,
				1.24668
			],
			[
				0.0,
				1.25976
			]
		]
	}
}
