{
	"ID": 269,
	"name": "VACODYM_837TP_80C",
	"conductivity": 0.0,
	"relPermeability": 0.0,
	"remanence": "no information",
	"linear": false,
	"BHCurve": {
		"default": [
			[
				-0.849093,
				0.0
			],
			[
				-0.848878,
				0.0119015
			],
			[
				-0.847878,
				0.0677725
			],
			[
				-0.846878,
				0.0919075
			],
			[
				-0.845878,
				0.101934
			],
			[
				-0.844878,
				0.108707
			],
			[
				-0.843878,
				0.114116
			],
			[
				-0.842878,
				0.119285
			],
			[
				-0.841878,
				0.123641
			],
			[
				-0.840878,
				0.127492
			],
			[
				-0.839878,
				0.131181
			],
			[
				-0.838878,
				0.134744
			],
			[
				-0.837878,
				0.138131
			],
			[
				-0.836878,
				0.141374
			],
			[
				-0.835878,
				0.144501
			],
			[
				-0.834878,
				0.147542
			],
			[
				-0.833878,
				0.150528
			],
			[
				-0.832878,
				0.153487
			],
			[
				-0.831878,
				0.15643
			],
			[
				-0.830878,
				0.159336
			],
			[
				-0.829878,
				0.162188
			],
			[
				-0.828878,
				0.164971
			],
			[
				-0.827878,
				0.167667
			],
			[
				-0.826878,
				0.170259
			],
			[
				-0.825878,
				0.172731
			],
			[
				-0.824878,
				0.175098
			],
			[
				-0.823878,
				0.177404
			],
			[
				-0.822878,
				0.179653
			],
			[
				-0.821878,
				0.181849
			],
			[
				-0.820878,
				0.183995
			],
			[
				-0.819878,
				0.186095
			],
			[
				-0.818878,
				0.188153
			],
			[
				-0.817878,
				0.190172
			],
			[
				-0.816878,
				0.192156
			],
			[
				-0.815878,
				0.194109
			],
			[
				-0.814878,
				0.196034
			],
			[
				-0.813878,
				0.197935
			],
			[
				-0.812878,
				0.199816
			],
			[
				-0.811878,
				0.201679
			],
			[
				-0.810878,
				0.203527
			],
			[
				-0.8098780000000001,
				0.205347
			],
			[
				-0.8088780000000001,
				0.20714
			],
			[
				-0.8078780000000001,
				0.208908
			],
			[
				-0.8068780000000001,
				0.210651
			],
			[
				-0.8058780000000001,
				0.212372
			],
			[
				-0.8048780000000001,
				0.214072
			],
			[
				-0.8038780000000001,
				0.215753
			],
			[
				-0.8028780000000001,
				0.217416
			],
			[
				-0.8018780000000001,
				0.219063
			],
			[
				-0.8008780000000001,
				0.220695
			],
			[
				-0.7998780000000001,
				0.222314
			],
			[
				-0.7988780000000001,
				0.223922
			],
			[
				-0.7978780000000001,
				0.22552
			],
			[
				-0.7968780000000001,
				0.22711
			],
			[
				-0.7958780000000001,
				0.228693
			],
			[
				-0.7948780000000001,
				0.230271
			],
			[
				-0.7938780000000001,
				0.231846
			],
			[
				-0.7928780000000001,
				0.233416
			],
			[
				-0.7918780000000001,
				0.234976
			],
			[
				-0.7908780000000001,
				0.236525
			],
			[
				-0.7898780000000001,
				0.238063
			],
			[
				-0.7888780000000001,
				0.239592
			],
			[
				-0.7878780000000001,
				0.24111
			],
			[
				-0.7868780000000001,
				0.242618
			],
			[
				-0.7858780000000001,
				0.244117
			],
			[
				-0.7848780000000001,
				0.245606
			],
			[
				-0.7838780000000001,
				0.247087
			],
			[
				-0.7828780000000001,
				0.24856
			],
			[
				-0.7818780000000001,
				0.250024
			],
			[
				-0.7808780000000001,
				0.25148
			],
			[
				-0.7798780000000001,
				0.252928
			],
			[
				-0.7788780000000001,
				0.25437
			],
			[
				-0.7778780000000001,
				0.255804
			],
			[
				-0.7768780000000001,
				0.257231
			],
			[
				-0.7758780000000001,
				0.258652
			],
			[
				-0.7748780000000001,
				0.260066
			],
			[
				-0.7738780000000001,
				0.261476
			],
			[
				-0.7728780000000001,
				0.262882
			],
			[
				-0.7718780000000001,
				0.264282
			],
			[
				-0.7708780000000001,
				0.265678
			],
			[
				-0.7698780000000001,
				0.26707
			],
			[
				-0.7688780000000001,
				0.268457
			],
			[
				-0.7678780000000001,
				0.26984
			],
			[
				-0.7668780000000001,
				0.271218
			],
			[
				-0.7658780000000001,
				0.272593
			],
			[
				-0.7648780000000001,
				0.273963
			],
			[
				-0.7638780000000001,
				0.27533
			],
			[
				-0.7628780000000001,
				0.276693
			],
			[
				-0.761878,
				0.278052
			],
			[
				-0.760878,
				0.279407
			],
			[
				-0.759878,
				0.280759
			],
			[
				-0.758878,
				0.282108
			],
			[
				-0.757878,
				0.283453
			],
			[
				-0.756878,
				0.284795
			],
			[
				-0.755878,
				0.286134
			],
			[
				-0.754878,
				0.28747
			],
			[
				-0.753878,
				0.288803
			],
			[
				-0.752878,
				0.290133
			],
			[
				-0.751878,
				0.29146
			],
			[
				-0.750878,
				0.292784
			],
			[
				-0.749878,
				0.294106
			],
			[
				-0.748878,
				0.295426
			],
			[
				-0.747878,
				0.296743
			],
			[
				-0.746878,
				0.298058
			],
			[
				-0.745878,
				0.299371
			],
			[
				-0.744878,
				0.300681
			],
			[
				-0.743878,
				0.30199
			],
			[
				-0.742878,
				0.303296
			],
			[
				-0.741878,
				0.304601
			],
			[
				-0.740878,
				0.305905
			],
			[
				-0.739878,
				0.307206
			],
			[
				-0.738878,
				0.308506
			],
			[
				-0.737878,
				0.309805
			],
			[
				-0.736878,
				0.311102
			],
			[
				-0.735878,
				0.312398
			],
			[
				-0.734878,
				0.313693
			],
			[
				-0.733878,
				0.314987
			],
			[
				-0.732878,
				0.31628
			],
			[
				-0.731878,
				0.317572
			],
			[
				-0.730878,
				0.318863
			],
			[
				-0.729878,
				0.320154
			],
			[
				-0.728878,
				0.321444
			],
			[
				-0.727878,
				0.322733
			],
			[
				-0.726878,
				0.324022
			],
			[
				-0.725878,
				0.325311
			],
			[
				-0.724878,
				0.3266
			],
			[
				-0.723878,
				0.327889
			],
			[
				-0.722878,
				0.329177
			],
			[
				-0.721878,
				0.330466
			],
			[
				-0.720878,
				0.331755
			],
			[
				-0.719878,
				0.333044
			],
			[
				-0.718878,
				0.334334
			],
			[
				-0.717878,
				0.335624
			],
			[
				-0.716878,
				0.336915
			],
			[
				-0.715878,
				0.338206
			],
			[
				-0.714878,
				0.339498
			],
			[
				-0.713878,
				0.340791
			],
			[
				-0.712878,
				0.342085
			],
			[
				-0.711878,
				0.34338
			],
			[
				-0.710878,
				0.344676
			],
			[
				-0.709878,
				0.345974
			],
			[
				-0.708878,
				0.347272
			],
			[
				-0.707878,
				0.348573
			],
			[
				-0.706878,
				0.349874
			],
			[
				-0.705878,
				0.351178
			],
			[
				-0.704878,
				0.352483
			],
			[
				-0.703878,
				0.353789
			],
			[
				-0.702878,
				0.355098
			],
			[
				-0.701878,
				0.356409
			],
			[
				-0.700878,
				0.357722
			],
			[
				-0.699878,
				0.359037
			],
			[
				-0.698878,
				0.360354
			],
			[
				-0.697878,
				0.361674
			],
			[
				-0.696878,
				0.362995
			],
			[
				-0.69,
				0.372077
			],
			[
				-0.68,
				0.385282
			],
			[
				-0.67,
				0.398487
			],
			[
				-0.66,
				0.411692
			],
			[
				-0.65,
				0.424897
			],
			[
				-0.64,
				0.438102
			],
			[
				-0.63,
				0.451307
			],
			[
				-0.62,
				0.464512
			],
			[
				-0.61,
				0.477717
			],
			[
				-0.6,
				0.490922
			],
			[
				-0.59,
				0.504127
			],
			[
				-0.58,
				0.517332
			],
			[
				-0.57,
				0.530537
			],
			[
				-0.56,
				0.543742
			],
			[
				-0.55,
				0.556947
			],
			[
				-0.54,
				0.570152
			],
			[
				-0.53,
				0.583357
			],
			[
				-0.52,
				0.596562
			],
			[
				-0.51,
				0.609767
			],
			[
				-0.5,
				0.622972
			],
			[
				-0.49,
				0.636177
			],
			[
				-0.48,
				0.649382
			],
			[
				-0.47,
				0.662588
			],
			[
				-0.46,
				0.675793
			],
			[
				-0.45,
				0.688998
			],
			[
				-0.44,
				0.702203
			],
			[
				-0.43,
				0.715408
			],
			[
				-0.42,
				0.728613
			],
			[
				-0.41,
				0.741818
			],
			[
				-0.4,
				0.755023
			],
			[
				-0.39,
				0.768228
			],
			[
				-0.38,
				0.781433
			],
			[
				-0.37,
				0.794638
			],
			[
				-0.36,
				0.807843
			],
			[
				-0.35,
				0.821048
			],
			[
				-0.34,
				0.834253
			],
			[
				-0.33,
				0.847458
			],
			[
				-0.32,
				0.860663
			],
			[
				-0.31,
				0.873868
			],
