{
	"ID": 284,
	"name": "VACODYM_854_AP_020C",
	"conductivity": 0.0,
	"relPermeability": 1.0,
	"remanence": 0.0,
	"linear": false,
	"BHCurve": {
		"default": [
			[
				-0.962846,
				0.0
			],
			[
				-0.96,
				0.00372294
			],
			[
				-0.955,
				0.0102638
			],
			[
				-0.95,
				0.0168047
			],
			[
				-0.945,
				0.0233456
			],
			[
				-0.94,
				0.0298865
			],
			[
				-0.935,
				0.0364273
			],
			[
				-0.93,
				0.0429682
			],
			[
				-0.925,
				0.0495091
			],
			[
				-0.92,
				0.05605
			],
			[
				-0.915,
				0.0625909
			],
			[
				-0.91,
				0.0691317
			],
			[
				-0.905,
				0.0756726
			],
			[
				-0.9,
				0.0822135
			],
			[
				-0.895,
				0.0887544
			],
			[
				-0.89,
				0.0952953
			],
			[
				-0.885,
				0.101836
			],
			[
				-0.88,
				0.108377
			],
			[
				-0.875,
				0.114918
			],
			[
				-0.87,
				0.121459
			],
			[
				-0.865,
				0.128
			],
			[
				-0.86,
				0.134541
			],
			[
				-0.855,
				0.141081
			],
			[
				-0.85,
				0.147622
			],
			[
				-0.845,
				0.154163
			],
			[
				-0.84,
				0.160704
			],
			[
				-0.835,
				0.167245
			],
			[
				-0.83,
				0.173786
			],
			[
				-0.825,
				0.180327
			],
			[
				-0.82,
				0.186868
			],
			[
				-0.815,
				0.193408
			],
			[
				-0.81,
				0.199949
			],
			[
				-0.805,
				0.20649
			],
			[
				-0.8,
				0.213031
			],
			[
				-0.795,
				0.219572
			],
			[
				-0.79,
				0.226113
			],
			[
				-0.785,
				0.232654
			],
			[
				-0.78,
				0.239195
			],
			[
				-0.775,
				0.245736
			],
			[
				-0.77,
				0.252276
			],
			[
				-0.765,
				0.258817
			],
			[
				-0.76,
				0.265358
			],
			[
				-0.755,
				0.271899
			],
			[
				-0.75,
				0.27844
			],
			[
				-0.745,
				0.284981
			],
			[
				-0.74,
				0.291522
			],
			[
				-0.735,
				0.298063
			],
			[
				-0.73,
				0.304603
			],
			[
				-0.725,
				0.311144
			],
			[
				-0.72,
				0.317685
			],
			[
				-0.715,
				0.324226
			],
			[
				-0.71,
				0.330767
			],
			[
				-0.705,
				0.337308
			],
			[
				-0.7,
				0.343849
			],
			[
				-0.695,
				0.35039
			],
			[
				-0.69,
				0.35693
			],
			[
				-0.685,
				0.363471
			],
			[
				-0.68,
				0.370012
			],
			[
				-0.675,
				0.376553
			],
			[
				-0.67,
				0.383094
			],
			[
				-0.665,
				0.389635
			],
			[
				-0.66,
				0.396176
			],
			[
				-0.655,
				0.402717
			],
			[
				-0.65,
				0.409258
			],
			[
				-0.645,
				0.415798
			],
			[
				-0.64,
				0.422339
			],
			[
				-0.635,
				0.42888
			],
			[
				-0.63,
				0.435421
			],
			[
				-0.625,
				0.441962
			],
			[
				-0.62,
				0.448503
			],
			[
				-0.615,
				0.455044
			],
			[
				-0.61,
				0.461585
			],
			[
				-0.605,
				0.468125
			],
			[
				-0.6,
				0.474666
			],
			[
				-0.595,
				0.481207
			],
			[
				-0.59,
				0.487748
			],
			[
				-0.585,
				0.494289
			],
			[
				-0.58,
				0.50083
			],
			[
				-0.575,
				0.507371
			],
			[
				-0.57,
				0.513912
			],
			[
				-0.565,
				0.520453
			],
			[
				-0.56,
				0.526993
			],
			[
				-0.555,
				0.533534
			],
			[
				-0.55,
				0.540075
			],
			[
				-0.545,
				0.546616
			],
			[
				-0.54,
				0.553157
			],
			[
				-0.535,
				0.559698
			],
			[
				-0.53,
				0.566239
			],
			[
				-0.525,
				0.57278
			],
			[
				-0.52,
				0.57932
			],
			[
				-0.515,
				0.585861
			],
			[
				-0.51,
				0.592402
			],
			[
				-0.505,
				0.598943
			],
			[
				-0.5,
				0.605484
			],
			[
				-0.495,
				0.612025
			],
			[
				-0.49,
				0.618566
			],
			[
				-0.485,
				0.625107
			],
			[
				-0.48,
				0.631647
			],
			[
				-0.475,
				0.638188
			],
			[
				-0.47,
				0.644729
			],
			[
				-0.465,
				0.65127
			],
			[
				-0.46,
				0.657811
			],
			[
				-0.455,
				0.664352
			],
			[
				-0.45,
				0.670893
			],
			[
				-0.445,
				0.677434
			],
			[
				-0.44,
				0.683975
			],
			[
				-0.435,
				0.690515
			],
			[
				-0.43,
				0.697056
			],
			[
				-0.425,
				0.703597
			],
			[
				-0.42,
				0.710138
			],
			[
				-0.415,
				0.716679
			],
			[
				-0.41,
				0.72322
			],
			[
				-0.405,
				0.729761
			],
			[
				-0.4,
				0.736302
			],
			[
				-0.395,
				0.742842
			],
			[
				-0.39,
				0.749383
			],
			[
				-0.385,
				0.755924
			],
			[
				-0.38,
				0.762465
			],
			[
				-0.375,
				0.769006
			],
			[
				-0.37,
				0.775547
			],
			[
				-0.365,
				0.782088
			],
			[
				-0.36,
				0.788629
			],
			[
				-0.355,
				0.795169
			],
			[
				-0.35,
				0.80171
			],
			[
				-0.345,
				0.808251
			],
			[
				-0.34,
				0.814792
			],
			[
				-0.335,
				0.821333
			],
			[
				-0.33,
				0.827874
			],
			[
				-0.325,
				0.834415
			],
			[
				-0.32,
				0.840956
			],
			[
				-0.315,
				0.847497
			],
			[
				-0.31,
				0.854037
			],
			[
				-0.305,
				0.860578
			],
			[
				-0.3,
				0.867119
			],
			[
				-0.295,
				0.87366
			],
			[
				-0.29,
				0.880201
			],
			[
				-0.285,
				0.886742
			],
			[
				-0.28,
				0.893283
			],
			[
				-0.275,
				0.899824
			],
			[
				-0.27,
				0.906364
			],
			[
				-0.265,
				0.912905
			],
			[
				-0.26,
				0.919446
			],
			[
				-0.255,
				0.925987
			],
			[
				-0.25,
				0.932528
			],
			[
				-0.245,
				0.939069
			],
			[
				-0.24,
				0.94561
			],
			[
				-0.235,
				0.952151
			],
			[
				-0.23,
				0.958691
			],
			[
				-0.225,
				0.965232
			],
			[
				-0.22,
				0.971773
			],
			[
				-0.215,
				0.978314
			],
			[
				-0.21,
				0.984855
			],
			[
				-0.205,
				0.991396
			],
			[
				-0.2,
				0.997937
			],
			[
				-0.195,
				1.00448
			],
			[
				-0.19,
				1.01102
			],
			[
				-0.185,
				1.01756
			],
			[
				-0.18,
				1.0241
			],
			[
				-0.175,
				1.03064
			],
			[
				-0.17,
				1.03718
			],
			[
				-0.165,
				1.04372
			],
			[
				-0.16,
				1.05026
			],
			[
				-0.155,
				1.0568
			],
			[
				-0.15,
				1.06335
			],
			[
				-0.145,
				1.06989
			],
			[
				-0.14,
				1.07643
			],
			[
				-0.135,
				1.08297
			],
			[
				-0.13,
				1.08951
			],
			[
				-0.125,
				1.09605
			],
			[
				-0.12,
				1.10259
			],
			[
				-0.115,
				1.10913
			],
			[
				-0.11,
				1.11567
			],
			[
				-0.105,
				1.12221
			],
			[
				-0.1,
				1.12875
			],
			[
				-0.095,
				1.1353
			],
			[
				-0.09,
				1.14184
			],
			[
				-0.085,
				1.14838
			],
			[
				-0.08,
				1.15492
			],
			[
				-0.075,
				1.16146
			],
			[
				-0.07,
				1.168
			],
			[
				-0.065,
				1.17454
			],
			[
				-0.06,
				1.18108
			],
			[
				-0.055,
				1.18762
			],
			[
				-0.05,
				1.19416
			],
			[
				-0.045,
				1.2007
			],
			[
				-0.04,
				1.20724
			],
			[
				-0.035,
				1.21379
			],
			[
				-0.03,
				1.22033
			],
			[
				-0.025,
				1.22687
			],
			[
				-0.02,
				1.23341
			],
			[
				-0.015,
				1.23995
			],
			[
				-0.01,
				1.24649
			],
			[
				-0.005,
				1.25303
			],
			[
				0.0,
				1.25957
			]
		]
	}
}
