{
	"ID": 99,
	"name": "VACODYM_3230_060C",
	"conductivity": 0.0,
	"relPermeability": 1.0,
	"remanence": 0.0,
	"linear": false,
	"BHCurve": {
		"default": [
			[
				-0.8362759999999999,
				0.0
			],
			[
				-0.835,
				0.00169006
			],
			[
				-0.83,
				0.00831395
			],
			[
				-0.825,
				0.0149379
			],
			[
				-0.82,
				0.0215618
			],
			[
				-0.815,
				0.0281857
			],
			[
				-0.81,
				0.0348096
			],
			[
				-0.805,
				0.0414335
			],
			[
				-0.8,
				0.0480574
			],
			[
				-0.795,
				0.0546813
			],
			[
				-0.79,
				0.0613051
			],
			[
				-0.785,
				0.067929
			],
			[
				-0.78,
				0.0745529
			],
			[
				-0.775,
				0.0811768
			],
			[
				-0.77,
				0.0878007
			],
			[
				-0.765,
				0.0944246
			],
			[
				-0.76,
				0.101049
			],
			[
				-0.755,
				0.107672
			],
			[
				-0.75,
				0.114296
			],
			[
				-0.745,
				0.12092
			],
			[
				-0.74,
				0.127544
			],
			[
				-0.735,
				0.134168
			],
			[
				-0.73,
				0.140792
			],
			[
				-0.725,
				0.147416
			],
			[
				-0.72,
				0.15404
			],
			[
				-0.715,
				0.160664
			],
			[
				-0.71,
				0.167288
			],
			[
				-0.705,
				0.173911
			],
			[
				-0.7,
				0.180535
			],
			[
				-0.695,
				0.187159
			],
			[
				-0.69,
				0.193783
			],
			[
				-0.685,
				0.200407
			],
			[
				-0.68,
				0.207031
			],
			[
				-0.675,
				0.213655
			],
			[
				-0.67,
				0.220279
			],
			[
				-0.665,
				0.226903
			],
			[
				-0.66,
				0.233527
			],
			[
				-0.655,
				0.24015
			],
			[
				-0.65,
				0.246774
			],
			[
				-0.645,
				0.253398
			],
			[
				-0.64,
				0.260022
			],
			[
				-0.635,
				0.266646
			],
			[
				-0.63,
				0.27327
			],
			[
				-0.625,
				0.279894
			],
			[
				-0.62,
				0.286518
			],
			[
				-0.615,
				0.293142
			],
			[
				-0.61,
				0.299766
			],
			[
				-0.605,
				0.306389
			],
			[
				-0.6,
				0.313013
			],
			[
				-0.595,
				0.319637
			],
			[
				-0.59,
				0.326261
			],
			[
				-0.585,
				0.332885
			],
			[
				-0.58,
				0.339509
			],
			[
				-0.575,
				0.346133
			],
			[
				-0.57,
				0.352757
			],
			[
				-0.565,
				0.359381
			],
			[
				-0.56,
				0.366005
			],
			[
				-0.555,
				0.372628
			],
			[
				-0.55,
				0.379252
			],
			[
				-0.545,
				0.385876
			],
			[
				-0.54,
				0.3925
			],
			[
				-0.535,
				0.399124
			],
			[
				-0.53,
				0.405748
			],
			[
				-0.525,
				0.412372
			],
			[
				-0.52,
				0.418996
			],
			[
				-0.515,
				0.42562
			],
			[
				-0.51,
				0.432244
			],
			[
				-0.505,
				0.438867
			],
			[
				-0.5,
				0.445491
			],
			[
				-0.495,
				0.452115
			],
			[
				-0.49,
				0.458739
			],
			[
				-0.485,
				0.465363
			],
			[
				-0.48,
				0.471987
			],
			[
				-0.475,
				0.478611
			],
			[
				-0.47,
				0.485235
			],
			[
				-0.465,
				0.491859
			],
			[
				-0.46,
				0.498483
			],
			[
				-0.455,
				0.505106
			],
			[
				-0.45,
				0.51173
			],
			[
				-0.445,
				0.518354
			],
			[
				-0.44,
				0.524978
			],
			[
				-0.435,
				0.531602
			],
			[
				-0.43,
				0.538226
			],
			[
				-0.425,
				0.54485
			],
			[
				-0.42,
				0.551474
			],
			[
				-0.415,
				0.558098
			],
			[
				-0.41,
				0.564722
			],
			[
				-0.405,
				0.571345
			],
			[
				-0.4,
				0.577969
			],
			[
				-0.395,
				0.584593
			],
			[
				-0.39,
				0.591217
			],
			[
				-0.385,
				0.597841
			],
			[
				-0.38,
				0.604465
			],
			[
				-0.375,
				0.611089
			],
			[
				-0.37,
				0.617713
			],
			[
				-0.365,
				0.624337
			],
			[
				-0.36,
				0.63096
			],
			[
				-0.355,
				0.637584
			],
			[
				-0.35,
				0.644208
			],
			[
				-0.345,
				0.650832
			],
			[
				-0.34,
				0.657456
			],
			[
				-0.335,
				0.66408
			],
			[
				-0.33,
				0.670704
			],
			[
				-0.325,
				0.677328
			],
			[
				-0.32,
				0.683952
			],
			[
				-0.315,
				0.690576
			],
			[
				-0.31,
				0.697199
			],
			[
				-0.305,
				0.703823
			],
			[
				-0.3,
				0.710447
			],
			[
				-0.295,
				0.717071
			],
			[
				-0.29,
				0.723695
			],
			[
				-0.285,
				0.730319
			],
			[
				-0.28,
				0.736943
			],
			[
				-0.275,
				0.743567
			],
			[
				-0.27,
				0.750191
			],
			[
				-0.265,
				0.756815
			],
			[
				-0.26,
				0.763438
			],
			[
				-0.255,
				0.770062
			],
			[
				-0.25,
				0.776686
			],
			[
				-0.245,
				0.78331
			],
			[
				-0.24,
				0.789934
			],
			[
				-0.235,
				0.796558
			],
			[
				-0.23,
				0.803182
			],
			[
				-0.225,
				0.809806
			],
			[
				-0.22,
				0.81643
			],
			[
				-0.215,
				0.823054
			],
			[
				-0.21,
				0.829677
			],
			[
				-0.205,
				0.836301
			],
			[
				-0.2,
				0.842925
			],
			[
				-0.195,
				0.849549
			],
			[
				-0.19,
				0.856173
			],
			[
				-0.185,
				0.862797
			],
			[
				-0.18,
				0.869421
			],
			[
				-0.175,
				0.876045
			],
			[
				-0.17,
				0.882669
			],
			[
				-0.165,
				0.889293
			],
			[
				-0.16,
				0.895916
			],
			[
				-0.155,
				0.90254
			],
			[
				-0.15,
				0.909164
			],
			[
				-0.145,
				0.915788
			],
			[
				-0.14,
				0.922412
			],
			[
				-0.135,
				0.929036
			],
			[
				-0.13,
				0.93566
			],
			[
				-0.125,
				0.942284
			],
			[
				-0.12,
				0.948908
			],
			[
				-0.115,
				0.955532
			],
			[
				-0.11,
				0.962155
			],
			[
				-0.105,
				0.968779
			],
			[
				-0.1,
				0.975403
			],
			[
				-0.095,
				0.982027
			],
			[
				-0.09,
				0.988651
			],
			[
				-0.085,
				0.995275
			],
			[
				-0.08,
				1.0019
			],
			[
				-0.075,
				1.00852
			],
			[
				-0.07,
				1.01515
			],
			[
				-0.065,
				1.02177
			],
			[
				-0.06,
				1.02839
			],
			[
				-0.055,
				1.03502
			],
			[
				-0.05,
				1.04164
			],
			[
				-0.045,
				1.04827
			],
			[
				-0.04,
				1.05489
			],
			[
				-0.035,
				1.06151
			],
			[
				-0.03,
				1.06814
			],
			[
				-0.025,
				1.07476
			],
			[
				-0.02,
				1.08139
			],
			[
				-0.015,
				1.08801
			],
			[
				-0.01,
				1.09463
			],
			[
				-0.005,
				1.10126
			],
			[
				0.0,
				1.10788
			]
		]
	}
}
