{
	"ID": 214,
	"name": "VACODYM_764TP_60C",
	"conductivity": 0.0,
	"relPermeability": 1.0,
	"remanence": 0.0,
	"linear": false,
	"BHCurve": {
		"default": [
			[
				-0.960218,
				0.0
			],
			[
				-0.959769,
				0.00181557
			],
			[
				-0.958769,
				0.0055363
			],
			[
				-0.957769,
				0.00918001
			],
			[
				-0.956769,
				0.0126601
			],
			[
				-0.955769,
				0.0159834
			],
			[
				-0.954769,
				0.0191771
			],
			[
				-0.953769,
				0.0222685
			],
			[
				-0.952769,
				0.0252845
			],
			[
				-0.951769,
				0.0282524
			],
			[
				-0.950769,
				0.0311991
			],
			[
				-0.949769,
				0.0341283
			],
			[
				-0.948769,
				0.0370218
			],
			[
				-0.947769,
				0.0398643
			],
			[
				-0.946769,
				0.0426406
			],
			[
				-0.945769,
				0.0453355
			],
			[
				-0.944769,
				0.0479336
			],
			[
				-0.943769,
				0.0504198
			],
			[
				-0.942769,
				0.0527962
			],
			[
				-0.941769,
				0.0551104
			],
			[
				-0.940769,
				0.0573694
			],
			[
				-0.939769,
				0.0595766
			],
			[
				-0.938769,
				0.0617353
			],
			[
				-0.937769,
				0.0638488
			],
			[
				-0.936769,
				0.0659204
			],
			[
				-0.935769,
				0.0679535
			],
			[
				-0.934769,
				0.0699514
			],
			[
				-0.933769,
				0.0719175
			],
			[
				-0.932769,
				0.073855
			],
			[
				-0.931769,
				0.0757673
			],
			[
				-0.930769,
				0.0776577
			],
			[
				-0.929769,
				0.0795296
			],
			[
				-0.928769,
				0.0813863
			],
			[
				-0.927769,
				0.0832263
			],
			[
				-0.926769,
				0.0850397
			],
			[
				-0.925769,
				0.0868273
			],
			[
				-0.924769,
				0.0885905
			],
			[
				-0.923769,
				0.0903308
			],
			[
				-0.922769,
				0.0920497
			],
			[
				-0.9217690000000001,
				0.0937486
			],
			[
				-0.9207690000000001,
				0.0954289
			],
			[
				-0.9197690000000001,
				0.0970921
			],
			[
				-0.9187690000000001,
				0.0987396
			],
			[
				-0.9177690000000001,
				0.100373
			],
			[
				-0.9167690000000001,
				0.101993
			],
			[
				-0.915769,
				0.103603
			],
			[
				-0.914769,
				0.105202
			],
			[
				-0.913769,
				0.106793
			],
			[
				-0.912769,
				0.108377
			],
			[
				-0.911769,
				0.109955
			],
			[
				-0.910769,
				0.111529
			],
			[
				-0.909769,
				0.113101
			],
			[
				-0.908769,
				0.114666
			],
			[
				-0.907769,
				0.11622
			],
			[
				-0.906769,
				0.117765
			],
			[
				-0.905769,
				0.1193
			],
			[
				-0.904769,
				0.120825
			],
			[
				-0.903769,
				0.12234
			],
			[
				-0.902769,
				0.123847
			],
			[
				-0.901769,
				0.125344
			],
			[
				-0.900769,
				0.126833
			],
			[
				-0.899769,
				0.128313
			],
			[
				-0.898769,
				0.129784
			],
			[
				-0.897769,
				0.131248
			],
			[
				-0.896769,
				0.132704
			],
			[
				-0.895769,
				0.134152
			],
			[
				-0.894769,
				0.135593
			],
			[
				-0.893769,
				0.137026
			],
			[
				-0.892769,
				0.138453
			],
			[
				-0.891769,
				0.139872
			],
			[
				-0.890769,
				0.141286
			],
			[
				-0.889769,
				0.142694
			],
			[
				-0.888769,
				0.144098
			],
			[
				-0.887769,
				0.145498
			],
			[
				-0.886769,
				0.146893
			],
			[
				-0.885769,
				0.148285
			],
			[
				-0.884769,
				0.149672
			],
			[
				-0.883769,
				0.151055
			],
			[
				-0.882769,
				0.152434
			],
			[
				-0.881769,
				0.15381
			],
			[
				-0.880769,
				0.155181
			],
			[
				-0.879769,
				0.156549
			],
			[
				-0.878769,
				0.157914
			],
			[
				-0.877769,
				0.159274
			],
			[
				-0.876769,
				0.160632
			],
			[
				-0.875769,
				0.161985
			],
			[
				-0.874769,
				0.163336
			],
			[
				-0.873769,
				0.164683
			],
			[
				-0.872769,
				0.166027
			],
			[
				-0.871769,
				0.167368
			],
			[
				-0.870769,
				0.168706
			],
			[
				-0.869769,
				0.170041
			],
			[
				-0.868769,
				0.171373
			],
			[
				-0.867769,
				0.172703
			],
			[
				-0.866769,
				0.174029
			],
			[
				-0.865769,
				0.175353
			],
			[
				-0.864769,
				0.176674
			],
			[
				-0.863769,
				0.177993
			],
			[
				-0.862769,
				0.17931
			],
			[
				-0.861769,
				0.180624
			],
			[
				-0.860769,
				0.181936
			],
			[
				-0.859769,
				0.183245
			],
			[
				-0.858769,
				0.184553
			],
			[
				-0.857769,
				0.185858
			],
			[
				-0.856769,
				0.187162
			],
			[
				-0.855769,
				0.188463
			],
			[
				-0.854769,
				0.189763
			],
			[
				-0.853769,
				0.191061
			],
			[
				-0.852769,
				0.192357
			],
			[
				-0.851769,
				0.193652
			],
			[
				-0.850769,
				0.194946
			],
			[
				-0.849769,
				0.196237
			],
			[
				-0.848769,
				0.197528
			],
			[
				-0.847769,
				0.198817
			],
			[
				-0.846769,
				0.200105
			],
			[
				-0.845769,
				0.201392
			],
			[
				-0.844769,
				0.202677
			],
			[
				-0.843769,
				0.203962
			],
			[
				-0.842769,
				0.205246
			],
			[
				-0.841769,
				0.206529
			],
			[
				-0.840769,
				0.207811
			],
			[
				-0.839769,
				0.209093
			],
			[
				-0.838769,
				0.210374
			],
			[
				-0.837769,
				0.211654
			],
			[
				-0.836769,
				0.212934
			],
			[
				-0.835769,
				0.214214
			],
			[
				-0.834769,
				0.215493
			],
			[
				-0.833769,
				0.216772
			],
			[
				-0.832769,
				0.218051
			],
			[
				-0.831769,
				0.21933
			],
			[
				-0.830769,
				0.220609
			],
			[
				-0.829769,
				0.221888
			],
			[
				-0.828769,
				0.223167
			],
			[
				-0.827769,
				0.224446
			],
			[
				-0.826769,
				0.225726
			],
			[
				-0.825769,
				0.227006
			],
			[
				-0.824769,
				0.228286
			],
			[
				-0.823769,
				0.229567
			],
			[
				-0.822769,
				0.230849
			],
			[
				-0.821769,
				0.232131
			],
			[
				-0.820769,
				0.233414
			],
			[
				-0.819769,
				0.234698
			],
			[
				-0.818769,
				0.235982
			],
			[
				-0.817769,
				0.237268
			],
			[
				-0.816769,
				0.238555
			],
			[
				-0.815769,
				0.239843
			],
			[
				-0.814769,
				0.241132
			],
			[
				-0.813769,
				0.242422
			],
			[
				-0.812769,
				0.243714
			],
			[
				-0.811769,
				0.245007
			],
			[
				-0.810769,
				0.246302
			],
			[
				-0.809769,
				0.247598
			],
			[
				-0.808769,
				0.248896
			],
			[
				-0.807769,
				0.250195
			],
			[
				-0.806769,
				0.251497
			],
			[
				-0.805769,
				0.2528
			],
			[
				-0.804769,
				0.254106
			],
			[
				-0.803769,
				0.255413
			],
			[
				-0.802769,
				0.256723
			],
			[
				-0.801769,
				0.258034
			],
			[
				-0.800769,
				0.259346
			],
			[
				-0.799769,
				0.260658
			],
			[
				-0.798769,
				0.261971
			],
			[
				-0.797769,
				0.263283
			],
			[
				-0.7967690000000001,
				0.264595
			],
			[
				-0.7957690000000001,
				0.265907
			],
			[
				-0.7947690000000001,
				0.26722
			],
			[
				-0.7937690000000001,
				0.268532
			],
			[
				-0.7927690000000001,
				0.269844
			],
			[
				-0.7917690000000001,
				0.271156
			],
			[
				-0.79,
				0.273478
			],
			[
				-0.78,
				0.2866
			],
			[
				-0.77,
				0.299722
			],
			[
				-0.76,
				0.312844
			],
			[
				-0.75,
				0.325966
			],
			[
				-0.74,
				0.339088
			],
			[
				-0.73,
				0.35221
			],
			[
				-0.72,
				0.365332
			],
			[
				-0.71,
				0.378454
			],
			[
				-0.7,
				0.391576
			],
			[
				-0.69,
				0.404698
			],
			[
				-0.68,
				0.41782
			],
			[
				-0.67,
				0.430942
			],
			[
				-0.66,
				0.444064
			],
			[
				-0.65,
				0.457186
			],
			[
				-0.64,
				0.470308
			],
			[
				-0.63,
				0.48343
			],
			[
				-0.62,
				0.496552
			],
			[
				-0.61,
				0.509674
			],
			[
				-0.6,
				0.522796
			],
			[
				-0.59,
				0.535918
			],
			[
				-0.58,
				0.54904
			],
			[
				-0.57,
				0.562162
			],
			[
				-0.56,
				0.575284
			],
			[
				-0.55,
				0.588406
			],
			[
				-0.54,
				0.601528
			],
			[
				-0.53,
				0.61465
			],
			[
				-0.52,
				0.627772
			],
			[
				-0.51,
				0.640894
			],
			[
				-0.5,
				0.654016
			],
			[
				-0.49,
