{
	"ID": 257,
	"name": "VACODYM_787TP_80C",
	"conductivity": 0.0,
	"relPermeability": 0.0,
	"remanence": "no information",
	"linear": false,
	"BHCurve": {
		"default": [
			[
				-0.92157,
				0.0
			],
			[
				-0.92,
				0.00207376
			],
			[
				-0.91,
				0.0152788
			],
			[
				-0.9,
				0.0284838
			],
			[
				-0.89,
				0.0416889
			],
			[
				-0.88,
				0.0548939
			],
			[
				-0.87,
				0.0680989
			],
			[
				-0.86,
				0.0813039
			],
			[
				-0.85,
				0.094509
			],
			[
				-0.84,
				0.107714
			],
			[
				-0.83,
				0.120919
			],
			[
				-0.82,
				0.134124
			],
			[
				-0.81,
				0.147329
			],
			[
				-0.8,
				0.160534
			],
			[
				-0.79,
				0.173739
			],
			[
				-0.78,
				0.186944
			],
			[
				-0.77,
				0.200149
			],
			[
				-0.76,
				0.213354
			],
			[
				-0.75,
				0.226559
			],
			[
				-0.74,
				0.239764
			],
			[
				-0.73,
				0.252969
			],
			[
				-0.72,
				0.266174
			],
			[
				-0.71,
				0.279379
			],
			[
				-0.7,
				0.292584
			],
			[
				-0.69,
				0.305789
			],
			[
				-0.68,
				0.318995
			],
			[
				-0.67,
				0.3322
			],
			[
				-0.66,
				0.345405
			],
			[
				-0.65,
				0.35861
			],
			[
				-0.64,
				0.371815
			],
			[
				-0.63,
				0.38502
			],
			[
				-0.62,
				0.398225
			],
			[
				-0.61,
				0.41143
			],
			[
				-0.6,
				0.424635
			],
			[
				-0.59,
				0.43784
			],
			[
				-0.58,
				0.451045
			],
			[
				-0.57,
				0.46425
			],
			[
				-0.56,
				0.477455
			],
			[
				-0.55,
				0.49066
			],
			[
				-0.54,
				0.503865
			],
			[
				-0.53,
				0.51707
			],
			[
				-0.52,
				0.530275
			],
			[
				-0.51,
				0.54348
			],
			[
				-0.5,
				0.556685
			],
			[
				-0.49,
				0.56989
			],
			[
				-0.48,
				0.583095
			],
			[
				-0.47,
				0.5963
			],
			[
				-0.46,
				0.609505
			],
			[
				-0.45,
				0.62271
			],
			[
				-0.44,
				0.635915
			],
			[
				-0.43,
				0.64912
			],
			[
				-0.42,
				0.662325
			],
			[
				-0.41,
				0.67553
			],
			[
				-0.4,
				0.688735
			],
			[
				-0.39,
				0.70194
			],
			[
				-0.38,
				0.715145
			],
			[
				-0.37,
				0.72835
			],
			[
				-0.36,
				0.741556
			],
			[
				-0.35,
				0.754761
			],
			[
				-0.34,
				0.767966
			],
			[
				-0.33,
				0.781171
			],
			[
				-0.32,
				0.794376
			],
			[
				-0.31,
				0.807581
			],
			[
				-0.3,
				0.820786
			],
			[
				-0.29,
				0.833991
			],
			[
				-0.28,
				0.847196
			],
			[
				-0.27,
				0.860401
			],
			[
				-0.26,
				0.873606
			],
			[
				-0.25,
				0.886811
			],
			[
				-0.24,
				0.900016
			],
			[
				-0.23,
				0.913221
			],
			[
				-0.22,
				0.926426
			],
			[
				-0.21,
				0.939631
			],
			[
				-0.2,
				0.952836
			],
			[
				-0.19,
				0.966041
			],
			[
				-0.18,
				0.979246
			],
			[
				-0.17,
				0.992451
			],
			[
				-0.16,
				1.00566
			],
			[
				-0.15,
				1.01886
			],
			[
				-0.14,
				1.03207
			],
			[
				-0.13,
				1.04527
			],
			[
				-0.12,
				1.05848
			],
			[
				-0.11,
				1.07168
			],
			[
				-0.1,
				1.08489
			],
			[
				-0.09,
				1.09809
			],
			[
				-0.08,
				1.1113
			],
			[
				-0.07,
				1.1245
			],
			[
				-0.06,
				1.13771
			],
			[
				-0.05,
				1.15091
			],
			[
				-0.04,
				1.16412
			],
			[
				-0.03,
				1.17732
			],
			[
				-0.02,
				1.19053
			],
			[
				-0.01,
				1.20373
			],
			[
				0.0,
				1.21694
			]
		]
	}
}
