{
	"ID": 125,
	"name": "VACODYM_4020_20C",
	"conductivity": 0.0,
	"relPermeability": 0.0,
	"remanence": "no information",
	"linear": false,
	"BHCurve": {
		"default": [
			[
				-0.9784619999999999,
				0.0
			],
			[
				-0.97,
				0.0110692
			],
			[
				-0.96,
				0.0241509
			],
			[
				-0.95,
				0.0372327
			],
			[
				-0.94,
				0.0503145
			],
			[
				-0.93,
				0.0633962
			],
			[
				-0.92,
				0.076478
			],
			[
				-0.91,
				0.0895597
			],
			[
				-0.9,
				0.102642
			],
			[
				-0.89,
				0.115723
			],
			[
				-0.88,
				0.128805
			],
			[
				-0.87,
				0.141887
			],
			[
				-0.86,
				0.154969
			],
			[
				-0.85,
				0.16805
			],
			[
				-0.84,
				0.181132
			],
			[
				-0.83,
				0.194214
			],
			[
				-0.82,
				0.207296
			],
			[
				-0.81,
				0.220377
			],
			[
				-0.8,
				0.233459
			],
			[
				-0.79,
				0.246541
			],
			[
				-0.78,
				0.259623
			],
			[
				-0.77,
				0.272704
			],
			[
				-0.76,
				0.285786
			],
			[
				-0.75,
				0.298868
			],
			[
				-0.74,
				0.31195
			],
			[
				-0.73,
				0.325031
			],
			[
				-0.72,
				0.338113
			],
			[
				-0.71,
				0.351195
			],
			[
				-0.7,
				0.364277
			],
			[
				-0.69,
				0.377358
			],
			[
				-0.68,
				0.39044
			],
			[
				-0.67,
				0.403522
			],
			[
				-0.66,
				0.416604
			],
			[
				-0.65,
				0.429686
			],
			[
				-0.64,
				0.442767
			],
			[
				-0.63,
				0.455849
			],
			[
				-0.62,
				0.468931
			],
			[
				-0.61,
				0.482013
			],
			[
				-0.6,
				0.495094
			],
			[
				-0.59,
				0.508176
			],
			[
				-0.58,
				0.521258
			],
			[
				-0.57,
				0.53434
			],
			[
				-0.56,
				0.547421
			],
			[
				-0.55,
				0.560503
			],
			[
				-0.54,
				0.573585
			],
			[
				-0.53,
				0.586667
			],
			[
				-0.52,
				0.599748
			],
			[
				-0.51,
				0.61283
			],
			[
				-0.5,
				0.625912
			],
			[
				-0.49,
				0.638994
			],
			[
				-0.48,
				0.652075
			],
			[
				-0.47,
				0.665157
			],
			[
				-0.46,
				0.678239
			],
			[
				-0.45,
				0.691321
			],
			[
				-0.44,
				0.704403
			],
			[
				-0.43,
				0.717484
			],
			[
				-0.42,
				0.730566
			],
			[
				-0.41,
				0.743648
			],
			[
				-0.4,
				0.75673
			],
			[
				-0.39,
				0.769811
			],
			[
				-0.38,
				0.782893
			],
			[
				-0.37,
				0.795975
			],
			[
				-0.36,
				0.809057
			],
			[
				-0.35,
				0.822138
			],
			[
				-0.34,
				0.83522
			],
			[
				-0.33,
				0.848302
			],
			[
				-0.32,
				0.861384
			],
			[
				-0.31,
				0.874465
			],
			[
				-0.3,
				0.887547
			],
			[
				-0.29,
				0.900629
			],
			[
				-0.28,
				0.913711
			],
			[
				-0.27,
				0.926792
			],
			[
				-0.26,
				0.939874
			],
			[
				-0.25,
				0.952956
			],
			[
				-0.24,
				0.966038
			],
			[
				-0.23,
				0.979119
			],
			[
				-0.22,
				0.992201
			],
			[
				-0.21,
				1.00528
			],
			[
				-0.2,
				1.01836
			],
			[
				-0.19,
				1.03145
			],
			[
				-0.18,
				1.04453
			],
			[
				-0.17,
				1.05761
			],
			[
				-0.16,
				1.07069
			],
			[
				-0.15,
				1.08377
			],
			[
				-0.14,
				1.09686
			],
			[
				-0.13,
				1.10994
			],
			[
				-0.12,
				1.12302
			],
			[
				-0.11,
				1.1361
			],
			[
				-0.1,
				1.14918
			],
			[
				-0.09,
				1.16226
			],
			[
				-0.08,
				1.17535
			],
			[
				-0.07,
				1.18843
			],
			[
				-0.06,
				1.20151
			],
			[
				-0.05,
				1.21459
			],
			[
				-0.04,
				1.22767
			],
			[
				-0.03,
				1.24075
			],
			[
				-0.02,
				1.25384
			],
			[
				-0.01,
				1.26692
			],
			[
				0.0,
				1.28
			]
		]
	}
}
