{
	"ID": 226,
	"name": "VACODYM_776TP_180C",
	"conductivity": 0.0,
	"relPermeability": 1.0,
	"remanence": 0.0,
	"linear": false,
	"BHCurve": {
		"default": [
			[
				-0.351327,
				0.0
			],
			[
				-0.350529,
				0.0343387
			],
			[
				-0.349529,
				0.077351
			],
			[
				-0.348529,
				0.120363
			],
			[
				-0.347529,
				0.163376
			],
			[
				-0.346529,
				0.206388
			],
			[
				-0.345529,
				0.2494
			],
			[
				-0.344529,
				0.292412
			],
			[
				-0.343529,
				0.335425
			],
			[
				-0.342529,
				0.378437
			],
			[
				-0.34152899999999997,
				0.421449
			],
			[
				-0.34052899999999997,
				0.464462
			],
			[
				-0.33952899999999997,
				0.512369
			],
			[
				-0.33852899999999997,
				0.557304
			],
			[
				-0.337529,
				0.580135
			],
			[
				-0.336529,
				0.592293
			],
			[
				-0.335529,
				0.599941
			],
			[
				-0.334529,
				0.605874
			],
			[
				-0.333529,
				0.611144
			],
			[
				-0.332529,
				0.615913
			],
			[
				-0.331529,
				0.620457
			],
			[
				-0.330529,
				0.624876
			],
			[
				-0.329529,
				0.628997
			],
			[
				-0.328529,
				0.632632
			],
			[
				-0.327529,
				0.635888
			],
			[
				-0.326529,
				0.638922
			],
			[
				-0.325529,
				0.641764
			],
			[
				-0.324529,
				0.644442
			],
			[
				-0.323529,
				0.646984
			],
			[
				-0.322529,
				0.649421
			],
			[
				-0.321529,
				0.651761
			],
			[
				-0.320529,
				0.653993
			],
			[
				-0.319529,
				0.656131
			],
			[
				-0.318529,
				0.658188
			],
			[
				-0.317529,
				0.660178
			],
			[
				-0.316529,
				0.662113
			],
			[
				-0.315529,
				0.664008
			],
			[
				-0.314529,
				0.665875
			],
			[
				-0.313529,
				0.667711
			],
			[
				-0.312529,
				0.669506
			],
			[
				-0.311529,
				0.67126
			],
			[
				-0.310529,
				0.672973
			],
			[
				-0.309529,
				0.674646
			],
			[
				-0.308529,
				0.676279
			],
			[
				-0.307529,
				0.677874
			],
			[
				-0.306529,
				0.679432
			],
			[
				-0.305529,
				0.680961
			],
			[
				-0.304529,
				0.682468
			],
			[
				-0.303529,
				0.683953
			],
			[
				-0.302529,
				0.685419
			],
			[
				-0.301529,
				0.686865
			],
			[
				-0.300529,
				0.688293
			],
			[
				-0.299529,
				0.689705
			],
			[
				-0.298529,
				0.691101
			],
			[
				-0.297529,
				0.692483
			],
			[
				-0.296529,
				0.693851
			],
			[
				-0.295529,
				0.695208
			],
			[
				-0.294529,
				0.696554
			],
			[
				-0.293529,
				0.69789
			],
			[
				-0.292529,
				0.699217
			],
			[
				-0.291529,
				0.700538
			],
			[
				-0.290529,
				0.701852
			],
			[
				-0.289529,
				0.703161
			],
			[
				-0.28,
				0.715611
			],
			[
				-0.27,
				0.72915
			],
			[
				-0.26,
				0.74277
			],
			[
				-0.25,
				0.75639
			],
			[
				-0.24,
				0.77001
			],
			[
				-0.23,
				0.78363
			],
			[
				-0.22,
				0.79725
			],
			[
				-0.21,
				0.81087
			],
			[
				-0.2,
				0.824491
			],
			[
				-0.19,
				0.838111
			],
			[
				-0.18,
				0.851731
			],
			[
				-0.17,
				0.865351
			],
			[
				-0.16,
				0.878971
			],
			[
				-0.15,
				0.892591
			],
			[
				-0.14,
				0.906211
			],
			[
				-0.13,
				0.919831
			],
			[
				-0.12,
				0.933452
			],
			[
				-0.11,
				0.947072
			],
			[
				-0.1,
				0.960692
			],
			[
				-0.09,
				0.974312
			],
			[
				-0.08,
				0.987932
			],
			[
				-0.07,
				1.00155
			],
			[
				-0.06,
				1.01517
			],
			[
				-0.05,
				1.02879
			],
			[
				-0.04,
				1.04241
			],
			[
				-0.03,
				1.05603
			],
			[
				-0.02,
				1.06965
			],
			[
				-0.01,
				1.08327
			],
			[
				0.0,
				1.09689
			]
		]
	}
}
