{
	"ID": 171,
	"name": "VACODYM_677AP_120C",
	"conductivity": 0.0,
	"relPermeability": 1.0,
	"remanence": 0.0,
	"linear": false,
	"BHCurve": {
		"default": [
			[
				-0.727711,
				0.0
			],
			[
				-0.72,
				0.0105038
			],
			[
				-0.71,
				0.0241251
			],
			[
				-0.7,
				0.0377465
			],
			[
				-0.69,
				0.0513679
			],
			[
				-0.68,
				0.0649893
			],
			[
				-0.67,
				0.0786107
			],
			[
				-0.66,
				0.0922321
			],
			[
				-0.65,
				0.105853
			],
			[
				-0.64,
				0.119475
			],
			[
				-0.63,
				0.133096
			],
			[
				-0.62,
				0.146718
			],
			[
				-0.61,
				0.160339
			],
			[
				-0.6,
				0.17396
			],
			[
				-0.59,
				0.187582
			],
			[
				-0.58,
				0.201203
			],
			[
				-0.57,
				0.214825
			],
			[
				-0.56,
				0.228446
			],
			[
				-0.55,
				0.242067
			],
			[
				-0.54,
				0.255689
			],
			[
				-0.53,
				0.26931
			],
			[
				-0.52,
				0.282931
			],
			[
				-0.51,
				0.296553
			],
			[
				-0.5,
				0.310174
			],
			[
				-0.49,
				0.323796
			],
			[
				-0.48,
				0.337417
			],
			[
				-0.47,
				0.351038
			],
			[
				-0.46,
				0.36466
			],
			[
				-0.45,
				0.378281
			],
			[
				-0.44,
				0.391902
			],
			[
				-0.43,
				0.405524
			],
			[
				-0.42,
				0.419145
			],
			[
				-0.41,
				0.432767
			],
			[
				-0.4,
				0.446388
			],
			[
				-0.39,
				0.460009
			],
			[
				-0.38,
				0.473631
			],
			[
				-0.37,
				0.487252
			],
			[
				-0.36,
				0.500874
			],
			[
				-0.35,
				0.514495
			],
			[
				-0.34,
				0.528116
			],
			[
				-0.33,
				0.541738
			],
			[
				-0.32,
				0.555359
			],
			[
				-0.31,
				0.56898
			],
			[
				-0.3,
				0.582602
			],
			[
				-0.29,
				0.596223
			],
			[
				-0.28,
				0.609845
			],
			[
				-0.27,
				0.623466
			],
			[
				-0.26,
				0.637087
			],
			[
				-0.25,
				0.650709
			],
			[
				-0.24,
				0.66433
			],
			[
				-0.23,
				0.677952
			],
			[
				-0.22,
				0.691573
			],
			[
				-0.21,
				0.705194
			],
			[
				-0.2,
				0.718816
			],
			[
				-0.19,
				0.732437
			],
			[
				-0.18,
				0.746058
			],
			[
				-0.17,
				0.75968
			],
			[
				-0.16,
				0.773301
			],
			[
				-0.15,
				0.786923
			],
			[
				-0.14,
				0.800544
			],
			[
				-0.13,
				0.814165
			],
			[
				-0.12,
				0.827787
			],
			[
				-0.11,
				0.841408
			],
			[
				-0.1,
				0.85503
			],
			[
				-0.09,
				0.868651
			],
			[
				-0.08,
				0.882272
			],
			[
				-0.07,
				0.895894
			],
			[
				-0.06,
				0.909515
			],
			[
				-0.05,
				0.923136
			],
			[
				-0.04,
				0.936758
			],
			[
				-0.03,
				0.950379
			],
			[
				-0.02,
				0.964001
			],
			[
				-0.01,
				0.977622
			],
			[
				0.0,
				0.991243
			]
		]
	}
}
