{
	"ID": 323,
	"name": "VACODYM_872TP_120C",
	"conductivity": 0.0,
	"relPermeability": 1.0,
	"remanence": 0.0,
	"linear": false,
	"BHCurve": {
		"default": [
			[
				-0.842491,
				0.0
			],
			[
				-0.84,
				0.00333019
			],
			[
				-0.83,
				0.0167013
			],
			[
				-0.82,
				0.0300723
			],
			[
				-0.81,
				0.0434434
			],
			[
				-0.8,
				0.0568145
			],
			[
				-0.79,
				0.0701855
			],
			[
				-0.78,
				0.0835566
			],
			[
				-0.77,
				0.0969277
			],
			[
				-0.76,
				0.110299
			],
			[
				-0.75,
				0.12367
			],
			[
				-0.74,
				0.137041
			],
			[
				-0.73,
				0.150412
			],
			[
				-0.72,
				0.163783
			],
			[
				-0.71,
				0.177154
			],
			[
				-0.7,
				0.190525
			],
			[
				-0.69,
				0.203896
			],
			[
				-0.68,
				0.217267
			],
			[
				-0.67,
				0.230638
			],
			[
				-0.66,
				0.244009
			],
			[
				-0.65,
				0.257381
			],
			[
				-0.64,
				0.270752
			],
			[
				-0.63,
				0.284123
			],
			[
				-0.62,
				0.297494
			],
			[
				-0.61,
				0.310865
			],
			[
				-0.6,
				0.324236
			],
			[
				-0.59,
				0.337607
			],
			[
				-0.58,
				0.350978
			],
			[
				-0.57,
				0.364349
			],
			[
				-0.56,
				0.37772
			],
			[
				-0.55,
				0.391091
			],
			[
				-0.54,
				0.404462
			],
			[
				-0.53,
				0.417833
			],
			[
				-0.52,
				0.431204
			],
			[
				-0.51,
				0.444575
			],
			[
				-0.5,
				0.457947
			],
			[
				-0.49,
				0.471318
			],
			[
				-0.48,
				0.484689
			],
			[
				-0.47,
				0.49806
			],
			[
				-0.46,
				0.511431
			],
			[
				-0.45,
				0.524802
			],
			[
				-0.44,
				0.538173
			],
			[
				-0.43,
				0.551544
			],
			[
				-0.42,
				0.564915
			],
			[
				-0.41,
				0.578286
			],
			[
				-0.4,
				0.591657
			],
			[
				-0.39,
				0.605028
			],
			[
				-0.38,
				0.618399
			],
			[
				-0.37,
				0.63177
			],
			[
				-0.36,
				0.645142
			],
			[
				-0.35,
				0.658513
			],
			[
				-0.34,
				0.671884
			],
			[
				-0.33,
				0.685255
			],
			[
				-0.32,
				0.698626
			],
			[
				-0.31,
				0.711997
			],
			[
				-0.3,
				0.725368
			],
			[
				-0.29,
				0.738739
			],
			[
				-0.28,
				0.75211
			],
			[
				-0.27,
				0.765481
			],
			[
				-0.26,
				0.778852
			],
			[
				-0.25,
				0.792223
			],
			[
				-0.24,
				0.805594
			],
			[
				-0.23,
				0.818965
			],
			[
				-0.22,
				0.832336
			],
			[
				-0.21,
				0.845708
			],
			[
				-0.2,
				0.859079
			],
			[
				-0.19,
				0.87245
			],
			[
				-0.18,
				0.885821
			],
			[
				-0.17,
				0.899192
			],
			[
				-0.16,
				0.912563
			],
			[
				-0.15,
				0.925934
			],
			[
				-0.14,
				0.939305
			],
			[
				-0.13,
				0.952676
			],
			[
				-0.12,
				0.966047
			],
			[
				-0.11,
				0.979418
			],
			[
				-0.1,
				0.992789
			],
			[
				-0.09,
				1.00616
			],
			[
				-0.08,
				1.01953
			],
			[
				-0.07,
				1.0329
			],
			[
				-0.06,
				1.04627
			],
			[
				-0.05,
				1.05964
			],
			[
				-0.04,
				1.07302
			],
			[
				-0.03,
				1.08639
			],
			[
				-0.02,
				1.09976
			],
			[
				-0.01,
				1.11313
			],
			[
				0.0,
				1.1265
			]
		]
	}
}
