{
	"ID": 162,
	"name": "VACODYM_669TP_100C",
	"conductivity": 0.0,
	"relPermeability": 1.0,
	"remanence": 0.0,
	"linear": false,
	"BHCurve": {
		"default": [
			[
				-0.8544729999999999,
				0.0
			],
			[
				-0.85,
				0.00594322
			],
			[
				-0.84,
				0.0192313
			],
			[
				-0.83,
				0.0325193
			],
			[
				-0.82,
				0.0458074
			],
			[
				-0.81,
				0.0590954
			],
			[
				-0.8,
				0.0723835
			],
			[
				-0.79,
				0.0856715
			],
			[
				-0.78,
				0.0989596
			],
			[
				-0.77,
				0.112248
			],
			[
				-0.76,
				0.125536
			],
			[
				-0.75,
				0.138824
			],
			[
				-0.74,
				0.152112
			],
			[
				-0.73,
				0.1654
			],
			[
				-0.72,
				0.178688
			],
			[
				-0.71,
				0.191976
			],
			[
				-0.7,
				0.205264
			],
			[
				-0.69,
				0.218552
			],
			[
				-0.68,
				0.23184
			],
			[
				-0.67,
				0.245128
			],
			[
				-0.66,
				0.258416
			],
			[
				-0.65,
				0.271704
			],
			[
				-0.64,
				0.284992
			],
			[
				-0.63,
				0.29828
			],
			[
				-0.62,
				0.311568
			],
			[
				-0.61,
				0.324856
			],
			[
				-0.6,
				0.338144
			],
			[
				-0.59,
				0.351433
			],
			[
				-0.58,
				0.364721
			],
			[
				-0.57,
				0.378009
			],
			[
				-0.56,
				0.391297
			],
			[
				-0.55,
				0.404585
			],
			[
				-0.54,
				0.417873
			],
			[
				-0.53,
				0.431161
			],
			[
				-0.52,
				0.444449
			],
			[
				-0.51,
				0.457737
			],
			[
				-0.5,
				0.471025
			],
			[
				-0.49,
				0.484313
			],
			[
				-0.48,
				0.497601
			],
			[
				-0.47,
				0.510889
			],
			[
				-0.46,
				0.524177
			],
			[
				-0.45,
				0.537465
			],
			[
				-0.44,
				0.550753
			],
			[
				-0.43,
				0.564041
			],
			[
				-0.42,
				0.577329
			],
			[
				-0.41,
				0.590617
			],
			[
				-0.4,
				0.603905
			],
			[
				-0.39,
				0.617194
			],
			[
				-0.38,
				0.630482
			],
			[
				-0.37,
				0.64377
			],
			[
				-0.36,
				0.657058
			],
			[
				-0.35,
				0.670346
			],
			[
				-0.34,
				0.683634
			],
			[
				-0.33,
				0.696922
			],
			[
				-0.32,
				0.71021
			],
			[
				-0.31,
				0.723498
			],
			[
				-0.3,
				0.736786
			],
			[
				-0.29,
				0.750074
			],
			[
				-0.28,
				0.763362
			],
			[
				-0.27,
				0.77665
			],
			[
				-0.26,
				0.789938
			],
			[
				-0.25,
				0.803226
			],
			[
				-0.24,
				0.816514
			],
			[
				-0.23,
				0.829802
			],
			[
				-0.22,
				0.84309
			],
			[
				-0.21,
				0.856378
			],
			[
				-0.2,
				0.869666
			],
			[
				-0.19,
				0.882955
			],
			[
				-0.18,
				0.896243
			],
			[
				-0.17,
				0.909531
			],
			[
				-0.16,
				0.922819
			],
			[
				-0.15,
				0.936107
			],
			[
				-0.14,
				0.949395
			],
			[
				-0.13,
				0.962683
			],
			[
				-0.12,
				0.975971
			],
			[
				-0.11,
				0.989259
			],
			[
				-0.1,
				1.00255
			],
			[
				-0.09,
				1.01584
			],
			[
				-0.08,
				1.02912
			],
			[
				-0.07,
				1.04241
			],
			[
				-0.06,
				1.0557
			],
			[
				-0.05,
				1.06899
			],
			[
				-0.04,
				1.08228
			],
			[
				-0.03,
				1.09556
			],
			[
				-0.02,
				1.10885
			],
			[
				-0.01,
				1.12214
			],
			[
				0.0,
				1.13543
			]
		]
	}
}
