{
	"ID": 254,
	"name": "VACODYM_787TP_180C",
	"conductivity": 0.0,
	"relPermeability": 0.0,
	"remanence": "no information",
	"linear": false,
	"BHCurve": {
		"default": [
			[
				-0.42888099999999996,
				0.0
			],
			[
				-0.428042,
				0.0341773
			],
			[
				-0.427042,
				0.0748959
			],
			[
				-0.426042,
				0.115615
			],
			[
				-0.425042,
				0.156333
			],
			[
				-0.424042,
				0.197052
			],
			[
				-0.423042,
				0.23777
			],
			[
				-0.422042,
				0.278489
			],
			[
				-0.42104199999999997,
				0.319227
			],
			[
				-0.42004199999999997,
				0.365886
			],
			[
				-0.41904199999999997,
				0.406427
			],
			[
				-0.41804199999999997,
				0.424395
			],
			[
				-0.41704199999999997,
				0.434679
			],
			[
				-0.41604199999999997,
				0.441984
			],
			[
				-0.41504199999999997,
				0.447451
			],
			[
				-0.41404199999999997,
				0.45234
			],
			[
				-0.41304199999999996,
				0.456806
			],
			[
				-0.41204199999999996,
				0.460936
			],
			[
				-0.41104199999999996,
				0.464862
			],
			[
				-0.41004199999999996,
				0.46871
			],
			[
				-0.40904199999999996,
				0.472472
			],
			[
				-0.40804199999999996,
				0.476062
			],
			[
				-0.40704199999999996,
				0.479391
			],
			[
				-0.40604199999999996,
				0.482401
			],
			[
				-0.40504199999999996,
				0.485227
			],
			[
				-0.40404199999999996,
				0.487913
			],
			[
				-0.40304199999999996,
				0.490475
			],
			[
				-0.40204199999999995,
				0.492927
			],
			[
				-0.40104199999999995,
				0.495285
			],
			[
				-0.40004199999999995,
				0.497563
			],
			[
				-0.39904199999999995,
				0.499776
			],
			[
				-0.39804199999999995,
				0.501937
			],
			[
				-0.39704199999999995,
				0.504032
			],
			[
				-0.39604199999999995,
				0.50606
			],
			[
				-0.39504199999999995,
				0.508028
			],
			[
				-0.39404199999999995,
				0.509944
			],
			[
				-0.39304199999999995,
				0.511813
			],
			[
				-0.39204199999999995,
				0.513642
			],
			[
				-0.391042,
				0.515439
			],
			[
				-0.390042,
				0.51721
			],
			[
				-0.389042,
				0.518962
			],
			[
				-0.388042,
				0.520701
			],
			[
				-0.387042,
				0.522418
			],
			[
				-0.386042,
				0.524108
			],
			[
				-0.385042,
				0.52577
			],
			[
				-0.384042,
				0.527407
			],
			[
				-0.383042,
				0.52902
			],
			[
				-0.382042,
				0.530609
			],
			[
				-0.381042,
				0.532176
			],
			[
				-0.380042,
				0.533721
			],
			[
				-0.379042,
				0.535247
			],
			[
				-0.378042,
				0.536755
			],
			[
				-0.377042,
				0.538246
			],
			[
				-0.376042,
				0.539723
			],
			[
				-0.375042,
				0.541187
			],
			[
				-0.374042,
				0.542638
			],
			[
				-0.373042,
				0.544077
			],
			[
				-0.372042,
				0.545505
			],
			[
				-0.371042,
				0.546921
			],
			[
				-0.370042,
				0.548327
			],
			[
				-0.369042,
				0.549724
			],
			[
				-0.368042,
				0.551111
			],
			[
				-0.367042,
				0.552489
			],
			[
				-0.366042,
				0.553859
			],
			[
				-0.365042,
				0.555222
			],
			[
				-0.364042,
				0.556577
			],
			[
				-0.363042,
				0.557926
			],
			[
				-0.362042,
				0.55927
			],
			[
				-0.361042,
				0.560608
			],
			[
				-0.360042,
				0.561941
			],
			[
				-0.359042,
				0.56327
			],
			[
				-0.35804199999999997,
				0.564596
			],
			[
				-0.35704199999999997,
				0.565919
			],
			[
				-0.35604199999999997,
				0.567239
			],
			[
				-0.35504199999999997,
				0.568558
			],
			[
				-0.35404199999999997,
				0.569875
			],
			[
				-0.35,
				0.575199
			],
			[
				-0.34,
				0.588564
			],
			[
				-0.33,
				0.602184
			],
			[
				-0.32,
				0.615805
			],
			[
				-0.31,
				0.629425
			],
			[
				-0.3,
				0.643045
			],
			[
				-0.29,
				0.656665
			],
			[
				-0.28,
				0.670285
			],
			[
				-0.27,
				0.683905
			],
			[
				-0.26,
				0.697525
			],
			[
				-0.25,
				0.711145
			],
			[
				-0.24,
				0.724766
			],
			[
				-0.23,
				0.738386
			],
			[
				-0.22,
				0.752006
			],
			[
				-0.21,
				0.765626
			],
			[
				-0.2,
				0.779246
			],
			[
				-0.19,
				0.792866
			],
			[
				-0.18,
				0.806486
			],
			[
				-0.17,
				0.820106
			],
			[
				-0.16,
				0.833727
			],
			[
				-0.15,
				0.847347
			],
			[
				-0.14,
				0.860967
			],
			[
				-0.13,
				0.874587
			],
			[
				-0.12,
				0.888207
			],
			[
				-0.11,
				0.901827
			],
			[
				-0.1,
				0.915447
			],
			[
				-0.09,
				0.929067
			],
			[
				-0.08,
				0.942688
			],
			[
				-0.07,
				0.956308
			],
			[
				-0.06,
				0.969928
			],
			[
				-0.05,
				0.983548
			],
			[
				-0.04,
				0.997168
			],
			[
				-0.03,
				1.01079
			],
			[
				-0.02,
				1.02441
			],
			[
				-0.01,
				1.03803
			],
			[
				0.0,
				1.05165
			]
		]
	}
}
