{
	"ID": 126,
	"name": "VACODYM_4020_60C",
	"conductivity": 0.0,
	"relPermeability": 0.0,
	"remanence": "no information",
	"linear": false,
	"BHCurve": {
		"default": [
			[
				-0.9267770000000001,
				0.0
			],
			[
				-0.92,
				0.00897852
			],
			[
				-0.91,
				0.0222263
			],
			[
				-0.9,
				0.0354741
			],
			[
				-0.89,
				0.0487219
			],
			[
				-0.88,
				0.0619697
			],
			[
				-0.87,
				0.0752175
			],
			[
				-0.86,
				0.0884653
			],
			[
				-0.85,
				0.101713
			],
			[
				-0.84,
				0.114961
			],
			[
				-0.83,
				0.128209
			],
			[
				-0.82,
				0.141457
			],
			[
				-0.81,
				0.154704
			],
			[
				-0.8,
				0.167952
			],
			[
				-0.79,
				0.1812
			],
			[
				-0.78,
				0.194448
			],
			[
				-0.77,
				0.207695
			],
			[
				-0.76,
				0.220943
			],
			[
				-0.75,
				0.234191
			],
			[
				-0.74,
				0.247439
			],
			[
				-0.73,
				0.260687
			],
			[
				-0.72,
				0.273934
			],
			[
				-0.71,
				0.287182
			],
			[
				-0.7,
				0.30043
			],
			[
				-0.69,
				0.313678
			],
			[
				-0.68,
				0.326926
			],
			[
				-0.67,
				0.340173
			],
			[
				-0.66,
				0.353421
			],
			[
				-0.65,
				0.366669
			],
			[
				-0.64,
				0.379917
			],
			[
				-0.63,
				0.393165
			],
			[
				-0.62,
				0.406412
			],
			[
				-0.61,
				0.41966
			],
			[
				-0.6,
				0.432908
			],
			[
				-0.59,
				0.446156
			],
			[
				-0.58,
				0.459404
			],
			[
				-0.57,
				0.472651
			],
			[
				-0.56,
				0.485899
			],
			[
				-0.55,
				0.499147
			],
			[
				-0.54,
				0.512395
			],
			[
				-0.53,
				0.525643
			],
			[
				-0.52,
				0.53889
			],
			[
				-0.51,
				0.552138
			],
			[
				-0.5,
				0.565386
			],
			[
				-0.49,
				0.578634
			],
			[
				-0.48,
				0.591882
			],
			[
				-0.47,
				0.605129
			],
			[
				-0.46,
				0.618377
			],
			[
				-0.45,
				0.631625
			],
			[
				-0.44,
				0.644873
			],
			[
				-0.43,
				0.658121
			],
			[
				-0.42,
				0.671368
			],
			[
				-0.41,
				0.684616
			],
			[
				-0.4,
				0.697864
			],
			[
				-0.39,
				0.711112
			],
			[
				-0.38,
				0.72436
			],
			[
				-0.37,
				0.737607
			],
			[
				-0.36,
				0.750855
			],
			[
				-0.35,
				0.764103
			],
			[
				-0.34,
				0.777351
			],
			[
				-0.33,
				0.790599
			],
			[
				-0.32,
				0.803846
			],
			[
				-0.31,
				0.817094
			],
			[
				-0.3,
				0.830342
			],
			[
				-0.29,
				0.84359
			],
			[
				-0.28,
				0.856838
			],
			[
				-0.27,
				0.870085
			],
			[
				-0.26,
				0.883333
			],
			[
				-0.25,
				0.896581
			],
			[
				-0.24,
				0.909829
			],
			[
				-0.23,
				0.923077
			],
			[
				-0.22,
				0.936324
			],
			[
				-0.21,
				0.949572
			],
			[
				-0.2,
				0.96282
			],
			[
				-0.19,
				0.976068
			],
			[
				-0.18,
				0.989316
			],
			[
				-0.17,
				1.00256
			],
			[
				-0.16,
				1.01581
			],
			[
				-0.15,
				1.02906
			],
			[
				-0.14,
				1.04231
			],
			[
				-0.13,
				1.05555
			],
			[
				-0.12,
				1.0688
			],
			[
				-0.11,
				1.08205
			],
			[
				-0.1,
				1.0953
			],
			[
				-0.09,
				1.10855
			],
			[
				-0.08,
				1.12179
			],
			[
				-0.07,
				1.13504
			],
			[
				-0.06,
				1.14829
			],
			[
				-0.05,
				1.16154
			],
			[
				-0.04,
				1.17478
			],
			[
				-0.03,
				1.18803
			],
			[
				-0.02,
				1.20128
			],
			[
				-0.01,
				1.21453
			],
			[
				0.0,
				1.22778
			]
		]
	}
}
