{
	"ID": 224,
	"name": "VACODYM_776TP_120C",
	"conductivity": 0.0,
	"relPermeability": 0.0,
	"remanence": "no information",
	"linear": false,
	"BHCurve": {
		"default": [
			[
				-0.758006,
				0.0
			],
			[
				-0.7575299999999999,
				0.0226696
			],
			[
				-0.7565299999999999,
				0.0772679
			],
			[
				-0.7555299999999999,
				0.111257
			],
			[
				-0.7545299999999999,
				0.122791
			],
			[
				-0.7535299999999999,
				0.130447
			],
			[
				-0.7525299999999999,
				0.136212
			],
			[
				-0.7515299999999999,
				0.141568
			],
			[
				-0.7505299999999999,
				0.146066
			],
			[
				-0.7495299999999999,
				0.15
			],
			[
				-0.7485299999999999,
				0.153758
			],
			[
				-0.74753,
				0.157367
			],
			[
				-0.74653,
				0.16079
			],
			[
				-0.74553,
				0.164062
			],
			[
				-0.74453,
				0.167216
			],
			[
				-0.74353,
				0.170287
			],
			[
				-0.74253,
				0.17331
			],
			[
				-0.74153,
				0.176313
			],
			[
				-0.74053,
				0.179288
			],
			[
				-0.73953,
				0.182213
			],
			[
				-0.73853,
				0.185068
			],
			[
				-0.73753,
				0.187835
			],
			[
				-0.73653,
				0.190493
			],
			[
				-0.73553,
				0.193024
			],
			[
				-0.73453,
				0.195432
			],
			[
				-0.73353,
				0.197772
			],
			[
				-0.73253,
				0.20005
			],
			[
				-0.73153,
				0.20227
			],
			[
				-0.73053,
				0.204437
			],
			[
				-0.72953,
				0.206554
			],
			[
				-0.72853,
				0.208626
			],
			[
				-0.72753,
				0.210657
			],
			[
				-0.72653,
				0.212651
			],
			[
				-0.72553,
				0.214612
			],
			[
				-0.72453,
				0.216545
			],
			[
				-0.72353,
				0.218453
			],
			[
				-0.72253,
				0.220341
			],
			[
				-0.72153,
				0.222212
			],
			[
				-0.72053,
				0.224057
			],
			[
				-0.71953,
				0.225872
			],
			[
				-0.71853,
				0.227658
			],
			[
				-0.71753,
				0.229419
			],
			[
				-0.71653,
				0.231154
			],
			[
				-0.71553,
				0.232867
			],
			[
				-0.71453,
				0.234559
			],
			[
				-0.71353,
				0.236232
			],
			[
				-0.71253,
				0.237888
			],
			[
				-0.71153,
				0.239528
			],
			[
				-0.71053,
				0.241154
			],
			[
				-0.70953,
				0.242768
			],
			[
				-0.70853,
				0.244373
			],
			[
				-0.70753,
				0.245969
			],
			[
				-0.70653,
				0.247559
			],
			[
				-0.70553,
				0.249144
			],
			[
				-0.70453,
				0.250726
			],
			[
				-0.70353,
				0.252297
			],
			[
				-0.70253,
				0.253856
			],
			[
				-0.70153,
				0.255402
			],
			[
				-0.70053,
				0.256937
			],
			[
				-0.69953,
				0.258462
			],
			[
				-0.69853,
				0.259975
			],
			[
				-0.69753,
				0.261478
			],
			[
				-0.69653,
				0.262972
			],
			[
				-0.69553,
				0.264456
			],
			[
				-0.69453,
				0.265932
			],
			[
				-0.69353,
				0.267399
			],
			[
				-0.69253,
				0.268858
			],
			[
				-0.69153,
				0.270311
			],
			[
				-0.69053,
				0.271756
			],
			[
				-0.68953,
				0.273194
			],
			[
				-0.68853,
				0.274627
			],
			[
				-0.68753,
				0.276054
			],
			[
				-0.68653,
				0.277476
			],
			[
				-0.68553,
				0.278893
			],
			[
				-0.68453,
				0.280305
			],
			[
				-0.68353,
				0.281712
			],
			[
				-0.68253,
				0.283115
			],
			[
				-0.68153,
				0.284513
			],
			[
				-0.68053,
				0.285906
			],
			[
				-0.67953,
				0.287295
			],
			[
				-0.67853,
				0.28868
			],
			[
				-0.67753,
				0.29006
			],
			[
				-0.67653,
				0.291437
			],
			[
				-0.67553,
				0.292809
			],
			[
				-0.67453,
				0.294178
			],
			[
				-0.67353,
				0.295543
			],
			[
				-0.67253,
				0.296905
			],
			[
				-0.67153,
				0.298263
			],
			[
				-0.67053,
				0.299618
			],
			[
				-0.66953,
				0.300969
			],
			[
				-0.66853,
				0.302318
			],
			[
				-0.66753,
				0.303663
			],
			[
				-0.66653,
				0.305006
			],
			[
				-0.66553,
				0.306345
			],
			[
				-0.66453,
				0.307683
			],
			[
				-0.66353,
				0.309017
			],
			[
				-0.66253,
				0.310349
			],
			[
				-0.66153,
				0.311679
			],
			[
				-0.66053,
				0.313006
			],
			[
				-0.65953,
				0.314332
			],
			[
				-0.65853,
				0.315655
			],
			[
				-0.65753,
				0.316977
			],
			[
				-0.65653,
				0.318297
			],
			[
				-0.65553,
				0.319615
			],
			[
				-0.65453,
				0.320932
			],
			[
				-0.6535299999999999,
				0.322247
			],
			[
				-0.6525299999999999,
				0.323561
			],
			[
				-0.6515299999999999,
				0.324874
			],
			[
				-0.6505299999999999,
				0.326186
			],
			[
				-0.6495299999999999,
				0.327496
			],
			[
				-0.6485299999999999,
				0.328806
			],
			[
				-0.6475299999999999,
				0.330115
			],
			[
				-0.6465299999999999,
				0.331424
			],
			[
				-0.6455299999999999,
				0.332732
			],
			[
				-0.6445299999999999,
				0.33404
			],
			[
				-0.6435299999999999,
				0.335347
			],
			[
				-0.6425299999999999,
				0.336654
			],
			[
				-0.6415299999999999,
				0.337962
			],
			[
				-0.6405299999999999,
				0.339269
			],
			[
				-0.6395299999999999,
				0.340576
			],
			[
				-0.6385299999999999,
				0.341884
			],
			[
				-0.6375299999999999,
				0.343192
			],
			[
				-0.6365299999999999,
				0.344501
			],
			[
				-0.6355299999999999,
				0.34581
			],
			[
				-0.6345299999999999,
				0.34712
			],
			[
				-0.6335299999999999,
				0.348431
			],
			[
				-0.6325299999999999,
				0.349743
			],
			[
				-0.6315299999999999,
				0.351056
			],
			[
				-0.6305299999999999,
				0.35237
			],
			[
				-0.6295299999999999,
				0.353686
			],
			[
				-0.6285299999999999,
				0.355002
			],
			[
				-0.6275299999999999,
				0.356321
			],
			[
				-0.6265299999999999,
				0.357641
			],
			[
				-0.6255299999999999,
				0.358963
			],
			[
				-0.6245299999999999,
				0.360287
			],
			[
				-0.6235299999999999,
				0.361613
			],
			[
				-0.62,
				0.36631
			],
			[
				-0.61,
				0.37968
			],
			[
				-0.6,
				0.393051
			],
			[
				-0.59,
				0.406422
			],
			[
				-0.58,
				0.419793
			],
			[
				-0.57,
				0.433164
			],
			[
				-0.56,
				0.446535
			],
			[
				-0.55,
				0.459907
			],
			[
				-0.54,
				0.473278
			],
			[
				-0.53,
				0.486649
			],
			[
				-0.52,
				0.50002
			],
			[
				-0.51,
				0.513391
			],
			[
				-0.5,
				0.526762
			],
			[
				-0.49,
				0.540133
			],
			[
				-0.48,
				0.553504
			],
			[
				-0.47,
				0.566875
			],
			[
				-0.46,
				0.580246
			],
			[
				-0.45,
				0.593617
			],
			[
				-0.44,
				0.606988
			],
			[
				-0.43,
				0.620359
			],
			[
				-0.42,
				0.63373
			],
			[
				-0.41,
				0.647102
			],
			[
				-0.4,
				0.660473
			],
			[
				-0.39,
				0.673844
			],
			[
				-0.38,
				0.687215
			],
			[
				-0.37,
				0.700586
			],
			[
				-0.36,
				0.713957
			],
			[
				-0.35,
				0.727328
			],
			[
				-0.34,
				0.740699
			],
			[
				-0.33,
				0.75407
			],
			[
				-0.32,
				0.767441
			],
			[
				-0.31,
				0.780812
			],
			[
				-0.3,
				0.794183
			],
			[
				-0.29,
				0.807554
			],
			[
				-0.28,
				0.820925
			],
			[
				-0.27,
				0.834296
			],
			[
				-0.26,
				0.847668
			],
			[
				-0.25,
				0.861039
			],
			[
				-0.24,
				0.87441
			],
			[
				-0.23,
				0.887781
			],
			[
				-0.22,
				0.901152
			],
			[
				-0.21,
				0.914523
			],
			[
				-0.2,
				0.927894
			],
			[
				-0.19,
				0.941265
			],
			[
				-0.18,
				0.954636
			],
			[
				-0.17,
				0.968007
			],
			[
				-0.16,
				0.981378
			],
			[
				-0.15,
				0.994749
			],
			[
				-0.14,
				1.00812
			],
			[
				-0.13,
				1.02149
			],
			[
				-0.12,
				1.03486
			],
			[
				-0.11,
				1.04823
			],
			[
				-0.1,
				1.0616
			],
			[
				-0.09,
				1.07498
			],
			[
				-0.08,
				1.08835
			],
			[
				-0.07,
				1.10172
			],
			[
				-0.06,
				1.11509
			],
			[
				-0.05,
				1.12846
			],
			[
				-0.04,
				1.14183
			],
			[
				-0.03,
				1.1552
			],
			[
				-0.02,
				1.16857
			],
			[
				-0.01,
				1.18194
			],
			[
				0.0,
				1.19532
			]
		]
	}
}
