{
	"ID": 219,
	"name": "VACODYM_776AP_180C",
	"conductivity": 0.0,
	"relPermeability": 0.0,
	"remanence": "no information",
	"linear": false,
	"BHCurve": {
		"default": [
			[
				-0.365991,
				0.0
			],
			[
				-0.365117,
				0.0356203
			],
			[
				-0.364117,
				0.0763768
			],
			[
				-0.363117,
				0.117133
			],
			[
				-0.362117,
				0.15789
			],
			[
				-0.361117,
				0.198646
			],
			[
				-0.360117,
				0.239403
			],
			[
				-0.359117,
				0.28016
			],
			[
				-0.358117,
				0.320916
			],
			[
				-0.357117,
				0.361673
			],
			[
				-0.356117,
				0.402465
			],
			[
				-0.355117,
				0.448759
			],
			[
				-0.354117,
				0.489035
			],
			[
				-0.353117,
				0.508307
			],
			[
				-0.352117,
				0.519416
			],
			[
				-0.351117,
				0.526653
			],
			[
				-0.350117,
				0.532366
			],
			[
				-0.349117,
				0.537483
			],
			[
				-0.348117,
				0.542123
			],
			[
				-0.347117,
				0.54652
			],
			[
				-0.346117,
				0.550819
			],
			[
				-0.345117,
				0.554903
			],
			[
				-0.344117,
				0.55861
			],
			[
				-0.343117,
				0.561879
			],
			[
				-0.342117,
				0.564921
			],
			[
				-0.341117,
				0.567777
			],
			[
				-0.340117,
				0.570472
			],
			[
				-0.339117,
				0.573029
			],
			[
				-0.338117,
				0.575473
			],
			[
				-0.337117,
				0.577831
			],
			[
				-0.336117,
				0.580098
			],
			[
				-0.335117,
				0.58227
			],
			[
				-0.334117,
				0.584358
			],
			[
				-0.333117,
				0.586374
			],
			[
				-0.332117,
				0.588329
			],
			[
				-0.331117,
				0.590234
			],
			[
				-0.330117,
				0.592101
			],
			[
				-0.329117,
				0.593942
			],
			[
				-0.328117,
				0.595759
			],
			[
				-0.327117,
				0.597538
			],
			[
				-0.32611700000000005,
				0.599279
			],
			[
				-0.32511700000000004,
				0.600983
			],
			[
				-0.32411700000000004,
				0.602651
			],
			[
				-0.32311700000000004,
				0.604286
			],
			[
				-0.32211700000000004,
				0.605889
			],
			[
				-0.32111700000000004,
				0.607461
			],
			[
				-0.32011700000000004,
				0.609003
			],
			[
				-0.31911700000000004,
				0.610525
			],
			[
				-0.31811700000000004,
				0.612027
			],
			[
				-0.31711700000000004,
				0.61351
			],
			[
				-0.31611700000000004,
				0.614977
			],
			[
				-0.31511700000000004,
				0.616427
			],
			[
				-0.31411700000000004,
				0.617861
			],
			[
				-0.31311700000000003,
				0.619282
			],
			[
				-0.31211700000000003,
				0.620688
			],
			[
				-0.31111700000000003,
				0.622082
			],
			[
				-0.31011700000000003,
				0.623465
			],
			[
				-0.30911700000000003,
				0.624837
			],
			[
				-0.30811700000000003,
				0.626199
			],
			[
				-0.30711700000000003,
				0.627553
			],
			[
				-0.30611700000000003,
				0.628899
			],
			[
				-0.305117,
				0.630239
			],
			[
				-0.304117,
				0.631572
			],
			[
				-0.303117,
				0.632901
			],
			[
				-0.302117,
				0.634226
			],
			[
				-0.3,
				0.637023
			],
			[
				-0.29,
				0.650342
			],
			[
				-0.28,
				0.664077
			],
			[
				-0.27,
				0.677823
			],
			[
				-0.26,
				0.691569
			],
			[
				-0.25,
				0.705315
			],
			[
				-0.24,
				0.71906
			],
			[
				-0.23,
				0.732806
			],
			[
				-0.22,
				0.746552
			],
			[
				-0.21,
				0.760298
			],
			[
				-0.2,
				0.774044
			],
			[
				-0.19,
				0.78779
			],
			[
				-0.18,
				0.801536
			],
			[
				-0.17,
				0.815282
			],
			[
				-0.16,
				0.829028
			],
			[
				-0.15,
				0.842774
			],
			[
				-0.14,
				0.85652
			],
			[
				-0.13,
				0.870265
			],
			[
				-0.12,
				0.884011
			],
			[
				-0.11,
				0.897757
			],
			[
				-0.1,
				0.911503
			],
			[
				-0.09,
				0.925249
			],
			[
				-0.08,
				0.938995
			],
			[
				-0.07,
				0.952741
			],
			[
				-0.06,
				0.966487
			],
			[
				-0.05,
				0.980233
			],
			[
				-0.04,
				0.993979
			],
			[
				-0.03,
				1.00772
			],
			[
				-0.02,
				1.02147
			],
			[
				-0.01,
				1.03522
			],
			[
				0.0,
				1.04896
			]
		]
	}
}
