{
	"ID": 202,
	"name": "VACODYM_688TP_60C",
	"conductivity": 0.0,
	"relPermeability": 0.0,
	"remanence": "no information",
	"linear": false,
	"BHCurve": {
		"default": [
			[
				-0.844638,
				0.0
			],
			[
				-0.84,
				0.00608663
			],
			[
				-0.83,
				0.0192086
			],
			[
				-0.82,
				0.0323307
			],
			[
				-0.81,
				0.0454527
			],
			[
				-0.8,
				0.0585747
			],
			[
				-0.79,
				0.0716967
			],
			[
				-0.78,
				0.0848187
			],
			[
				-0.77,
				0.0979407
			],
			[
				-0.76,
				0.111063
			],
			[
				-0.75,
				0.124185
			],
			[
				-0.74,
				0.137307
			],
			[
				-0.73,
				0.150429
			],
			[
				-0.72,
				0.163551
			],
			[
				-0.71,
				0.176673
			],
			[
				-0.7,
				0.189795
			],
			[
				-0.69,
				0.202917
			],
			[
				-0.68,
				0.216039
			],
			[
				-0.67,
				0.229161
			],
			[
				-0.66,
				0.242283
			],
			[
				-0.65,
				0.255405
			],
			[
				-0.64,
				0.268527
			],
			[
				-0.63,
				0.281649
			],
			[
				-0.62,
				0.294771
			],
			[
				-0.61,
				0.307893
			],
			[
				-0.6,
				0.321015
			],
			[
				-0.59,
				0.334137
			],
			[
				-0.58,
				0.347259
			],
			[
				-0.57,
				0.360381
			],
			[
				-0.56,
				0.373503
			],
			[
				-0.55,
				0.386625
			],
			[
				-0.54,
				0.399747
			],
			[
				-0.53,
				0.412869
			],
			[
				-0.52,
				0.425991
			],
			[
				-0.51,
				0.439113
			],
			[
				-0.5,
				0.452235
			],
			[
				-0.49,
				0.465357
			],
			[
				-0.48,
				0.478479
			],
			[
				-0.47,
				0.491601
			],
			[
				-0.46,
				0.504723
			],
			[
				-0.45,
				0.517845
			],
			[
				-0.44,
				0.530967
			],
			[
				-0.43,
				0.544089
			],
			[
				-0.42,
				0.557211
			],
			[
				-0.41,
				0.570333
			],
			[
				-0.4,
				0.583455
			],
			[
				-0.39,
				0.596577
			],
			[
				-0.38,
				0.609699
			],
			[
				-0.37,
				0.622821
			],
			[
				-0.36,
				0.635943
			],
			[
				-0.35,
				0.649065
			],
			[
				-0.34,
				0.662187
			],
			[
				-0.33,
				0.675309
			],
			[
				-0.32,
				0.688431
			],
			[
				-0.31,
				0.701553
			],
			[
				-0.3,
				0.714675
			],
			[
				-0.29,
				0.727797
			],
			[
				-0.28,
				0.740919
			],
			[
				-0.27,
				0.754041
			],
			[
				-0.26,
				0.767163
			],
			[
				-0.25,
				0.780285
			],
			[
				-0.24,
				0.793407
			],
			[
				-0.23,
				0.806529
			],
			[
				-0.22,
				0.819651
			],
			[
				-0.21,
				0.832773
			],
			[
				-0.2,
				0.845895
			],
			[
				-0.19,
				0.859017
			],
			[
				-0.18,
				0.872139
			],
			[
				-0.17,
				0.885261
			],
			[
				-0.16,
				0.898383
			],
			[
				-0.15,
				0.911506
			],
			[
				-0.14,
				0.924628
			],
			[
				-0.13,
				0.93775
			],
			[
				-0.12,
				0.950872
			],
			[
				-0.11,
				0.963994
			],
			[
				-0.1,
				0.977116
			],
			[
				-0.09,
				0.990238
			],
			[
				-0.08,
				1.00336
			],
			[
				-0.07,
				1.01648
			],
			[
				-0.06,
				1.0296
			],
			[
				-0.05,
				1.04273
			],
			[
				-0.04,
				1.05585
			],
			[
				-0.03,
				1.06897
			],
			[
				-0.02,
				1.08209
			],
			[
				-0.01,
				1.09521
			],
			[
				0.0,
				1.10834
			]
		]
	}
}
