{
	"ID": 354,
	"name": "VACODYM_890TP_100C",
	"conductivity": 0.0,
	"relPermeability": 0.0,
	"remanence": "no information",
	"linear": false,
	"BHCurve": {
		"default": [
			[
				-0.831318,
				0.0
			],
			[
				-0.83,
				0.00175182
			],
			[
				-0.82,
				0.0150399
			],
			[
				-0.81,
				0.0283279
			],
			[
				-0.8,
				0.041616
			],
			[
				-0.79,
				0.054904
			],
			[
				-0.78,
				0.0681921
			],
			[
				-0.77,
				0.0814801
			],
			[
				-0.76,
				0.0947682
			],
			[
				-0.75,
				0.108056
			],
			[
				-0.74,
				0.121344
			],
			[
				-0.73,
				0.134632
			],
			[
				-0.72,
				0.14792
			],
			[
				-0.71,
				0.161208
			],
			[
				-0.7,
				0.174496
			],
			[
				-0.69,
				0.187785
			],
			[
				-0.68,
				0.201073
			],
			[
				-0.67,
				0.214361
			],
			[
				-0.66,
				0.227649
			],
			[
				-0.65,
				0.240937
			],
			[
				-0.64,
				0.254225
			],
			[
				-0.63,
				0.267513
			],
			[
				-0.62,
				0.280801
			],
			[
				-0.61,
				0.294089
			],
			[
				-0.6,
				0.307377
			],
			[
				-0.59,
				0.320665
			],
			[
				-0.58,
				0.333953
			],
			[
				-0.57,
				0.347241
			],
			[
				-0.56,
				0.360529
			],
			[
				-0.55,
				0.373817
			],
			[
				-0.54,
				0.387105
			],
			[
				-0.53,
				0.400393
			],
			[
				-0.52,
				0.413681
			],
			[
				-0.51,
				0.426969
			],
			[
				-0.5,
				0.440257
			],
			[
				-0.49,
				0.453546
			],
			[
				-0.48,
				0.466834
			],
			[
				-0.47,
				0.480122
			],
			[
				-0.46,
				0.49341
			],
			[
				-0.45,
				0.506698
			],
			[
				-0.44,
				0.519986
			],
			[
				-0.43,
				0.533274
			],
			[
				-0.42,
				0.546562
			],
			[
				-0.41,
				0.55985
			],
			[
				-0.4,
				0.573138
			],
			[
				-0.39,
				0.586426
			],
			[
				-0.38,
				0.599714
			],
			[
				-0.37,
				0.613002
			],
			[
				-0.36,
				0.62629
			],
			[
				-0.35,
				0.639578
			],
			[
				-0.34,
				0.652866
			],
			[
				-0.33,
				0.666154
			],
			[
				-0.32,
				0.679442
			],
			[
				-0.31,
				0.69273
			],
			[
				-0.3,
				0.706018
			],
			[
				-0.29,
				0.719307
			],
			[
				-0.28,
				0.732595
			],
			[
				-0.27,
				0.745883
			],
			[
				-0.26,
				0.759171
			],
			[
				-0.25,
				0.772459
			],
			[
				-0.24,
				0.785747
			],
			[
				-0.23,
				0.799035
			],
			[
				-0.22,
				0.812323
			],
			[
				-0.21,
				0.825611
			],
			[
				-0.2,
				0.838899
			],
			[
				-0.19,
				0.852187
			],
			[
				-0.18,
				0.865475
			],
			[
				-0.17,
				0.878763
			],
			[
				-0.16,
				0.892051
			],
			[
				-0.15,
				0.905339
			],
			[
				-0.14,
				0.918627
			],
			[
				-0.13,
				0.931915
			],
			[
				-0.12,
				0.945203
			],
			[
				-0.11,
				0.958491
			],
			[
				-0.1,
				0.971779
			],
			[
				-0.09,
				0.985068
			],
			[
				-0.08,
				0.998356
			],
			[
				-0.07,
				1.01164
			],
			[
				-0.06,
				1.02493
			],
			[
				-0.05,
				1.03822
			],
			[
				-0.04,
				1.05151
			],
			[
				-0.03,
				1.0648
			],
			[
				-0.02,
				1.07808
			],
			[
				-0.01,
				1.09137
			],
			[
				0.0,
				1.10466
			]
		]
	}
}
