{
	"ID": 316,
	"name": "VACODYM_872AP_150C",
	"conductivity": 0.0,
	"relPermeability": 0.0,
	"remanence": "no information",
	"linear": false,
	"BHCurve": {
		"default": [
			[
				-0.742028,
				0.0
			],
			[
				-0.74,
				0.00276261
			],
			[
				-0.73,
				0.016384
			],
			[
				-0.72,
				0.0300054
			],
			[
				-0.71,
				0.0436268
			],
			[
				-0.7,
				0.0572481
			],
			[
				-0.69,
				0.0708695
			],
			[
				-0.68,
				0.0844909
			],
			[
				-0.67,
				0.0981123
			],
			[
				-0.66,
				0.111734
			],
			[
				-0.65,
				0.125355
			],
			[
				-0.64,
				0.138976
			],
			[
				-0.63,
				0.152598
			],
			[
				-0.62,
				0.166219
			],
			[
				-0.61,
				0.179841
			],
			[
				-0.6,
				0.193462
			],
			[
				-0.59,
				0.207083
			],
			[
				-0.58,
				0.220705
			],
			[
				-0.57,
				0.234326
			],
			[
				-0.56,
				0.247948
			],
			[
				-0.55,
				0.261569
			],
			[
				-0.54,
				0.27519
			],
			[
				-0.53,
				0.288812
			],
			[
				-0.52,
				0.302433
			],
			[
				-0.51,
				0.316054
			],
			[
				-0.5,
				0.329676
			],
			[
				-0.49,
				0.343297
			],
			[
				-0.48,
				0.356919
			],
			[
				-0.47,
				0.37054
			],
			[
				-0.46,
				0.384161
			],
			[
				-0.45,
				0.397783
			],
			[
				-0.44,
				0.411404
			],
			[
				-0.43,
				0.425026
			],
			[
				-0.42,
				0.438647
			],
			[
				-0.41,
				0.452268
			],
			[
				-0.4,
				0.46589
			],
			[
				-0.39,
				0.479511
			],
			[
				-0.38,
				0.493132
			],
			[
				-0.37,
				0.506754
			],
			[
				-0.36,
				0.520375
			],
			[
				-0.35,
				0.533997
			],
			[
				-0.34,
				0.547618
			],
			[
				-0.33,
				0.561239
			],
			[
				-0.32,
				0.574861
			],
			[
				-0.31,
				0.588482
			],
			[
				-0.3,
				0.602103
			],
			[
				-0.29,
				0.615725
			],
			[
				-0.28,
				0.629346
			],
			[
				-0.27,
				0.642968
			],
			[
				-0.26,
				0.656589
			],
			[
				-0.25,
				0.67021
			],
			[
				-0.24,
				0.683832
			],
			[
				-0.23,
				0.697453
			],
			[
				-0.22,
				0.711075
			],
			[
				-0.21,
				0.724696
			],
			[
				-0.2,
				0.738317
			],
			[
				-0.19,
				0.751939
			],
			[
				-0.18,
				0.76556
			],
			[
				-0.17,
				0.779181
			],
			[
				-0.16,
				0.792803
			],
			[
				-0.15,
				0.806424
			],
			[
				-0.14,
				0.820046
			],
			[
				-0.13,
				0.833667
			],
			[
				-0.12,
				0.847288
			],
			[
				-0.11,
				0.86091
			],
			[
				-0.1,
				0.874531
			],
			[
				-0.09,
				0.888153
			],
			[
				-0.08,
				0.901774
			],
			[
				-0.07,
				0.915395
			],
			[
				-0.06,
				0.929017
			],
			[
				-0.05,
				0.942638
			],
			[
				-0.04,
				0.956259
			],
			[
				-0.03,
				0.969881
			],
			[
				-0.02,
				0.983502
			],
			[
				-0.01,
				0.997124
			],
			[
				0.0,
				1.01075
			]
		]
	}
}
