{
	"ID": 353,
	"name": "VACODYM_890AP_80C",
	"conductivity": 0.0,
	"relPermeability": 1.0,
	"remanence": 0.0,
	"linear": false,
	"BHCurve": {
		"default": [
			[
				-0.790037,
				0.0
			],
			[
				-0.79,
				4.94088e-05
			],
			[
				-0.78,
				0.0133802
			],
			[
				-0.77,
				0.026711
			],
			[
				-0.76,
				0.0400419
			],
			[
				-0.75,
				0.0533727
			],
			[
				-0.74,
				0.0667035
			],
			[
				-0.73,
				0.0800343
			],
			[
				-0.72,
				0.0933651
			],
			[
				-0.71,
				0.106696
			],
			[
				-0.7,
				0.120027
			],
			[
				-0.69,
				0.133358
			],
			[
				-0.68,
				0.146688
			],
			[
				-0.67,
				0.160019
			],
			[
				-0.66,
				0.17335
			],
			[
				-0.65,
				0.186681
			],
			[
				-0.64,
				0.200012
			],
			[
				-0.63,
				0.213342
			],
			[
				-0.62,
				0.226673
			],
			[
				-0.61,
				0.240004
			],
			[
				-0.6,
				0.253335
			],
			[
				-0.59,
				0.266666
			],
			[
				-0.58,
				0.279997
			],
			[
				-0.57,
				0.293327
			],
			[
				-0.56,
				0.306658
			],
			[
				-0.55,
				0.319989
			],
			[
				-0.54,
				0.33332
			],
			[
				-0.53,
				0.346651
			],
			[
				-0.52,
				0.359981
			],
			[
				-0.51,
				0.373312
			],
			[
				-0.5,
				0.386643
			],
			[
				-0.49,
				0.399974
			],
			[
				-0.48,
				0.413305
			],
			[
				-0.47,
				0.426636
			],
			[
				-0.46,
				0.439966
			],
			[
				-0.45,
				0.453297
			],
			[
				-0.44,
				0.466628
			],
			[
				-0.43,
				0.479959
			],
			[
				-0.42,
				0.49329
			],
			[
				-0.41,
				0.50662
			],
			[
				-0.4,
				0.519951
			],
			[
				-0.39,
				0.533282
			],
			[
				-0.38,
				0.546613
			],
			[
				-0.37,
				0.559944
			],
			[
				-0.36,
				0.573275
			],
			[
				-0.35,
				0.586605
			],
			[
				-0.34,
				0.599936
			],
			[
				-0.33,
				0.613267
			],
			[
				-0.32,
				0.626598
			],
			[
				-0.31,
				0.639929
			],
			[
				-0.3,
				0.653259
			],
			[
				-0.29,
				0.66659
			],
			[
				-0.28,
				0.679921
			],
			[
				-0.27,
				0.693252
			],
			[
				-0.26,
				0.706583
			],
			[
				-0.25,
				0.719914
			],
			[
				-0.24,
				0.733244
			],
			[
				-0.23,
				0.746575
			],
			[
				-0.22,
				0.759906
			],
			[
				-0.21,
				0.773237
			],
			[
				-0.2,
				0.786568
			],
			[
				-0.19,
				0.799898
			],
			[
				-0.18,
				0.813229
			],
			[
				-0.17,
				0.82656
			],
			[
				-0.16,
				0.839891
			],
			[
				-0.15,
				0.853222
			],
			[
				-0.14,
				0.866553
			],
			[
				-0.13,
				0.879883
			],
			[
				-0.12,
				0.893214
			],
			[
				-0.11,
				0.906545
			],
			[
				-0.1,
				0.919876
			],
			[
				-0.09,
				0.933207
			],
			[
				-0.08,
				0.946537
			],
			[
				-0.07,
				0.959868
			],
			[
				-0.06,
				0.973199
			],
			[
				-0.05,
				0.98653
			],
			[
				-0.04,
				0.999861
			],
			[
				-0.03,
				1.01319
			],
			[
				-0.02,
				1.02652
			],
			[
				-0.01,
				1.03985
			],
			[
				0.0,
				1.05318
			]
		]
	}
}
