{
	"ID": 295,
	"name": "VACODYM_854_TP_120C",
	"conductivity": 0.0,
	"relPermeability": 1.0,
	"remanence": 0.0,
	"linear": false,
	"BHCurve": {
		"default": [
			[
				-0.8987350000000001,
				0.0
			],
			[
				-0.898574,
				0.000336568
			],
			[
				-0.897574,
				0.00238359
			],
			[
				-0.896574,
				0.00439377
			],
			[
				-0.895574,
				0.00637052
			],
			[
				-0.894574,
				0.00831722
			],
			[
				-0.893574,
				0.0102373
			],
			[
				-0.892574,
				0.0121341
			],
			[
				-0.891574,
				0.014011
			],
			[
				-0.890574,
				0.0158715
			],
			[
				-0.889574,
				0.0177173
			],
			[
				-0.888574,
				0.0195382
			],
			[
				-0.887574,
				0.0213326
			],
			[
				-0.886574,
				0.0231019
			],
			[
				-0.885574,
				0.0248478
			],
			[
				-0.884574,
				0.0265716
			],
			[
				-0.883574,
				0.0282749
			],
			[
				-0.882574,
				0.0299591
			],
			[
				-0.881574,
				0.0316256
			],
			[
				-0.880574,
				0.033276
			],
			[
				-0.879574,
				0.0349117
			],
			[
				-0.878574,
				0.0365342
			],
			[
				-0.877574,
				0.038145
			],
			[
				-0.876574,
				0.0397456
			],
			[
				-0.875574,
				0.0413374
			],
			[
				-0.874574,
				0.0429218
			],
			[
				-0.873574,
				0.0445005
			],
			[
				-0.872574,
				0.0460747
			],
			[
				-0.871574,
				0.0476461
			],
			[
				-0.870574,
				0.0492116
			],
			[
				-0.869574,
				0.050766
			],
			[
				-0.868574,
				0.0523097
			],
			[
				-0.867574,
				0.0538429
			],
			[
				-0.866574,
				0.0553662
			],
			[
				-0.865574,
				0.0568797
			],
			[
				-0.864574,
				0.0583839
			],
			[
				-0.863574,
				0.0598791
			],
			[
				-0.862574,
				0.0613657
			],
			[
				-0.861574,
				0.062844
			],
			[
				-0.860574,
				0.0643144
			],
			[
				-0.859574,
				0.0657772
			],
			[
				-0.858574,
				0.0672328
			],
			[
				-0.857574,
				0.0686815
			],
			[
				-0.856574,
				0.0701237
			],
			[
				-0.855574,
				0.0715598
			],
			[
				-0.854574,
				0.07299
			],
			[
				-0.8535739999999999,
				0.0744148
			],
			[
				-0.8525739999999999,
				0.0758346
			],
			[
				-0.8515739999999999,
				0.07725
			],
			[
				-0.8505739999999999,
				0.0786613
			],
			[
				-0.8495739999999999,
				0.0800685
			],
			[
				-0.8485739999999999,
				0.0814717
			],
			[
				-0.8475739999999999,
				0.082871
			],
			[
				-0.8465739999999999,
				0.0842665
			],
			[
				-0.8455739999999999,
				0.0856582
			],
			[
				-0.8445739999999999,
				0.0870462
			],
			[
				-0.8435739999999999,
				0.0884306
			],
			[
				-0.8425739999999999,
				0.0898114
			],
			[
				-0.8415739999999999,
				0.0911888
			],
			[
				-0.8405739999999999,
				0.0925628
			],
			[
				-0.8395739999999999,
				0.0939335
			],
			[
				-0.8385739999999999,
				0.0953009
			],
			[
				-0.8375739999999999,
				0.0966652
			],
			[
				-0.8365739999999999,
				0.0980264
			],
			[
				-0.8355739999999999,
				0.0993845
			],
			[
				-0.8345739999999999,
				0.10074
			],
			[
				-0.8335739999999999,
				0.102092
			],
			[
				-0.8325739999999999,
				0.103442
			],
			[
				-0.8315739999999999,
				0.104788
			],
			[
				-0.8305739999999999,
				0.106133
			],
			[
				-0.8295739999999999,
				0.107474
			],
			[
				-0.8285739999999999,
				0.108813
			],
			[
				-0.8275739999999999,
				0.11015
			],
			[
				-0.8265739999999999,
				0.111484
			],
			[
				-0.8255739999999999,
				0.112816
			],
			[
				-0.8245739999999999,
				0.114146
			],
			[
				-0.8235739999999999,
				0.115474
			],
			[
				-0.8225739999999999,
				0.1168
			],
			[
				-0.8215739999999999,
				0.118123
			],
			[
				-0.8205739999999999,
				0.119445
			],
			[
				-0.8195739999999999,
				0.120765
			],
			[
				-0.8185739999999999,
				0.122084
			],
			[
				-0.8175739999999999,
				0.1234
			],
			[
				-0.8165739999999999,
				0.124715
			],
			[
				-0.8155739999999999,
				0.126029
			],
			[
				-0.8145739999999999,
				0.127341
			],
			[
				-0.8135739999999999,
				0.128651
			],
			[
				-0.8125739999999999,
				0.129961
			],
			[
				-0.8115739999999999,
				0.131269
			],
			[
				-0.8105739999999999,
				0.132576
			],
			[
				-0.8095739999999999,
				0.133881
			],
			[
				-0.8085739999999999,
				0.135186
			],
			[
				-0.8075739999999999,
				0.13649
			],
			[
				-0.8065739999999999,
				0.137793
			],
			[
				-0.8055739999999999,
				0.139096
			],
			[
				-0.8045739999999999,
				0.140397
			],
			[
				-0.803574,
				0.141698
			],
			[
				-0.802574,
				0.142999
			],
			[
				-0.801574,
				0.144299
			],
			[
				-0.800574,
				0.145598
			],
			[
				-0.799574,
				0.146897
			],
			[
				-0.798574,
				0.148196
			],
			[
				-0.797574,
				0.149495
			],
			[
				-0.796574,
				0.150794
			],
			[
				-0.795574,
				0.152092
			],
			[
				-0.794574,
				0.153391
			],
			[
				-0.793574,
				0.15469
			],
			[
				-0.792574,
				0.155989
			],
			[
				-0.791574,
				0.157288
			],
			[
				-0.790574,
				0.158588
			],
			[
				-0.789574,
				0.159888
			],
			[
				-0.788574,
				0.161188
			],
			[
				-0.787574,
				0.162489
			],
			[
				-0.786574,
				0.163791
			],
			[
				-0.785574,
				0.165093
			],
			[
				-0.784574,
				0.166396
			],
			[
				-0.783574,
				0.1677
			],
			[
				-0.782574,
				0.169005
			],
			[
				-0.781574,
				0.170311
			],
			[
				-0.780574,
				0.171619
			],
			[
				-0.779574,
				0.172927
			],
			[
				-0.778574,
				0.174236
			],
			[
				-0.777574,
				0.175547
			],
			[
				-0.776574,
				0.176859
			],
			[
				-0.775574,
				0.178173
			],
			[
				-0.774574,
				0.179488
			],
			[
				-0.773574,
				0.180805
			],
			[
				-0.772574,
				0.182123
			],
			[
				-0.771574,
				0.183444
			],
			[
				-0.770574,
				0.184766
			],
			[
				-0.769574,
				0.18609
			],
			[
				-0.768574,
				0.187416
			],
			[
				-0.767574,
				0.188744
			],
			[
				-0.766574,
				0.190073
			],
			[
				-0.765574,
				0.191401
			],
			[
				-0.764574,
				0.19273
			],
			[
				-0.763574,
				0.194059
			],
			[
				-0.762574,
				0.195388
			],
			[
				-0.761574,
				0.196717
			],
			[
				-0.760574,
				0.198045
			],
			[
				-0.759574,
				0.199374
			],
			[
				-0.758574,
				0.200703
			],
			[
				-0.757574,
				0.202032
			],
			[
				-0.756574,
				0.203361
			],
			[
				-0.755574,
				0.204689
			],
			[
				-0.754574,
				0.206018
			],
			[
				-0.753574,
				0.207347
			],
			[
				-0.752574,
				0.208676
			],
			[
				-0.751574,
				0.210005
			],
			[
				-0.750574,
				0.211333
			],
			[
				-0.749574,
				0.212662
			],
			[
				-0.748574,
				0.213991
			],
			[
				-0.747574,
				0.21532
			],
			[
				-0.746574,
				0.216649
			],
			[
				-0.745574,
				0.217978
			],
			[
				-0.744574,
				0.219306
			],
			[
				-0.743574,
				0.220635
			],
			[
				-0.742574,
				0.221964
			],
			[
				-0.741574,
				0.223293
			],
			[
				-0.740574,
				0.224622
			],
			[
				-0.739574,
				0.22595
			],
			[
				-0.738574,
				0.227279
			],
			[
				-0.737574,
				0.228608
			],
			[
				-0.736574,
				0.229937
			],
			[
				-0.735574,
				0.231266
			],
			[
				-0.734574,
				0.232594
			],
			[
				-0.733574,
				0.233923
			],
			[
				-0.732574,
				0.235252
			],
			[
				-0.731574,
				0.236581
			],
			[
				-0.730574,
				0.23791
			],
			[
				-0.729574,
				0.239238
			],
			[
				-0.7285739999999999,
				0.240567
			],
			[
				-0.7275739999999999,
				0.241896
			],
			[
				-0.7265739999999999,
				0.243225
			],
			[
				-0.7255739999999999,
				0.244554
			],
			[
				-0.7245739999999999,
				0.245882
			],
			[
				-0.7235739999999999,
				0.247211
			],
			[
				-0.7225739999999999,
				0.24854
			],
			[
				-0.7215739999999999,
				0.249869
			],
			[
				-0.7205739999999999,
				0.251198
			],
			[
				-0.7195739999999999,
				0.252526
			],
			[
				-0.7185739999999999,
				0.253855
			],
			[
				-0.7175739999999999,
				0.255184
			],
			[
				-0.7165739999999999,
