{
	"ID": 229,
	"name": "VACODYM_776TP_80C",
	"conductivity": 0.0,
	"relPermeability": 0.0,
	"remanence": "no information",
	"linear": false,
	"BHCurve": {
		"default": [
			[
				-0.947376,
				0.0
			],
			[
				-0.946865,
				0.000670297
			],
			[
				-0.945865,
				0.00198343
			],
			[
				-0.944865,
				0.00329831
			],
			[
				-0.943865,
				0.00461499
			],
			[
				-0.9428650000000001,
				0.00593354
			],
			[
				-0.9418650000000001,
				0.00725377
			],
			[
				-0.9408650000000001,
				0.00857428
			],
			[
				-0.9398650000000001,
				0.00989478
			],
			[
				-0.9388650000000001,
				0.0112153
			],
			[
				-0.9378650000000001,
				0.0125358
			],
			[
				-0.9368650000000001,
				0.0138563
			],
			[
				-0.9358650000000001,
				0.0151768
			],
			[
				-0.9348650000000001,
				0.0164973
			],
			[
				-0.9338650000000001,
				0.0178178
			],
			[
				-0.932865,
				0.0191383
			],
			[
				-0.931865,
				0.0204588
			],
			[
				-0.930865,
				0.0217793
			],
			[
				-0.929865,
				0.0230998
			],
			[
				-0.928865,
				0.0244203
			],
			[
				-0.927865,
				0.0257408
			],
			[
				-0.926865,
				0.0270613
			],
			[
				-0.925865,
				0.0283818
			],
			[
				-0.924865,
				0.0297023
			],
			[
				-0.923865,
				0.0310228
			],
			[
				-0.922865,
				0.0323433
			],
			[
				-0.921865,
				0.0336638
			],
			[
				-0.920865,
				0.0349843
			],
			[
				-0.919865,
				0.0363048
			],
			[
				-0.918865,
				0.0376253
			],
			[
				-0.917865,
				0.0389458
			],
			[
				-0.916865,
				0.0402664
			],
			[
				-0.91,
				0.0493316
			],
			[
				-0.9,
				0.0625366
			],
			[
				-0.89,
				0.0757417
			],
			[
				-0.88,
				0.0889467
			],
			[
				-0.87,
				0.102152
			],
			[
				-0.86,
				0.115357
			],
			[
				-0.85,
				0.128562
			],
			[
				-0.84,
				0.141767
			],
			[
				-0.83,
				0.154972
			],
			[
				-0.82,
				0.168177
			],
			[
				-0.81,
				0.181382
			],
			[
				-0.8,
				0.194587
			],
			[
				-0.79,
				0.207792
			],
			[
				-0.78,
				0.220997
			],
			[
				-0.77,
				0.234202
			],
			[
				-0.76,
				0.247407
			],
			[
				-0.75,
				0.260612
			],
			[
				-0.74,
				0.273817
			],
			[
				-0.73,
				0.287022
			],
			[
				-0.72,
				0.300227
			],
			[
				-0.71,
				0.313432
			],
			[
				-0.7,
				0.326637
			],
			[
				-0.69,
				0.339842
			],
			[
				-0.68,
				0.353047
			],
			[
				-0.67,
				0.366252
			],
			[
				-0.66,
				0.379457
			],
			[
				-0.65,
				0.392662
			],
			[
				-0.64,
				0.405867
			],
			[
				-0.63,
				0.419072
			],
			[
				-0.62,
				0.432278
			],
			[
				-0.61,
				0.445483
			],
			[
				-0.6,
				0.458688
			],
			[
				-0.59,
				0.471893
			],
			[
				-0.58,
				0.485098
			],
			[
				-0.57,
				0.498303
			],
			[
				-0.56,
				0.511508
			],
			[
				-0.55,
				0.524713
			],
			[
				-0.54,
				0.537918
			],
			[
				-0.53,
				0.551123
			],
			[
				-0.52,
				0.564328
			],
			[
				-0.51,
				0.577533
			],
			[
				-0.5,
				0.590738
			],
			[
				-0.49,
				0.603943
			],
			[
				-0.48,
				0.617148
			],
			[
				-0.47,
				0.630353
			],
			[
				-0.46,
				0.643558
			],
			[
				-0.45,
				0.656763
			],
			[
				-0.44,
				0.669968
			],
			[
				-0.43,
				0.683173
			],
			[
				-0.42,
				0.696378
			],
			[
				-0.41,
				0.709583
			],
			[
				-0.4,
				0.722788
			],
			[
				-0.39,
				0.735993
			],
			[
				-0.38,
				0.749198
			],
			[
				-0.37,
				0.762403
			],
			[
				-0.36,
				0.775608
			],
			[
				-0.35,
				0.788813
			],
			[
				-0.34,
				0.802018
			],
			[
				-0.33,
				0.815223
			],
			[
				-0.32,
				0.828428
			],
			[
				-0.31,
				0.841633
			],
			[
				-0.3,
				0.854839
			],
			[
				-0.29,
				0.868044
			],
			[
				-0.28,
				0.881249
			],
			[
				-0.27,
				0.894454
			],
			[
				-0.26,
				0.907659
			],
			[
				-0.25,
				0.920864
			],
			[
				-0.24,
				0.934069
			],
			[
				-0.23,
				0.947274
			],
			[
				-0.22,
				0.960479
			],
			[
				-0.21,
				0.973684
			],
			[
				-0.2,
				0.986889
			],
			[
				-0.19,
				1.00009
			],
			[
				-0.18,
				1.0133
			],
			[
				-0.17,
				1.0265
			],
			[
				-0.16,
				1.03971
			],
			[
				-0.15,
				1.05291
			],
			[
				-0.14,
				1.06612
			],
			[
				-0.13,
				1.07932
			],
			[
				-0.12,
				1.09253
			],
			[
				-0.11,
				1.10573
			],
			[
				-0.1,
				1.11894
			],
			[
				-0.09,
				1.13214
			],
			[
				-0.08,
				1.14535
			],
			[
				-0.07,
				1.15855
			],
			[
				-0.06,
				1.17176
			],
			[
				-0.05,
				1.18496
			],
			[
				-0.04,
				1.19817
			],
			[
				-0.03,
				1.21137
			],
			[
				-0.02,
				1.22458
			],
			[
				-0.01,
				1.23778
			],
			[
				0.0,
				1.25099
			]
		]
	}
}
