{
	"ID": 145,
	"name": "VACODYM_655AP_60C",
	"conductivity": 0.0,
	"relPermeability": 1.0,
	"remanence": 0.0,
	"linear": false,
	"BHCurve": {
		"default": [
			[
				-0.8748619999999999,
				0.0
			],
			[
				-0.87,
				0.00644151
			],
			[
				-0.86,
				0.0196893
			],
			[
				-0.85,
				0.0329371
			],
			[
				-0.84,
				0.0461849
			],
			[
				-0.83,
				0.0594327
			],
			[
				-0.82,
				0.0726805
			],
			[
				-0.81,
				0.0859283
			],
			[
				-0.8,
				0.0991761
			],
			[
				-0.79,
				0.112424
			],
			[
				-0.78,
				0.125672
			],
			[
				-0.77,
				0.138919
			],
			[
				-0.76,
				0.152167
			],
			[
				-0.75,
				0.165415
			],
			[
				-0.74,
				0.178663
			],
			[
				-0.73,
				0.191911
			],
			[
				-0.72,
				0.205158
			],
			[
				-0.71,
				0.218406
			],
			[
				-0.7,
				0.231654
			],
			[
				-0.69,
				0.244902
			],
			[
				-0.68,
				0.25815
			],
			[
				-0.67,
				0.271397
			],
			[
				-0.66,
				0.284645
			],
			[
				-0.65,
				0.297893
			],
			[
				-0.64,
				0.311141
			],
			[
				-0.63,
				0.324389
			],
			[
				-0.62,
				0.337636
			],
			[
				-0.61,
				0.350884
			],
			[
				-0.6,
				0.364132
			],
			[
				-0.59,
				0.37738
			],
			[
				-0.58,
				0.390628
			],
			[
				-0.57,
				0.403875
			],
			[
				-0.56,
				0.417123
			],
			[
				-0.55,
				0.430371
			],
			[
				-0.54,
				0.443619
			],
			[
				-0.53,
				0.456867
			],
			[
				-0.52,
				0.470114
			],
			[
				-0.51,
				0.483362
			],
			[
				-0.5,
				0.49661
			],
			[
				-0.49,
				0.509858
			],
			[
				-0.48,
				0.523106
			],
			[
				-0.47,
				0.536353
			],
			[
				-0.46,
				0.549601
			],
			[
				-0.45,
				0.562849
			],
			[
				-0.44,
				0.576097
			],
			[
				-0.43,
				0.589345
			],
			[
				-0.42,
				0.602592
			],
			[
				-0.41,
				0.61584
			],
			[
				-0.4,
				0.629088
			],
			[
				-0.39,
				0.642336
			],
			[
				-0.38,
				0.655584
			],
			[
				-0.37,
				0.668831
			],
			[
				-0.36,
				0.682079
			],
			[
				-0.35,
				0.695327
			],
			[
				-0.34,
				0.708575
			],
			[
				-0.33,
				0.721823
			],
			[
				-0.32,
				0.73507
			],
			[
				-0.31,
				0.748318
			],
			[
				-0.3,
				0.761566
			],
			[
				-0.29,
				0.774814
			],
			[
				-0.28,
				0.788062
			],
			[
				-0.27,
				0.801309
			],
			[
				-0.26,
				0.814557
			],
			[
				-0.25,
				0.827805
			],
			[
				-0.24,
				0.841053
			],
			[
				-0.23,
				0.854301
			],
			[
				-0.22,
				0.867548
			],
			[
				-0.21,
				0.880796
			],
			[
				-0.2,
				0.894044
			],
			[
				-0.19,
				0.907292
			],
			[
				-0.18,
				0.92054
			],
			[
				-0.17,
				0.933787
			],
			[
				-0.16,
				0.947035
			],
			[
				-0.15,
				0.960283
			],
			[
				-0.14,
				0.973531
			],
			[
				-0.13,
				0.986779
			],
			[
				-0.12,
				1.00003
			],
			[
				-0.11,
				1.01327
			],
			[
				-0.1,
				1.02652
			],
			[
				-0.09,
				1.03977
			],
			[
				-0.08,
				1.05302
			],
			[
				-0.07,
				1.06627
			],
			[
				-0.06,
				1.07951
			],
			[
				-0.05,
				1.09276
			],
			[
				-0.04,
				1.10601
			],
			[
				-0.03,
				1.11926
			],
			[
				-0.02,
				1.1325
			],
			[
				-0.01,
				1.14575
			],
			[
				0.0,
				1.159
			]
		]
	}
}
