{
	"ID": 201,
	"name": "VACODYM_688TP_240C",
	"conductivity": 0.0,
	"relPermeability": 0.0,
	"remanence": "no information",
	"linear": false,
	"BHCurve": {
		"default": [
			[
				-0.319955,
				0.0
			],
			[
				-0.31923399999999996,
				0.0235212
			],
			[
				-0.31823399999999996,
				0.0561302
			],
			[
				-0.31723399999999996,
				0.0887391
			],
			[
				-0.31623399999999996,
				0.121348
			],
			[
				-0.31523399999999996,
				0.153957
			],
			[
				-0.31423399999999996,
				0.186566
			],
			[
				-0.31323399999999996,
				0.219175
			],
			[
				-0.31223399999999996,
				0.251784
			],
			[
				-0.31123399999999996,
				0.284436
			],
			[
				-0.31023399999999995,
				0.320307
			],
			[
				-0.30923399999999995,
				0.352345
			],
			[
				-0.308234,
				0.371904
			],
			[
				-0.307234,
				0.383725
			],
			[
				-0.306234,
				0.390909
			],
			[
				-0.305234,
				0.396968
			],
			[
				-0.304234,
				0.402282
			],
			[
				-0.303234,
				0.407238
			],
			[
				-0.302234,
				0.412033
			],
			[
				-0.301234,
				0.41644
			],
			[
				-0.300234,
				0.420219
			],
			[
				-0.299234,
				0.423612
			],
			[
				-0.298234,
				0.426745
			],
			[
				-0.297234,
				0.429656
			],
			[
				-0.296234,
				0.432385
			],
			[
				-0.295234,
				0.434971
			],
			[
				-0.294234,
				0.437432
			],
			[
				-0.293234,
				0.439761
			],
			[
				-0.292234,
				0.441976
			],
			[
				-0.291234,
				0.444095
			],
			[
				-0.290234,
				0.446137
			],
			[
				-0.289234,
				0.448121
			],
			[
				-0.288234,
				0.450065
			],
			[
				-0.287234,
				0.451971
			],
			[
				-0.286234,
				0.453824
			],
			[
				-0.285234,
				0.455625
			],
			[
				-0.284234,
				0.457375
			],
			[
				-0.283234,
				0.459077
			],
			[
				-0.282234,
				0.460731
			],
			[
				-0.281234,
				0.462339
			],
			[
				-0.280234,
				0.463911
			],
			[
				-0.279234,
				0.465455
			],
			[
				-0.278234,
				0.466975
			],
			[
				-0.277234,
				0.468471
			],
			[
				-0.276234,
				0.469945
			],
			[
				-0.275234,
				0.471398
			],
			[
				-0.274234,
				0.472831
			],
			[
				-0.273234,
				0.474248
			],
			[
				-0.272234,
				0.475648
			],
			[
				-0.271234,
				0.477033
			],
			[
				-0.270234,
				0.478405
			],
			[
				-0.269234,
				0.479766
			],
			[
				-0.268234,
				0.481116
			],
			[
				-0.26723399999999997,
				0.482458
			],
			[
				-0.26623399999999997,
				0.483792
			],
			[
				-0.26,
				0.492044
			],
			[
				-0.25,
				0.50566
			],
			[
				-0.24,
				0.519529
			],
			[
				-0.23,
				0.533398
			],
			[
				-0.22,
				0.547268
			],
			[
				-0.21,
				0.561137
			],
			[
				-0.2,
				0.575006
			],
			[
				-0.19,
				0.588875
			],
			[
				-0.18,
				0.602744
			],
			[
				-0.17,
				0.616614
			],
			[
				-0.16,
				0.630483
			],
			[
				-0.15,
				0.644352
			],
			[
				-0.14,
				0.658221
			],
			[
				-0.13,
				0.67209
			],
			[
				-0.12,
				0.685959
			],
			[
				-0.11,
				0.699829
			],
			[
				-0.1,
				0.713698
			],
			[
				-0.09,
				0.727567
			],
			[
				-0.08,
				0.741436
			],
			[
				-0.07,
				0.755305
			],
			[
				-0.06,
				0.769175
			],
			[
				-0.05,
				0.783044
			],
			[
				-0.04,
				0.796913
			],
			[
				-0.03,
				0.810782
			],
			[
				-0.02,
				0.824651
			],
			[
				-0.01,
				0.83852
			],
			[
				0.0,
				0.85239
			]
		]
	}
}
