{
	"ID": 292,
	"name": "VACODYM_854_TP_060C",
	"conductivity": 0.0,
	"relPermeability": 0.0,
	"remanence": "no information",
	"linear": false,
	"BHCurve": {
		"default": [
			[
				-0.9665860000000001,
				0.0
			],
			[
				-0.9660019999999999,
				0.000766856
			],
			[
				-0.9650019999999999,
				0.00207906
			],
			[
				-0.9640019999999999,
				0.00339126
			],
			[
				-0.9630019999999999,
				0.00470346
			],
			[
				-0.9620019999999999,
				0.00601566
			],
			[
				-0.9610019999999999,
				0.00732786
			],
			[
				-0.9600019999999999,
				0.00864006
			],
			[
				-0.9590019999999999,
				0.00995226
			],
			[
				-0.9580019999999999,
				0.0112645
			],
			[
				-0.9570019999999999,
				0.0125767
			],
			[
				-0.9560019999999999,
				0.0138889
			],
			[
				-0.9550019999999999,
				0.0152011
			],
			[
				-0.9540019999999999,
				0.0165133
			],
			[
				-0.9530019999999999,
				0.0178255
			],
			[
				-0.9520019999999999,
				0.0191377
			],
			[
				-0.9510019999999999,
				0.0204499
			],
			[
				-0.9500019999999999,
				0.0217621
			],
			[
				-0.9490019999999999,
				0.0230743
			],
			[
				-0.9480019999999999,
				0.0243865
			],
			[
				-0.9470019999999999,
				0.0256987
			],
			[
				-0.9460019999999999,
				0.0270109
			],
			[
				-0.9450019999999999,
				0.0283231
			],
			[
				-0.944002,
				0.0296353
			],
			[
				-0.94,
				0.0348868
			],
			[
				-0.935,
				0.0414478
			],
			[
				-0.93,
				0.0480088
			],
			[
				-0.925,
				0.0545698
			],
			[
				-0.92,
				0.0611308
			],
			[
				-0.915,
				0.0676918
			],
			[
				-0.91,
				0.0742529
			],
			[
				-0.905,
				0.0808139
			],
			[
				-0.9,
				0.0873749
			],
			[
				-0.895,
				0.0939359
			],
			[
				-0.89,
				0.100497
			],
			[
				-0.885,
				0.107058
			],
			[
				-0.88,
				0.113619
			],
			[
				-0.875,
				0.12018
			],
			[
				-0.87,
				0.126741
			],
			[
				-0.865,
				0.133302
			],
			[
				-0.86,
				0.139863
			],
			[
				-0.855,
				0.146424
			],
			[
				-0.85,
				0.152985
			],
			[
				-0.845,
				0.159546
			],
			[
				-0.84,
				0.166107
			],
			[
				-0.835,
				0.172668
			],
			[
				-0.83,
				0.179229
			],
			[
				-0.825,
				0.18579
			],
			[
				-0.82,
				0.192351
			],
			[
				-0.815,
				0.198912
			],
			[
				-0.81,
				0.205473
			],
			[
				-0.805,
				0.212034
			],
			[
				-0.8,
				0.218595
			],
			[
				-0.795,
				0.225156
			],
			[
				-0.79,
				0.231717
			],
			[
				-0.785,
				0.238278
			],
			[
				-0.78,
				0.244839
			],
			[
				-0.775,
				0.2514
			],
			[
				-0.77,
				0.257961
			],
			[
				-0.765,
				0.264522
			],
			[
				-0.76,
				0.271083
			],
			[
				-0.755,
				0.277644
			],
			[
				-0.75,
				0.284205
			],
			[
				-0.745,
				0.290766
			],
			[
				-0.74,
				0.297327
			],
			[
				-0.735,
				0.303888
			],
			[
				-0.73,
				0.310449
			],
			[
				-0.725,
				0.31701
			],
			[
				-0.72,
				0.323571
			],
			[
				-0.715,
				0.330132
			],
			[
				-0.71,
				0.336693
			],
			[
				-0.705,
				0.343254
			],
			[
				-0.7,
				0.349815
			],
			[
				-0.695,
				0.356376
			],
			[
				-0.69,
				0.362937
			],
			[
				-0.685,
				0.369498
			],
			[
				-0.68,
				0.376059
			],
			[
				-0.675,
				0.38262
			],
			[
				-0.67,
				0.389181
			],
			[
				-0.665,
				0.395742
			],
			[
				-0.66,
				0.402303
			],
			[
				-0.655,
				0.408864
			],
			[
				-0.65,
				0.415425
			],
			[
				-0.645,
				0.421986
			],
			[
				-0.64,
				0.428547
			],
			[
				-0.635,
				0.435108
			],
			[
				-0.63,
				0.441669
			],
			[
				-0.625,
				0.44823
			],
			[
				-0.62,
				0.454791
			],
			[
				-0.615,
				0.461352
			],
			[
				-0.61,
				0.467913
			],
			[
				-0.605,
				0.474474
			],
			[
				-0.6,
				0.481035
			],
			[
				-0.595,
				0.487596
			],
			[
				-0.59,
				0.494157
			],
			[
				-0.585,
				0.500718
			],
			[
				-0.58,
				0.507279
			],
			[
				-0.575,
				0.51384
			],
			[
				-0.57,
				0.520401
			],
			[
				-0.565,
				0.526962
			],
			[
				-0.56,
				0.533523
			],
			[
				-0.555,
				0.540084
			],
			[
				-0.55,
				0.546645
			],
			[
				-0.545,
				0.553206
			],
			[
				-0.54,
				0.559767
			],
			[
				-0.535,
				0.566328
			],
			[
				-0.53,
				0.572889
			],
			[
				-0.525,
				0.57945
			],
			[
				-0.52,
				0.586011
			],
			[
				-0.515,
				0.592572
			],
			[
				-0.51,
				0.599133
			],
			[
				-0.505,
				0.605694
			],
			[
				-0.5,
				0.612255
			],
			[
				-0.495,
				0.618816
			],
			[
				-0.49,
				0.625377
			],
			[
				-0.485,
				0.631938
			],
			[
				-0.48,
				0.638499
			],
			[
				-0.475,
				0.64506
			],
			[
				-0.47,
				0.651621
			],
			[
				-0.465,
				0.658182
			],
			[
				-0.46,
				0.664743
			],
			[
				-0.455,
				0.671304
			],
			[
				-0.45,
				0.677865
			],
			[
				-0.445,
				0.684426
			],
			[
				-0.44,
				0.690987
			],
			[
				-0.435,
				0.697548
			],
			[
				-0.43,
				0.704109
			],
			[
				-0.425,
				0.71067
			],
			[
				-0.42,
				0.717231
			],
			[
				-0.415,
				0.723792
			],
			[
				-0.41,
				0.730353
			],
			[
				-0.405,
				0.736914
			],
			[
				-0.4,
				0.743475
			],
			[
				-0.395,
				0.750037
			],
			[
				-0.39,
				0.756598
			],
			[
				-0.385,
				0.763159
			],
			[
				-0.38,
				0.76972
			],
			[
				-0.375,
				0.776281
			],
			[
				-0.37,
				0.782842
			],
			[
				-0.365,
				0.789403
			],
			[
				-0.36,
				0.795964
			],
			[
				-0.355,
				0.802525
			],
			[
				-0.35,
				0.809086
			],
			[
				-0.345,
				0.815647
			],
			[
				-0.34,
				0.822208
			],
			[
				-0.335,
				0.828769
			],
			[
				-0.33,
				0.83533
			],
			[
				-0.325,
				0.841891
			],
			[
				-0.32,
				0.848452
			],
			[
				-0.315,
				0.855013
			],
			[
				-0.31,
				0.861574
			],
			[
				-0.305,
				0.868135
			],
			[
				-0.3,
				0.874696
			],
			[
				-0.295,
				0.881257
			],
			[
				-0.29,
				0.887818
			],
			[
				-0.285,
				0.894379
			],
			[
				-0.28,
				0.90094
			],
			[
				-0.275,
				0.907501
			],
			[
				-0.27,
				0.914062
			],
			[
				-0.265,
				0.920623
			],
			[
				-0.26,
				0.927184
			],
			[
				-0.255,
				0.933745
			],
			[
				-0.25,
				0.940306
			],
			[
				-0.245,
				0.946867
			],
			[
				-0.24,
				0.953428
			],
			[
				-0.235,
				0.959989
			],
			[
				-0.23,
				0.96655
			],
			[
				-0.225,
				0.973111
			],
			[
				-0.22,
				0.979672
			],
			[
				-0.215,
				0.986233
			],
			[
				-0.21,
				0.992794
			],
			[
				-0.205,
				0.999355
			],
			[
				-0.2,
				1.00592
			],
			[
				-0.195,
				1.01248
			],
			[
				-0.19,
				1.01904
			],
			[
				-0.185,
				1.0256
			],
			[
				-0.18,
				1.03216
			],
			[
				-0.175,
				1.03872
			],
			[
				-0.17,
				1.04528
			],
			[
				-0.165,
				1.05184
			],
			[
				-0.16,
				1.0584
			],
			[
				-0.155,
				1.06496
			],
			[
				-0.15,
				1.07153
			],
			[
				-0.145,
				1.07809
			],
			[
				-0.14,
				1.08465
			],
			[
				-0.135,
				1.09121
			],
			[
				-0.13,
				1.09777
			],
			[
				-0.125,
				1.10433
			],
			[
				-0.12,
				1.11089
			],
			[
				-0.115,
				1.11745
			],
			[
				-0.11,
				1.12401
			],
			[
				-0.105,
				1.13057
			],
			[
				-0.1,
				1.13714
			],
			[
				-0.095,
				1.1437
			],
			[
				-0.09,
				1.15026
			],
			[
				-0.085,
				1.15682
			],
			[
				-0.08,
				1.16338
			],
			[
				-0.075,
				1.16994
			],
			[
				-0.07,
				1.1765
			],
			[
				-0.065,
				1.18306
			],
			[
				-0.06,
				1.18962
			],
			[
				-0.055,
				1.19618
			],
			[
				-0.05,
				1.20275
			],
			[
				-0.045,
				1.20931
			],
			[
				-0.04,
				1.21587
			],
			[
				-0.035,
				1.22243
			],
			[
				-0.03,
				1.22899
			],
			[
				-0.025,
				1.23555
			],
			[
				-0.02,
				1.24211
			],
			[
				-0.015,
				1.24867
			],
			[
				-0.01,
				1.25523
			],
			[
				-0.005,
				1.26179
			],
			[
				0.0,
