{
	"ID": 276,
	"name": "VACODYM_854AP_80C",
	"conductivity": 0.0,
	"relPermeability": 1.0,
	"remanence": 0.0,
	"linear": false,
	"BHCurve": {
		"default": [
			[
				-0.887561,
				0.0
			],
			[
				-0.88,
				0.0100801
			],
			[
				-0.87,
				0.0234109
			],
			[
				-0.86,
				0.0367417
			],
			[
				-0.85,
				0.0500725
			],
			[
				-0.84,
				0.0634033
			],
			[
				-0.83,
				0.0767341
			],
			[
				-0.82,
				0.090065
			],
			[
				-0.81,
				0.103396
			],
			[
				-0.8,
				0.116727
			],
			[
				-0.79,
				0.130057
			],
			[
				-0.78,
				0.143388
			],
			[
				-0.77,
				0.156719
			],
			[
				-0.76,
				0.17005
			],
			[
				-0.75,
				0.183381
			],
			[
				-0.74,
				0.196711
			],
			[
				-0.73,
				0.210042
			],
			[
				-0.72,
				0.223373
			],
			[
				-0.71,
				0.236704
			],
			[
				-0.7,
				0.250035
			],
			[
				-0.69,
				0.263366
			],
			[
				-0.68,
				0.276696
			],
			[
				-0.67,
				0.290027
			],
			[
				-0.66,
				0.303358
			],
			[
				-0.65,
				0.316689
			],
			[
				-0.64,
				0.33002
			],
			[
				-0.63,
				0.34335
			],
			[
				-0.62,
				0.356681
			],
			[
				-0.61,
				0.370012
			],
			[
				-0.6,
				0.383343
			],
			[
				-0.59,
				0.396674
			],
			[
				-0.58,
				0.410005
			],
			[
				-0.57,
				0.423335
			],
			[
				-0.56,
				0.436666
			],
			[
				-0.55,
				0.449997
			],
			[
				-0.54,
				0.463328
			],
			[
				-0.53,
				0.476659
			],
			[
				-0.52,
				0.489989
			],
			[
				-0.51,
				0.50332
			],
			[
				-0.5,
				0.516651
			],
			[
				-0.49,
				0.529982
			],
			[
				-0.48,
				0.543313
			],
			[
				-0.47,
				0.556644
			],
			[
				-0.46,
				0.569974
			],
			[
				-0.45,
				0.583305
			],
			[
				-0.44,
				0.596636
			],
			[
				-0.43,
				0.609967
			],
			[
				-0.42,
				0.623298
			],
			[
				-0.41,
				0.636628
			],
			[
				-0.4,
				0.649959
			],
			[
				-0.39,
				0.66329
			],
			[
				-0.38,
				0.676621
			],
			[
				-0.37,
				0.689952
			],
			[
				-0.36,
				0.703283
			],
			[
				-0.35,
				0.716613
			],
			[
				-0.34,
				0.729944
			],
			[
				-0.33,
				0.743275
			],
			[
				-0.32,
				0.756606
			],
			[
				-0.31,
				0.769937
			],
			[
				-0.3,
				0.783267
			],
			[
				-0.29,
				0.796598
			],
			[
				-0.28,
				0.809929
			],
			[
				-0.27,
				0.82326
			],
			[
				-0.26,
				0.836591
			],
			[
				-0.25,
				0.849922
			],
			[
				-0.24,
				0.863252
			],
			[
				-0.23,
				0.876583
			],
			[
				-0.22,
				0.889914
			],
			[
				-0.21,
				0.903245
			],
			[
				-0.2,
				0.916576
			],
			[
				-0.19,
				0.929906
			],
			[
				-0.18,
				0.943237
			],
			[
				-0.17,
				0.956568
			],
			[
				-0.16,
				0.969899
			],
			[
				-0.15,
				0.98323
			],
			[
				-0.14,
				0.996561
			],
			[
				-0.13,
				1.00989
			],
			[
				-0.12,
				1.02322
			],
			[
				-0.11,
				1.03655
			],
			[
				-0.1,
				1.04988
			],
			[
				-0.09,
				1.06321
			],
			[
				-0.08,
				1.07655
			],
			[
				-0.07,
				1.08988
			],
			[
				-0.06,
				1.10321
			],
			[
				-0.05,
				1.11654
			],
			[
				-0.04,
				1.12987
			],
			[
				-0.03,
				1.1432
			],
			[
				-0.02,
				1.15653
			],
			[
				-0.01,
				1.16986
			],
			[
				0.0,
				1.18319
			]
		]
	}
}
