{
	"ID": 333,
	"name": "VACODYM_881AP_180C",
	"conductivity": 0.0,
	"relPermeability": 1.0,
	"remanence": 0.0,
	"linear": false,
	"BHCurve": {
		"default": [
			[
				-0.682633,
				0.0
			],
			[
				-0.682613,
				3.25302e-05
			],
			[
				-0.681613,
				0.00164864
			],
			[
				-0.680613,
				0.00325494
			],
			[
				-0.679613,
				0.00485336
			],
			[
				-0.678613,
				0.00644581
			],
			[
				-0.677613,
				0.00803422
			],
			[
				-0.676613,
				0.00961627
			],
			[
				-0.675613,
				0.0111838
			],
			[
				-0.674613,
				0.0127373
			],
			[
				-0.673613,
				0.0142776
			],
			[
				-0.672613,
				0.0158055
			],
			[
				-0.671613,
				0.017322
			],
			[
				-0.670613,
				0.0188277
			],
			[
				-0.669613,
				0.0203237
			],
			[
				-0.668613,
				0.0218108
			],
			[
				-0.667613,
				0.0232897
			],
			[
				-0.666613,
				0.0247613
			],
			[
				-0.665613,
				0.0262266
			],
			[
				-0.664613,
				0.0276862
			],
			[
				-0.663613,
				0.0291411
			],
			[
				-0.662613,
				0.0305922
			],
			[
				-0.661613,
				0.0320402
			],
			[
				-0.660613,
				0.0334859
			],
			[
				-0.659613,
				0.034928
			],
			[
				-0.658613,
				0.036366
			],
			[
				-0.657613,
				0.0377999
			],
			[
				-0.656613,
				0.0392299
			],
			[
				-0.655613,
				0.040656
			],
			[
				-0.6546130000000001,
				0.0420783
			],
			[
				-0.6536130000000001,
				0.0434969
			],
			[
				-0.6526130000000001,
				0.0449119
			],
			[
				-0.6516130000000001,
				0.0463235
			],
			[
				-0.6506130000000001,
				0.0477317
			],
			[
				-0.6496130000000001,
				0.0491366
			],
			[
				-0.6486130000000001,
				0.0505383
			],
			[
				-0.6476130000000001,
				0.0519369
			],
			[
				-0.6466130000000001,
				0.0533325
			],
			[
				-0.6456130000000001,
				0.0547253
			],
			[
				-0.6446130000000001,
				0.0561152
			],
			[
				-0.6436130000000001,
				0.0575024
			],
			[
				-0.6426130000000001,
				0.058887
			],
			[
				-0.6416130000000001,
				0.0602691
			],
			[
				-0.6406130000000001,
				0.0616488
			],
			[
				-0.6396130000000001,
				0.0630262
			],
			[
				-0.6386130000000001,
				0.0644014
			],
			[
				-0.6376130000000001,
				0.0657744
			],
			[
				-0.6366130000000001,
				0.0671454
			],
			[
				-0.6356130000000001,
				0.0685145
			],
			[
				-0.6346130000000001,
				0.0698818
			],
			[
				-0.6336130000000001,
				0.0712473
			],
			[
				-0.6326130000000001,
				0.0726112
			],
			[
				-0.6316130000000001,
				0.0739736
			],
			[
				-0.6306130000000001,
				0.0753345
			],
			[
				-0.6296130000000001,
				0.0766941
			],
			[
				-0.6286130000000001,
				0.0780525
			],
			[
				-0.6276130000000001,
				0.0794097
			],
			[
				-0.6266130000000001,
				0.0807658
			],
			[
				-0.6256130000000001,
				0.082121
			],
			[
				-0.6246130000000001,
				0.0834754
			],
			[
				-0.6236130000000001,
				0.0848289
			],
			[
				-0.6226130000000001,
				0.0861819
			],
			[
				-0.6216130000000001,
				0.0875342
			],
			[
				-0.6206130000000001,
				0.0888861
			],
			[
				-0.6196130000000001,
				0.0902376
			],
			[
				-0.6186130000000001,
				0.0915889
			],
			[
				-0.6176130000000001,
				0.09294
			],
			[
				-0.6166130000000001,
				0.094291
			],
			[
				-0.6156130000000001,
				0.095642
			],
			[
				-0.6146130000000001,
				0.0969931
			],
			[
				-0.6136130000000001,
				0.0983445
			],
			[
				-0.6126130000000001,
				0.0996961
			],
			[
				-0.6116130000000001,
				0.101048
			],
			[
				-0.6106130000000001,
				0.102401
			],
			[
				-0.6096130000000001,
				0.103754
			],
			[
				-0.6086130000000001,
				0.105108
			],
			[
				-0.6076130000000001,
				0.106463
			],
			[
				-0.6066130000000001,
				0.107818
			],
			[
				-0.6056130000000001,
				0.109175
			],
			[
				-0.6046130000000001,
				0.110532
			],
			[
				-0.6036130000000001,
				0.111891
			],
			[
				-0.6026130000000001,
				0.113251
			],
			[
				-0.6016130000000001,
				0.114613
			],
			[
				-0.6006130000000001,
				0.115976
			],
			[
				-0.6,
				0.116812
			],
			[
				-0.59,
				0.130531
			],
			[
				-0.58,
				0.144277
			],
			[
				-0.57,
				0.158023
			],
			[
				-0.56,
				0.171769
			],
			[
				-0.55,
				0.185515
			],
			[
				-0.54,
				0.199261
			],
			[
				-0.53,
				0.213007
			],
			[
				-0.52,
				0.226753
			],
			[
				-0.51,
				0.240498
			],
			[
				-0.5,
				0.254244
			],
			[
				-0.49,
				0.26799
			],
			[
				-0.48,
				0.281736
			],
			[
				-0.47,
				0.295482
			],
			[
				-0.46,
				0.309228
			],
			[
				-0.45,
				0.322974
			],
			[
				-0.44,
				0.33672
			],
			[
				-0.43,
				0.350466
			],
			[
				-0.42,
				0.364212
			],
			[
				-0.41,
				0.377958
			],
			[
				-0.4,
				0.391704
			],
			[
				-0.39,
				0.405449
			],
			[
				-0.38,
				0.419195
			],
			[
				-0.37,
				0.432941
			],
			[
				-0.36,
				0.446687
			],
			[
				-0.35,
				0.460433
			],
			[
				-0.34,
				0.474179
			],
			[
				-0.33,
				0.487925
			],
			[
				-0.32,
				0.501671
			],
			[
				-0.31,
				0.515417
			],
			[
				-0.3,
				0.529163
			],
			[
				-0.29,
				0.542909
			],
			[
				-0.28,
				0.556654
			],
			[
				-0.27,
				0.5704
			],
			[
				-0.26,
				0.584146
			],
			[
				-0.25,
				0.597892
			],
			[
				-0.24,
				0.611638
			],
			[
				-0.23,
				0.625384
			],
			[
				-0.22,
				0.63913
			],
			[
				-0.21,
				0.652876
			],
			[
				-0.2,
				0.666622
			],
			[
				-0.19,
				0.680368
			],
			[
				-0.18,
				0.694114
			],
			[
				-0.17,
				0.707859
			],
			[
				-0.16,
				0.721605
			],
			[
				-0.15,
				0.735351
			],
			[
				-0.14,
				0.749097
			],
			[
				-0.13,
				0.762843
			],
			[
				-0.12,
				0.776589
			],
			[
				-0.11,
				0.790335
			],
			[
				-0.1,
				0.804081
			],
			[
				-0.09,
				0.817827
			],
			[
				-0.08,
				0.831573
			],
			[
				-0.07,
				0.845319
			],
			[
				-0.06,
				0.859065
			],
			[
				-0.05,
				0.87281
			],
			[
				-0.04,
				0.886556
			],
			[
				-0.03,
				0.900302
			],
			[
				-0.02,
				0.914048
			],
			[
				-0.01,
				0.927794
			],
			[
				0.0,
				0.94154
			]
		]
	}
}
