{
	"ID": 142,
	"name": "VACODYM_655AP_150C",
	"conductivity": 0.0,
	"relPermeability": 1.0,
	"remanence": 0.0,
	"linear": false,
	"BHCurve": {
		"default": [
			[
				-0.556589,
				0.0
			],
			[
				-0.555828,
				0.0302473
			],
			[
				-0.554828,
				0.0699818
			],
			[
				-0.553828,
				0.109716
			],
			[
				-0.552828,
				0.15142
			],
			[
				-0.551828,
				0.197727
			],
			[
				-0.550828,
				0.226267
			],
			[
				-0.549828,
				0.238051
			],
			[
				-0.548828,
				0.245926
			],
			[
				-0.547828,
				0.252237
			],
			[
				-0.546828,
				0.257316
			],
			[
				-0.545828,
				0.261649
			],
			[
				-0.544828,
				0.265781
			],
			[
				-0.543828,
				0.269636
			],
			[
				-0.542828,
				0.273263
			],
			[
				-0.541828,
				0.276727
			],
			[
				-0.540828,
				0.280089
			],
			[
				-0.539828,
				0.283412
			],
			[
				-0.538828,
				0.286692
			],
			[
				-0.537828,
				0.289891
			],
			[
				-0.536828,
				0.292971
			],
			[
				-0.535828,
				0.295894
			],
			[
				-0.534828,
				0.298621
			],
			[
				-0.533828,
				0.301196
			],
			[
				-0.532828,
				0.303678
			],
			[
				-0.531828,
				0.306075
			],
			[
				-0.530828,
				0.308393
			],
			[
				-0.529828,
				0.310641
			],
			[
				-0.528828,
				0.312825
			],
			[
				-0.527828,
				0.314954
			],
			[
				-0.526828,
				0.317034
			],
			[
				-0.525828,
				0.319073
			],
			[
				-0.524828,
				0.321079
			],
			[
				-0.523828,
				0.323057
			],
			[
				-0.522828,
				0.324994
			],
			[
				-0.521828,
				0.326888
			],
			[
				-0.520828,
				0.328743
			],
			[
				-0.519828,
				0.330562
			],
			[
				-0.518828,
				0.332348
			],
			[
				-0.517828,
				0.334104
			],
			[
				-0.516828,
				0.335834
			],
			[
				-0.515828,
				0.337541
			],
			[
				-0.514828,
				0.339229
			],
			[
				-0.513828,
				0.3409
			],
			[
				-0.512828,
				0.342559
			],
			[
				-0.511828,
				0.344207
			],
			[
				-0.510828,
				0.34585
			],
			[
				-0.509828,
				0.34748
			],
			[
				-0.508828,
				0.349092
			],
			[
				-0.507828,
				0.350686
			],
			[
				-0.506828,
				0.352263
			],
			[
				-0.5058279999999999,
				0.353824
			],
			[
				-0.5048279999999999,
				0.35537
			],
			[
				-0.5038279999999999,
				0.356902
			],
			[
				-0.5028279999999999,
				0.35842
			],
			[
				-0.5018279999999999,
				0.359927
			],
			[
				-0.5008279999999999,
				0.361422
			],
			[
				-0.499828,
				0.362908
			],
			[
				-0.498828,
				0.364383
			],
			[
				-0.497828,
				0.365851
			],
			[
				-0.496828,
				0.367311
			],
			[
				-0.495828,
				0.368763
			],
			[
				-0.494828,
				0.370207
			],
			[
				-0.493828,
				0.371645
			],
			[
				-0.492828,
				0.373075
			],
			[
				-0.491828,
				0.374498
			],
			[
				-0.490828,
				0.375915
			],
			[
				-0.489828,
				0.377325
			],
			[
				-0.488828,
				0.37873
			],
			[
				-0.487828,
				0.380128
			],
			[
				-0.486828,
				0.381521
			],
			[
				-0.485828,
				0.382908
			],
			[
				-0.484828,
				0.384291
			],
			[
				-0.483828,
				0.385668
			],
			[
				-0.482828,
				0.387041
			],
			[
				-0.481828,
				0.388409
			],
			[
				-0.480828,
				0.389773
			],
			[
				-0.479828,
				0.391133
			],
			[
				-0.478828,
				0.392489
			],
			[
				-0.477828,
				0.393842
			],
			[
				-0.476828,
				0.395192
			],
			[
				-0.475828,
				0.396539
			],
			[
				-0.474828,
				0.397882
			],
			[
				-0.47382799999999997,
				0.399224
			],
			[
				-0.47282799999999997,
				0.400563
			],
			[
				-0.47182799999999997,
				0.4019
			],
			[
				-0.47082799999999997,
				0.403235
			],
			[
				-0.46982799999999997,
				0.404569
			],
			[
				-0.46882799999999997,
				0.405901
			],
			[
				-0.46782799999999997,
				0.407232
			],
			[
				-0.46682799999999997,
				0.408562
			],
			[
				-0.46582799999999996,
				0.409892
			],
			[
				-0.46482799999999996,
				0.411222
			],
			[
				-0.46382799999999996,
				0.412551
			],
			[
				-0.46282799999999996,
				0.41388
			],
			[
				-0.46182799999999996,
				0.41521
			],
			[
				-0.46082799999999996,
				0.41654
			],
			[
				-0.45982799999999996,
				0.417871
			],
			[
				-0.45,
				0.431048
			],
			[
				-0.44,
				0.444659
			],
			[
				-0.43,
				0.458281
			],
			[
				-0.42,
				0.471902
			],
			[
				-0.41,
				0.485523
			],
			[
				-0.4,
				0.499145
			],
			[
				-0.39,
				0.512766
			],
			[
				-0.38,
				0.526387
			],
			[
				-0.37,
				0.540009
			],
			[
				-0.36,
				0.55363
			],
			[
				-0.35,
				0.567252
			],
			[
				-0.34,
				0.580873
			],
			[
				-0.33,
				0.594494
			],
			[
				-0.32,
				0.608116
			],
			[
				-0.31,
				0.621737
			],
			[
				-0.3,
				0.635358
			],
			[
				-0.29,
				0.64898
			],
			[
				-0.28,
				0.662601
			],
			[
				-0.27,
				0.676223
			],
			[
				-0.26,
				0.689844
			],
			[
				-0.25,
				0.703465
			],
			[
				-0.24,
				0.717087
			],
			[
				-0.23,
				0.730708
			],
			[
				-0.22,
				0.74433
			],
			[
				-0.21,
				0.757951
			],
			[
				-0.2,
				0.771572
			],
			[
				-0.19,
				0.785194
			],
			[
				-0.18,
				0.798815
			],
			[
				-0.17,
				0.812436
			],
			[
				-0.16,
				0.826058
			],
			[
				-0.15,
				0.839679
			],
			[
				-0.14,
				0.853301
			],
			[
				-0.13,
				0.866922
			],
			[
				-0.12,
				0.880543
			],
			[
				-0.11,
				0.894165
			],
			[
				-0.1,
				0.907786
			],
			[
				-0.09,
				0.921408
			],
			[
				-0.08,
				0.935029
			],
			[
				-0.07,
				0.94865
			],
			[
				-0.06,
				0.962272
			],
			[
				-0.05,
				0.975893
			],
			[
				-0.04,
				0.989514
			],
			[
				-0.03,
				1.00314
			],
			[
				-0.02,
				1.01676
			],
			[
				-0.01,
				1.03038
			],
			[
				0.0,
				1.044
			]
		]
	}
}
