{
	"ID": 268,
	"name": "VACODYM_837TP_60C",
	"conductivity": 0.0,
	"relPermeability": 0.0,
	"remanence": "no information",
	"linear": false,
	"BHCurve": {
		"default": [
			[
				-0.988675,
				0.0
			],
			[
				-0.988557,
				0.000256439
			],
			[
				-0.987557,
				0.00238769
			],
			[
				-0.986557,
				0.00447624
			],
			[
				-0.985557,
				0.00652539
			],
			[
				-0.984557,
				0.00853843
			],
			[
				-0.983557,
				0.0105186
			],
			[
				-0.982557,
				0.0124693
			],
			[
				-0.981557,
				0.0143938
			],
			[
				-0.980557,
				0.0162953
			],
			[
				-0.979557,
				0.0181772
			],
			[
				-0.978557,
				0.0200427
			],
			[
				-0.977557,
				0.0218938
			],
			[
				-0.976557,
				0.0237205
			],
			[
				-0.975557,
				0.0255209
			],
			[
				-0.974557,
				0.0272965
			],
			[
				-0.973557,
				0.0290487
			],
			[
				-0.972557,
				0.0307789
			],
			[
				-0.971557,
				0.0324886
			],
			[
				-0.970557,
				0.0341791
			],
			[
				-0.969557,
				0.035852
			],
			[
				-0.968557,
				0.0375087
			],
			[
				-0.967557,
				0.0391505
			],
			[
				-0.966557,
				0.0407789
			],
			[
				-0.965557,
				0.0423954
			],
			[
				-0.964557,
				0.0440014
			],
			[
				-0.963557,
				0.0455982
			],
			[
				-0.962557,
				0.0471874
			],
			[
				-0.961557,
				0.0487704
			],
			[
				-0.960557,
				0.0503485
			],
			[
				-0.959557,
				0.0519233
			],
			[
				-0.958557,
				0.0534947
			],
			[
				-0.957557,
				0.0550565
			],
			[
				-0.956557,
				0.0566082
			],
			[
				-0.955557,
				0.0581498
			],
			[
				-0.954557,
				0.0596817
			],
			[
				-0.953557,
				0.0612041
			],
			[
				-0.952557,
				0.0627171
			],
			[
				-0.951557,
				0.0642211
			],
			[
				-0.950557,
				0.0657161
			],
			[
				-0.949557,
				0.0672026
			],
			[
				-0.948557,
				0.0686806
			],
			[
				-0.947557,
				0.0701503
			],
			[
				-0.946557,
				0.0716121
			],
			[
				-0.945557,
				0.0730662
			],
			[
				-0.944557,
				0.0745127
			],
			[
				-0.943557,
				0.0759518
			],
			[
				-0.942557,
				0.0773839
			],
			[
				-0.941557,
				0.0788091
			],
			[
				-0.940557,
				0.0802277
			],
			[
				-0.939557,
				0.0816403
			],
			[
				-0.938557,
				0.0830487
			],
			[
				-0.937557,
				0.0844528
			],
			[
				-0.936557,
				0.0858528
			],
			[
				-0.935557,
				0.0872487
			],
			[
				-0.934557,
				0.0886407
			],
			[
				-0.933557,
				0.0900287
			],
			[
				-0.932557,
				0.0914129
			],
			[
				-0.931557,
				0.0927933
			],
			[
				-0.930557,
				0.09417
			],
			[
				-0.929557,
				0.0955431
			],
			[
				-0.928557,
				0.0969126
			],
			[
				-0.927557,
				0.0982785
			],
			[
				-0.926557,
				0.0996411
			],
			[
				-0.925557,
				0.101
			],
			[
				-0.924557,
				0.102356
			],
			[
				-0.923557,
				0.103709
			],
			[
				-0.9225570000000001,
				0.105058
			],
			[
				-0.9215570000000001,
				0.106405
			],
			[
				-0.9205570000000001,
				0.107748
			],
			[
				-0.9195570000000001,
				0.109088
			],
			[
				-0.9185570000000001,
				0.110426
			],
			[
				-0.9175570000000001,
				0.111761
			],
			[
				-0.9165570000000001,
				0.113093
			],
			[
				-0.9155570000000001,
				0.114422
			],
			[
				-0.9145570000000001,
				0.115749
			],
			[
				-0.9135570000000001,
				0.117073
			],
			[
				-0.9125570000000001,
				0.118394
			],
			[
				-0.9115570000000001,
				0.119714
			],
			[
				-0.9105570000000001,
				0.121031
			],
			[
				-0.9095570000000001,
				0.122345
			],
			[
				-0.9085570000000001,
				0.123658
			],
			[
				-0.9075570000000001,
				0.124968
			],
			[
				-0.9065570000000001,
				0.126276
			],
			[
				-0.9055570000000001,
				0.127583
			],
			[
				-0.904557,
				0.128887
			],
			[
				-0.903557,
				0.130189
			],
			[
				-0.902557,
				0.13149
			],
			[
				-0.901557,
				0.132789
			],
			[
				-0.900557,
				0.134086
			],
			[
				-0.899557,
				0.135382
			],
			[
				-0.898557,
				0.136676
			],
			[
				-0.897557,
				0.137969
			],
			[
				-0.896557,
				0.139261
			],
			[
				-0.895557,
				0.140551
			],
			[
				-0.894557,
				0.14184
			],
			[
				-0.893557,
				0.143127
			],
			[
				-0.892557,
				0.144414
			],
			[
				-0.891557,
				0.1457
			],
			[
				-0.890557,
				0.146984
			],
			[
				-0.889557,
				0.148268
			],
			[
				-0.888557,
				0.149551
			],
			[
				-0.887557,
				0.150833
			],
			[
				-0.886557,
				0.152115
			],
			[
				-0.885557,
				0.153396
			],
			[
				-0.884557,
				0.154676
			],
			[
				-0.883557,
				0.155956
			],
			[
				-0.882557,
				0.157235
			],
			[
				-0.881557,
				0.158514
			],
			[
				-0.880557,
				0.159793
			],
			[
				-0.879557,
				0.161072
			],
			[
				-0.878557,
				0.16235
			],
			[
				-0.877557,
				0.163629
			],
			[
				-0.876557,
				0.164907
			],
			[
				-0.875557,
				0.166186
			],
			[
				-0.874557,
				0.167464
			],
			[
				-0.873557,
				0.168743
			],
			[
				-0.872557,
				0.170022
			],
			[
				-0.871557,
				0.171302
			],
			[
				-0.870557,
				0.172582
			],
			[
				-0.869557,
				0.173862
			],
			[
				-0.868557,
				0.175143
			],
			[
				-0.867557,
				0.176425
			],
			[
				-0.866557,
				0.177707
			],
			[
				-0.865557,
				0.17899
			],
			[
				-0.864557,
				0.180274
			],
			[
				-0.863557,
				0.181558
			],
			[
				-0.862557,
				0.182844
			],
			[
				-0.861557,
				0.184131
			],
			[
				-0.860557,
				0.185419
			],
			[
				-0.859557,
				0.186708
			],
			[
				-0.858557,
				0.187998
			],
			[
				-0.857557,
				0.189289
			],
			[
				-0.856557,
				0.190582
			],
			[
				-0.855557,
				0.191877
			],
			[
				-0.854557,
				0.193173
			],
			[
				-0.853557,
				0.19447
			],
			[
				-0.852557,
				0.195769
			],
			[
				-0.851557,
				0.19707
			],
			[
				-0.850557,
				0.198373
			],
			[
				-0.849557,
				0.199677
			],
			[
				-0.848557,
				0.200984
			],
			[
				-0.847557,
				0.202292
			],
			[
				-0.846557,
				0.203603
			],
			[
				-0.845557,
				0.204915
			],
			[
				-0.844557,
				0.206227
			],
			[
				-0.843557,
				0.207539
			],
			[
				-0.842557,
				0.208851
			],
			[
				-0.841557,
				0.210163
			],
			[
				-0.840557,
				0.211476
			],
			[
				-0.839557,
				0.212788
			],
			[
				-0.838557,
				0.2141
			],
			[
				-0.837557,
				0.215412
			],
			[
				-0.836557,
				0.216724
			],
			[
				-0.835557,
				0.218037
			],
			[
				-0.834557,
				0.219349
			],
			[
				-0.833557,
				0.220661
			],
			[
				-0.832557,
				0.221973
			],
			[
				-0.831557,
				0.223285
			],
			[
				-0.83,
				0.225329
			],
			[
				-0.82,
				0.238451
			],
			[
				-0.81,
				0.251573
			],
			[
				-0.8,
				0.264695
			],
			[
				-0.79,
				0.277817
			],
			[
				-0.78,
				0.290939
			],
			[
				-0.77,
				0.304061
			],
			[
				-0.76,
				0.317183
			],
			[
				-0.75,
				0.330305
			],
			[
				-0.74,
				0.343427
			],
			[
				-0.73,
				0.356549
			],
			[
				-0.72,
				0.369671
			],
			[
				-0.71,
				0.382793
			],
			[
				-0.7,
				0.395915
			],
			[
				-0.69,
				0.409037
			],
			[
				-0.68,
				0.422159
			],
			[
				-0.67,
				0.435281
			],
			[
				-0.66,
				0.448403
			],
			[
				-0.65,
				0.461525
			],
			[
				-0.64,
				0.474647
			],
			[
				-0.63,
				0.487769
			],
			[
				-0.62,
				0.500891
			],
			[
				-0.61,
				0.514013
			],
			[
				-0.6,
				0.527135
			],
			[
				-0.59,
				0.540257
			],
			[
				-0.58,
				0.553379
			],
			[
				-0.57,
				0.566501
			],
			[
				-0.56,
				0.579623
			],
			[
				-0.55,
				0.592745
			],
			[
				-0.54,
				0.605867
			],
			[
				-0.53,
				0.618989
			],
			[
				-0.52,
				0.632111
			],
			[
				-0.51,
				0.645233
			],
			[
				-0.5,
				0.658355
			],
			[
				-0.49,
				0.671477
			],
			[
				-0.48,
				0.684599
			],
			[
				-0.47,
				0.697721
			],
			[
				-0.46,
				0.710843
			],
			[
				-0.45,
				0.723965
			],
			[
				-0.44,
				0.737087
			],
			[
