{
	"ID": 176,
	"name": "VACODYM_677AP_60C",
	"conductivity": 0.0,
	"relPermeability": 0.0,
	"remanence": "no information",
	"linear": false,
	"BHCurve": {
		"default": [
			[
				-0.827361,
				0.0
			],
			[
				-0.82,
				0.00975129
			],
			[
				-0.81,
				0.0229991
			],
			[
				-0.8,
				0.0362469
			],
			[
				-0.79,
				0.0494947
			],
			[
				-0.78,
				0.0627425
			],
			[
				-0.77,
				0.0759903
			],
			[
				-0.76,
				0.0892381
			],
			[
				-0.75,
				0.102486
			],
			[
				-0.74,
				0.115734
			],
			[
				-0.73,
				0.128981
			],
			[
				-0.72,
				0.142229
			],
			[
				-0.71,
				0.155477
			],
			[
				-0.7,
				0.168725
			],
			[
				-0.69,
				0.181973
			],
			[
				-0.68,
				0.19522
			],
			[
				-0.67,
				0.208468
			],
			[
				-0.66,
				0.221716
			],
			[
				-0.65,
				0.234964
			],
			[
				-0.64,
				0.248212
			],
			[
				-0.63,
				0.261459
			],
			[
				-0.62,
				0.274707
			],
			[
				-0.61,
				0.287955
			],
			[
				-0.6,
				0.301203
			],
			[
				-0.59,
				0.314451
			],
			[
				-0.58,
				0.327698
			],
			[
				-0.57,
				0.340946
			],
			[
				-0.56,
				0.354194
			],
			[
				-0.55,
				0.367442
			],
			[
				-0.54,
				0.38069
			],
			[
				-0.53,
				0.393937
			],
			[
				-0.52,
				0.407185
			],
			[
				-0.51,
				0.420433
			],
			[
				-0.5,
				0.433681
			],
			[
				-0.49,
				0.446929
			],
			[
				-0.48,
				0.460176
			],
			[
				-0.47,
				0.473424
			],
			[
				-0.46,
				0.486672
			],
			[
				-0.45,
				0.49992
			],
			[
				-0.44,
				0.513168
			],
			[
				-0.43,
				0.526415
			],
			[
				-0.42,
				0.539663
			],
			[
				-0.41,
				0.552911
			],
			[
				-0.4,
				0.566159
			],
			[
				-0.39,
				0.579407
			],
			[
				-0.38,
				0.592654
			],
			[
				-0.37,
				0.605902
			],
			[
				-0.36,
				0.61915
			],
			[
				-0.35,
				0.632398
			],
			[
				-0.34,
				0.645646
			],
			[
				-0.33,
				0.658893
			],
			[
				-0.32,
				0.672141
			],
			[
				-0.31,
				0.685389
			],
			[
				-0.3,
				0.698637
			],
			[
				-0.29,
				0.711885
			],
			[
				-0.28,
				0.725132
			],
			[
				-0.27,
				0.73838
			],
			[
				-0.26,
				0.751628
			],
			[
				-0.25,
				0.764876
			],
			[
				-0.24,
				0.778124
			],
			[
				-0.23,
				0.791371
			],
			[
				-0.22,
				0.804619
			],
			[
				-0.21,
				0.817867
			],
			[
				-0.2,
				0.831115
			],
			[
				-0.19,
				0.844363
			],
			[
				-0.18,
				0.85761
			],
			[
				-0.17,
				0.870858
			],
			[
				-0.16,
				0.884106
			],
			[
				-0.15,
				0.897354
			],
			[
				-0.14,
				0.910602
			],
			[
				-0.13,
				0.923849
			],
			[
				-0.12,
				0.937097
			],
			[
				-0.11,
				0.950345
			],
			[
				-0.1,
				0.963593
			],
			[
				-0.09,
				0.976841
			],
			[
				-0.08,
				0.990088
			],
			[
				-0.07,
				1.00334
			],
			[
				-0.06,
				1.01658
			],
			[
				-0.05,
				1.02983
			],
			[
				-0.04,
				1.04308
			],
			[
				-0.03,
				1.05633
			],
			[
				-0.02,
				1.06958
			],
			[
				-0.01,
				1.08282
			],
			[
				0.0,
				1.09607
			]
		]
	}
}
