{
	"ID": 317,
	"name": "VACODYM_872AP_180C",
	"conductivity": 0.0,
	"relPermeability": 0.0,
	"remanence": "no information",
	"linear": false,
	"BHCurve": {
		"default": [
			[
				-0.671471,
				0.0
			],
			[
				-0.670901,
				0.0022161
			],
			[
				-0.669901,
				0.00596664
			],
			[
				-0.668901,
				0.00950468
			],
			[
				-0.667901,
				0.0128712
			],
			[
				-0.666901,
				0.016107
			],
			[
				-0.665901,
				0.0192532
			],
			[
				-0.664901,
				0.0223507
			],
			[
				-0.663901,
				0.0254284
			],
			[
				-0.662901,
				0.0284661
			],
			[
				-0.661901,
				0.0314397
			],
			[
				-0.660901,
				0.0343255
			],
			[
				-0.659901,
				0.0370998
			],
			[
				-0.658901,
				0.039739
			],
			[
				-0.657901,
				0.0422301
			],
			[
				-0.656901,
				0.0446336
			],
			[
				-0.655901,
				0.0469672
			],
			[
				-0.654901,
				0.0492359
			],
			[
				-0.653901,
				0.0514445
			],
			[
				-0.652901,
				0.053598
			],
			[
				-0.651901,
				0.0557014
			],
			[
				-0.650901,
				0.0577595
			],
			[
				-0.649901,
				0.0597774
			],
			[
				-0.648901,
				0.0617599
			],
			[
				-0.647901,
				0.0637121
			],
			[
				-0.646901,
				0.0656388
			],
			[
				-0.645901,
				0.0675449
			],
			[
				-0.644901,
				0.0694274
			],
			[
				-0.643901,
				0.071276
			],
			[
				-0.642901,
				0.0730925
			],
			[
				-0.6419009999999999,
				0.0748793
			],
			[
				-0.6409009999999999,
				0.0766383
			],
			[
				-0.6399009999999999,
				0.0783719
			],
			[
				-0.6389009999999999,
				0.0800822
			],
			[
				-0.6379009999999999,
				0.0817713
			],
			[
				-0.6369009999999999,
				0.0834414
			],
			[
				-0.6359009999999999,
				0.0850947
			],
			[
				-0.6349009999999999,
				0.0867333
			],
			[
				-0.6339009999999999,
				0.0883594
			],
			[
				-0.6329009999999999,
				0.0899752
			],
			[
				-0.6319009999999999,
				0.0915828
			],
			[
				-0.6309009999999999,
				0.0931843
			],
			[
				-0.6299009999999999,
				0.094782
			],
			[
				-0.6289009999999999,
				0.0963689
			],
			[
				-0.6279009999999999,
				0.0979403
			],
			[
				-0.6269009999999999,
				0.0994972
			],
			[
				-0.6259009999999999,
				0.10104
			],
			[
				-0.6249009999999999,
				0.102571
			],
			[
				-0.6239009999999999,
				0.104089
			],
			[
				-0.6229009999999999,
				0.105597
			],
			[
				-0.6219009999999999,
				0.107094
			],
			[
				-0.6209009999999999,
				0.108582
			],
			[
				-0.6199009999999999,
				0.110062
			],
			[
				-0.6189009999999999,
				0.111535
			],
			[
				-0.6179009999999999,
				0.113002
			],
			[
				-0.6169009999999999,
				0.114462
			],
			[
				-0.6159009999999999,
				0.115919
			],
			[
				-0.6149009999999999,
				0.117371
			],
			[
				-0.6139009999999999,
				0.118821
			],
			[
				-0.6129009999999999,
				0.120266
			],
			[
				-0.6119009999999999,
				0.121706
			],
			[
				-0.6109009999999999,
				0.123142
			],
			[
				-0.6099009999999999,
				0.124574
			],
			[
				-0.6089009999999999,
				0.126001
			],
			[
				-0.6079009999999999,
				0.127424
			],
			[
				-0.6069009999999999,
				0.128843
			],
			[
				-0.6059009999999999,
				0.130258
			],
			[
				-0.6049009999999999,
				0.131669
			],
			[
				-0.6039009999999999,
				0.133076
			],
			[
				-0.6029009999999999,
				0.134479
			],
			[
				-0.6019009999999999,
				0.135879
			],
			[
				-0.6009009999999999,
				0.137276
			],
			[
				-0.5999009999999999,
				0.138669
			],
			[
				-0.5989009999999999,
				0.14006
			],
			[
				-0.5979009999999999,
				0.141447
			],
			[
				-0.5969009999999999,
				0.142831
			],
			[
				-0.5959009999999999,
				0.144212
			],
			[
				-0.5949009999999999,
				0.145591
			],
			[
				-0.5939009999999999,
				0.146967
			],
			[
				-0.5929009999999999,
				0.148341
			],
			[
				-0.5919009999999999,
				0.149712
			],
			[
				-0.5909009999999999,
				0.151081
			],
			[
				-0.589901,
				0.152448
			],
			[
				-0.588901,
				0.153814
			],
			[
				-0.587901,
				0.155177
			],
			[
				-0.586901,
				0.156538
			],
			[
				-0.585901,
				0.157898
			],
			[
				-0.584901,
				0.159256
			],
			[
				-0.583901,
				0.160613
			],
			[
				-0.582901,
				0.161969
			],
			[
				-0.581901,
				0.163324
			],
			[
				-0.580901,
				0.164677
			],
			[
				-0.579901,
				0.16603
			],
			[
				-0.578901,
				0.167382
			],
			[
				-0.577901,
				0.168733
			],
			[
				-0.576901,
				0.170084
			],
			[
				-0.575901,
				0.171434
			],
			[
				-0.574901,
				0.172784
			],
			[
				-0.573901,
				0.174134
			],
			[
				-0.572901,
				0.175483
			],
			[
				-0.571901,
				0.176833
			],
			[
				-0.570901,
				0.178183
			],
			[
				-0.569901,
				0.179533
			],
			[
				-0.568901,
				0.180884
			],
			[
				-0.567901,
				0.182235
			],
			[
				-0.566901,
				0.183587
			],
			[
				-0.565901,
				0.184939
			],
			[
				-0.564901,
				0.186293
			],
			[
				-0.563901,
				0.187647
			],
			[
				-0.562901,
				0.189002
			],
			[
				-0.561901,
				0.190359
			],
			[
				-0.560901,
				0.191717
			],
			[
				-0.56,
				0.192942
			],
			[
				-0.55,
				0.206633
			],
			[
				-0.54,
				0.220379
			],
			[
				-0.53,
				0.234125
			],
			[
				-0.52,
				0.247871
			],
			[
				-0.51,
				0.261616
			],
			[
				-0.5,
				0.275362
			],
			[
				-0.49,
				0.289108
			],
			[
				-0.48,
				0.302854
			],
			[
				-0.47,
				0.3166
			],
			[
				-0.46,
				0.330346
			],
			[
				-0.45,
				0.344092
			],
			[
				-0.44,
				0.357838
			],
			[
				-0.43,
				0.371584
			],
			[
				-0.42,
				0.38533
			],
			[
				-0.41,
				0.399076
			],
			[
				-0.4,
				0.412822
			],
			[
				-0.39,
				0.426567
			],
			[
				-0.38,
				0.440313
			],
			[
				-0.37,
				0.454059
			],
			[
				-0.36,
				0.467805
			],
			[
				-0.35,
				0.481551
			],
			[
				-0.34,
				0.495297
			],
			[
				-0.33,
				0.509043
			],
			[
				-0.32,
				0.522789
			],
			[
				-0.31,
				0.536535
			],
			[
				-0.3,
				0.550281
			],
			[
				-0.29,
				0.564027
			],
			[
				-0.28,
				0.577772
			],
			[
				-0.27,
				0.591518
			],
			[
				-0.26,
				0.605264
			],
			[
				-0.25,
				0.61901
			],
			[
				-0.24,
				0.632756
			],
			[
				-0.23,
				0.646502
			],
			[
				-0.22,
				0.660248
			],
			[
				-0.21,
				0.673994
			],
			[
				-0.2,
				0.68774
			],
			[
				-0.19,
				0.701486
			],
			[
				-0.18,
				0.715232
			],
			[
				-0.17,
				0.728977
			],
			[
				-0.16,
				0.742723
			],
			[
				-0.15,
				0.756469
			],
			[
				-0.14,
				0.770215
			],
			[
				-0.13,
				0.783961
			],
			[
				-0.12,
				0.797707
			],
			[
				-0.11,
				0.811453
			],
			[
				-0.1,
				0.825199
			],
			[
				-0.09,
				0.838945
			],
			[
				-0.08,
				0.852691
			],
			[
				-0.07,
				0.866437
			],
			[
				-0.06,
				0.880183
			],
			[
				-0.05,
				0.893928
			],
			[
				-0.04,
				0.907674
			],
			[
				-0.03,
				0.92142
			],
			[
				-0.02,
				0.935166
			],
			[
				-0.01,
				0.948912
			],
			[
				0.0,
				0.962658
			]
		]
	}
}
