{
	"ID": 215,
	"name": "VACODYM_764TP_80C",
	"conductivity": 0.0,
	"relPermeability": 0.0,
	"remanence": "no information",
	"linear": false,
	"BHCurve": {
		"default": [
			[
				-0.7795650000000001,
				0.0
			],
			[
				-0.778867,
				0.0346636
			],
			[
				-0.777867,
				0.087234
			],
			[
				-0.776867,
				0.146261
			],
			[
				-0.775867,
				0.179429
			],
			[
				-0.774867,
				0.19061
			],
			[
				-0.773867,
				0.197994
			],
			[
				-0.772867,
				0.203613
			],
			[
				-0.771867,
				0.208913
			],
			[
				-0.770867,
				0.213371
			],
			[
				-0.769867,
				0.217281
			],
			[
				-0.768867,
				0.221019
			],
			[
				-0.767867,
				0.224614
			],
			[
				-0.766867,
				0.228026
			],
			[
				-0.765867,
				0.231288
			],
			[
				-0.764867,
				0.234433
			],
			[
				-0.763867,
				0.237495
			],
			[
				-0.762867,
				0.240506
			],
			[
				-0.761867,
				0.243496
			],
			[
				-0.760867,
				0.246462
			],
			[
				-0.759867,
				0.249381
			],
			[
				-0.758867,
				0.252235
			],
			[
				-0.757867,
				0.255006
			],
			[
				-0.756867,
				0.257675
			],
			[
				-0.755867,
				0.260222
			],
			[
				-0.754867,
				0.262642
			],
			[
				-0.753867,
				0.264988
			],
			[
				-0.752867,
				0.267273
			],
			[
				-0.751867,
				0.2695
			],
			[
				-0.750867,
				0.271673
			],
			[
				-0.749867,
				0.273797
			],
			[
				-0.748867,
				0.275875
			],
			[
				-0.747867,
				0.277912
			],
			[
				-0.746867,
				0.279912
			],
			[
				-0.745867,
				0.281878
			],
			[
				-0.744867,
				0.283815
			],
			[
				-0.743867,
				0.285727
			],
			[
				-0.7428669999999999,
				0.287617
			],
			[
				-0.7418669999999999,
				0.28949
			],
			[
				-0.7408669999999999,
				0.291343
			],
			[
				-0.7398669999999999,
				0.293166
			],
			[
				-0.7388669999999999,
				0.294961
			],
			[
				-0.7378669999999999,
				0.296729
			],
			[
				-0.7368669999999999,
				0.298472
			],
			[
				-0.7358669999999999,
				0.300192
			],
			[
				-0.7348669999999999,
				0.301891
			],
			[
				-0.7338669999999999,
				0.30357
			],
			[
				-0.7328669999999999,
				0.305232
			],
			[
				-0.7318669999999999,
				0.306877
			],
			[
				-0.7308669999999999,
				0.308507
			],
			[
				-0.7298669999999999,
				0.310126
			],
			[
				-0.7288669999999999,
				0.311733
			],
			[
				-0.7278669999999999,
				0.313331
			],
			[
				-0.7268669999999999,
				0.314922
			],
			[
				-0.7258669999999999,
				0.316507
			],
			[
				-0.7248669999999999,
				0.318088
			],
			[
				-0.7238669999999999,
				0.319665
			],
			[
				-0.7228669999999999,
				0.321231
			],
			[
				-0.7218669999999999,
				0.322785
			],
			[
				-0.7208669999999999,
				0.324328
			],
			[
				-0.7198669999999999,
				0.32586
			],
			[
				-0.7188669999999999,
				0.327382
			],
			[
				-0.7178669999999999,
				0.328893
			],
			[
				-0.7168669999999999,
				0.330394
			],
			[
				-0.7158669999999999,
				0.331886
			],
			[
				-0.7148669999999999,
				0.333368
			],
			[
				-0.7138669999999999,
				0.334841
			],
			[
				-0.7128669999999999,
				0.336306
			],
			[
				-0.7118669999999999,
				0.337762
			],
			[
				-0.7108669999999999,
				0.33921
			],
			[
				-0.7098669999999999,
				0.34065
			],
			[
				-0.7088669999999999,
				0.342082
			],
			[
				-0.7078669999999999,
				0.343507
			],
			[
				-0.7068669999999999,
				0.344926
			],
			[
				-0.7058669999999999,
				0.346339
			],
			[
				-0.7048669999999999,
				0.347746
			],
			[
				-0.7038669999999999,
				0.349148
			],
			[
				-0.7028669999999999,
				0.350545
			],
			[
				-0.7018669999999999,
				0.351937
			],
			[
				-0.7008669999999999,
				0.353324
			],
			[
				-0.699867,
				0.354707
			],
			[
				-0.698867,
				0.356085
			],
			[
				-0.697867,
				0.357458
			],
			[
				-0.696867,
				0.358827
			],
			[
				-0.695867,
				0.360191
			],
			[
				-0.694867,
				0.361551
			],
			[
				-0.693867,
				0.362908
			],
			[
				-0.692867,
				0.36426
			],
			[
				-0.691867,
				0.365609
			],
			[
				-0.690867,
				0.366953
			],
			[
				-0.689867,
				0.368295
			],
			[
				-0.688867,
				0.369632
			],
			[
				-0.687867,
				0.370967
			],
			[
				-0.686867,
				0.372298
			],
			[
				-0.685867,
				0.373626
			],
			[
				-0.684867,
				0.374951
			],
			[
				-0.683867,
				0.376273
			],
			[
				-0.682867,
				0.377592
			],
			[
				-0.681867,
				0.378909
			],
			[
				-0.680867,
				0.380223
			],
			[
				-0.679867,
				0.381535
			],
			[
				-0.678867,
				0.382844
			],
			[
				-0.677867,
				0.384151
			],
			[
				-0.676867,
				0.385456
			],
			[
				-0.675867,
				0.38676
			],
			[
				-0.674867,
				0.388061
			],
			[
				-0.673867,
				0.389361
			],
			[
				-0.672867,
				0.390659
			],
			[
				-0.671867,
				0.391955
			],
			[
				-0.670867,
				0.39325
			],
			[
				-0.669867,
				0.394544
			],
			[
				-0.668867,
				0.395837
			],
			[
				-0.667867,
				0.397129
			],
			[
				-0.666867,
				0.39842
			],
			[
				-0.665867,
				0.39971
			],
			[
				-0.664867,
				0.400999
			],
			[
				-0.663867,
				0.402288
			],
			[
				-0.662867,
				0.403577
			],
			[
				-0.661867,
				0.404865
			],
			[
				-0.660867,
				0.406153
			],
			[
				-0.659867,
				0.407441
			],
			[
				-0.658867,
				0.408729
			],
			[
				-0.657867,
				0.410017
			],
			[
				-0.656867,
				0.411305
			],
			[
				-0.655867,
				0.412594
			],
			[
				-0.654867,
				0.413883
			],
			[
				-0.653867,
				0.415173
			],
			[
				-0.652867,
				0.416464
			],
			[
				-0.651867,
				0.417756
			],
			[
				-0.650867,
				0.419048
			],
			[
				-0.649867,
				0.420342
			],
			[
				-0.648867,
				0.421637
			],
			[
				-0.647867,
				0.422933
			],
			[
				-0.646867,
				0.42423
			],
			[
				-0.645867,
				0.425529
			],
			[
				-0.644867,
				0.42683
			],
			[
				-0.643867,
				0.428133
			],
			[
				-0.642867,
				0.429437
			],
			[
				-0.641867,
				0.430744
			],
			[
				-0.640867,
				0.432053
			],
			[
				-0.639867,
				0.433364
			],
			[
				-0.63,
				0.446379
			],
			[
				-0.62,
				0.459584
			],
			[
				-0.61,
				0.472789
			],
			[
				-0.6,
				0.485994
			],
			[
				-0.59,
				0.4992
			],
			[
				-0.58,
				0.512405
			],
			[
				-0.57,
				0.52561
			],
			[
				-0.56,
				0.538815
			],
			[
				-0.55,
				0.55202
			],
			[
				-0.54,
				0.565225
			],
			[
				-0.53,
				0.57843
			],
			[
				-0.52,
				0.591635
			],
			[
				-0.51,
				0.60484
			],
			[
				-0.5,
				0.618045
			],
			[
				-0.49,
				0.63125
			],
			[
				-0.48,
				0.644455
			],
			[
				-0.47,
				0.65766
			],
			[
				-0.46,
				0.670865
			],
			[
				-0.45,
				0.68407
			],
			[
				-0.44,
				0.697275
			],
			[
				-0.43,
				0.71048
			],
			[
				-0.42,
				0.723685
			],
			[
				-0.41,
				0.73689
			],
			[
				-0.4,
				0.750095
			],
			[
				-0.39,
				0.7633
			],
			[
				-0.38,
				0.776505
			],
			[
				-0.37,
				0.78971
			],
			[
				-0.36,
				0.802915
			],
			[
				-0.35,
				0.81612
			],
			[
				-0.34,
				0.829325
			],
			[
				-0.33,
				0.84253
			],
			[
				-0.32,
				0.855735
			],
			[
				-0.31,
				0.86894
			],
			[
				-0.3,
				0.882145
			],
			[
				-0.29,
				0.89535
			],
			[
				-0.28,
				0.908555
			],
			[
				-0.27,
				0.921761
			],
			[
				-0.26,
				0.934966
			],
			[
				-0.25,
				0.948171
			],
			[
				-0.24,
				0.961376
			],
			[
				-0.23,
				0.974581
			],
			[
				-0.22,
				0.987786
			],
			[
				-0.21,
				1.00099
			],
			[
				-0.2,
				1.0142
			],
			[
				-0.19,
				1.0274
			],
			[
				-0.18,
				1.04061
			],
			[
				-0.17,
				1.05381
			],
			[
				-0.16,
				1.06702
			],
			[
				-0.15,
				1.08022
			],
			[
				-0.14,
				1.09343
			],
			[
				-0.13,
				1.10663
			],
			[
				-0.12,
				1.11984
			],
			[
				-0.11,
				1.13304
			],
			[
				-0.1,
				1.14625
			],
			[
				-0.09,
				1.15945
			],
			[
				-0.08,
