{
	"ID": 183,
	"name": "VACODYM_677TP_210C",
	"conductivity": 0.0,
	"relPermeability": 1.0,
	"remanence": 0.0,
	"linear": false,
	"BHCurve": {
		"default": [
			[
				-0.404289,
				0.0
			],
			[
				-0.404163,
				0.00452783
			],
			[
				-0.403163,
				0.0404636
			],
			[
				-0.402163,
				0.0763993
			],
			[
				-0.401163,
				0.112335
			],
			[
				-0.400163,
				0.148271
			],
			[
				-0.399163,
				0.184207
			],
			[
				-0.398163,
				0.220142
			],
			[
				-0.397163,
				0.256779
			],
			[
				-0.396163,
				0.297989
			],
			[
				-0.395163,
				0.32898
			],
			[
				-0.394163,
				0.343673
			],
			[
				-0.393163,
				0.353246
			],
			[
				-0.392163,
				0.359903
			],
			[
				-0.39116300000000004,
				0.365205
			],
			[
				-0.39016300000000004,
				0.370053
			],
			[
				-0.38916300000000004,
				0.374463
			],
			[
				-0.38816300000000004,
				0.378595
			],
			[
				-0.38716300000000003,
				0.382608
			],
			[
				-0.38616300000000003,
				0.386538
			],
			[
				-0.38516300000000003,
				0.390283
			],
			[
				-0.38416300000000003,
				0.393737
			],
			[
				-0.38316300000000003,
				0.396834
			],
			[
				-0.38216300000000003,
				0.399731
			],
			[
				-0.38116300000000003,
				0.402475
			],
			[
				-0.38016300000000003,
				0.405083
			],
			[
				-0.37916300000000003,
				0.407572
			],
			[
				-0.378163,
				0.40996
			],
			[
				-0.377163,
				0.412264
			],
			[
				-0.376163,
				0.414503
			],
			[
				-0.375163,
				0.416675
			],
			[
				-0.374163,
				0.418771
			],
			[
				-0.373163,
				0.420797
			],
			[
				-0.372163,
				0.422761
			],
			[
				-0.371163,
				0.424672
			],
			[
				-0.370163,
				0.426538
			],
			[
				-0.369163,
				0.428367
			],
			[
				-0.368163,
				0.430167
			],
			[
				-0.367163,
				0.431946
			],
			[
				-0.366163,
				0.433709
			],
			[
				-0.365163,
				0.435444
			],
			[
				-0.364163,
				0.437148
			],
			[
				-0.363163,
				0.438821
			],
			[
				-0.362163,
				0.440467
			],
			[
				-0.361163,
				0.442086
			],
			[
				-0.360163,
				0.443679
			],
			[
				-0.359163,
				0.445249
			],
			[
				-0.358163,
				0.446797
			],
			[
				-0.357163,
				0.448324
			],
			[
				-0.356163,
				0.449834
			],
			[
				-0.355163,
				0.451328
			],
			[
				-0.354163,
				0.452807
			],
			[
				-0.353163,
				0.454273
			],
			[
				-0.352163,
				0.455725
			],
			[
				-0.351163,
				0.457165
			],
			[
				-0.350163,
				0.458593
			],
			[
				-0.349163,
				0.460009
			],
			[
				-0.348163,
				0.461416
			],
			[
				-0.347163,
				0.462812
			],
			[
				-0.346163,
				0.464199
			],
			[
				-0.345163,
				0.465577
			],
			[
				-0.344163,
				0.466948
			],
			[
				-0.343163,
				0.468311
			],
			[
				-0.342163,
				0.469668
			],
			[
				-0.341163,
				0.471019
			],
			[
				-0.340163,
				0.472364
			],
			[
				-0.339163,
				0.473705
			],
			[
				-0.338163,
				0.475042
			],
			[
				-0.337163,
				0.476376
			],
			[
				-0.336163,
				0.477707
			],
			[
				-0.335163,
				0.479037
			],
			[
				-0.33,
				0.485894
			],
			[
				-0.32,
				0.499415
			],
			[
				-0.31,
				0.51316
			],
			[
				-0.3,
				0.526904
			],
			[
				-0.29,
				0.540649
			],
			[
				-0.28,
				0.554394
			],
			[
				-0.27,
				0.568138
			],
			[
				-0.26,
				0.581883
			],
			[
				-0.25,
				0.595628
			],
			[
				-0.24,
				0.609372
			],
			[
				-0.23,
				0.623117
			],
			[
				-0.22,
				0.636862
			],
			[
				-0.21,
				0.650606
			],
			[
				-0.2,
				0.664351
			],
			[
				-0.19,
				0.678096
			],
			[
				-0.18,
				0.69184
			],
			[
				-0.17,
				0.705585
			],
			[
				-0.16,
				0.71933
			],
			[
				-0.15,
				0.733074
			],
			[
				-0.14,
				0.746819
			],
			[
				-0.13,
				0.760564
			],
			[
				-0.12,
				0.774308
			],
			[
				-0.11,
				0.788053
			],
			[
				-0.1,
				0.801798
			],
			[
				-0.09,
				0.815542
			],
			[
				-0.08,
				0.829287
			],
			[
				-0.07,
				0.843032
			],
			[
				-0.06,
				0.856776
			],
			[
				-0.05,
				0.870521
			],
			[
				-0.04,
				0.884265
			],
			[
				-0.03,
				0.89801
			],
			[
				-0.02,
				0.911755
			],
			[
				-0.01,
				0.925499
			],
			[
				0.0,
				0.939244
			]
		]
	}
}
