{
	"ID": 191,
	"name": "VACODYM_688AP_210C",
	"conductivity": 0.0,
	"relPermeability": 1.0,
	"remanence": 0.0,
	"linear": false,
	"BHCurve": {
		"default": [
			[
				-0.563611,
				0.0
			],
			[
				-0.563551,
				0.00198125
			],
			[
				-0.562551,
				0.0184067
			],
			[
				-0.561551,
				0.0281788
			],
			[
				-0.560551,
				0.0353114
			],
			[
				-0.559551,
				0.0411401
			],
			[
				-0.558551,
				0.0458169
			],
			[
				-0.557551,
				0.0500185
			],
			[
				-0.556551,
				0.0540233
			],
			[
				-0.555551,
				0.057766
			],
			[
				-0.554551,
				0.0613067
			],
			[
				-0.553551,
				0.0647053
			],
			[
				-0.552551,
				0.0680221
			],
			[
				-0.551551,
				0.0713077
			],
			[
				-0.550551,
				0.0745448
			],
			[
				-0.549551,
				0.0776963
			],
			[
				-0.548551,
				0.0807261
			],
			[
				-0.547551,
				0.0835982
			],
			[
				-0.546551,
				0.0862786
			],
			[
				-0.545551,
				0.0888242
			],
			[
				-0.544551,
				0.0912804
			],
			[
				-0.543551,
				0.0936543
			],
			[
				-0.542551,
				0.0959531
			],
			[
				-0.541551,
				0.0981838
			],
			[
				-0.540551,
				0.100353
			],
			[
				-0.539551,
				0.102469
			],
			[
				-0.538551,
				0.104538
			],
			[
				-0.537551,
				0.106567
			],
			[
				-0.536551,
				0.108564
			],
			[
				-0.535551,
				0.110533
			],
			[
				-0.534551,
				0.112465
			],
			[
				-0.533551,
				0.114355
			],
			[
				-0.532551,
				0.116206
			],
			[
				-0.531551,
				0.118022
			],
			[
				-0.530551,
				0.119805
			],
			[
				-0.529551,
				0.121559
			],
			[
				-0.528551,
				0.123288
			],
			[
				-0.527551,
				0.124993
			],
			[
				-0.526551,
				0.126679
			],
			[
				-0.525551,
				0.128348
			],
			[
				-0.524551,
				0.130004
			],
			[
				-0.5235510000000001,
				0.131649
			],
			[
				-0.5225510000000001,
				0.133287
			],
			[
				-0.5215510000000001,
				0.134918
			],
			[
				-0.5205510000000001,
				0.136529
			],
			[
				-0.5195510000000001,
				0.138122
			],
			[
				-0.5185510000000001,
				0.139697
			],
			[
				-0.5175510000000001,
				0.141256
			],
			[
				-0.5165510000000001,
				0.1428
			],
			[
				-0.5155510000000001,
				0.144331
			],
			[
				-0.5145510000000001,
				0.145849
			],
			[
				-0.5135510000000001,
				0.147356
			],
			[
				-0.5125510000000001,
				0.148853
			],
			[
				-0.511551,
				0.150343
			],
			[
				-0.510551,
				0.151825
			],
			[
				-0.509551,
				0.153301
			],
			[
				-0.508551,
				0.154773
			],
			[
				-0.507551,
				0.156239
			],
			[
				-0.506551,
				0.1577
			],
			[
				-0.505551,
				0.159154
			],
			[
				-0.504551,
				0.160602
			],
			[
				-0.503551,
				0.162045
			],
			[
				-0.502551,
				0.163482
			],
			[
				-0.501551,
				0.164914
			],
			[
				-0.500551,
				0.16634
			],
			[
				-0.49955099999999997,
				0.167761
			],
			[
				-0.49855099999999997,
				0.169178
			],
			[
				-0.49755099999999997,
				0.17059
			],
			[
				-0.49655099999999996,
				0.171998
			],
			[
				-0.49555099999999996,
				0.173401
			],
			[
				-0.49455099999999996,
				0.174801
			],
			[
				-0.49355099999999996,
				0.176196
			],
			[
				-0.49255099999999996,
				0.177588
			],
			[
				-0.49155099999999996,
				0.178977
			],
			[
				-0.490551,
				0.180362
			],
			[
				-0.489551,
				0.181744
			],
			[
				-0.488551,
				0.183124
			],
			[
				-0.487551,
				0.1845
			],
			[
				-0.486551,
				0.185874
			],
			[
				-0.485551,
				0.187246
			],
			[
				-0.484551,
				0.188616
			],
			[
				-0.483551,
				0.189984
			],
			[
				-0.482551,
				0.19135
			],
			[
				-0.481551,
				0.192715
			],
			[
				-0.480551,
				0.194078
			],
			[
				-0.479551,
				0.19544
			],
			[
				-0.478551,
				0.196802
			],
			[
				-0.477551,
				0.198162
			],
			[
				-0.476551,
				0.199522
			],
			[
				-0.475551,
				0.200882
			],
			[
				-0.474551,
				0.202241
			],
			[
				-0.473551,
				0.2036
			],
			[
				-0.472551,
				0.20496
			],
			[
				-0.471551,
				0.20632
			],
			[
				-0.470551,
				0.207681
			],
			[
				-0.469551,
				0.209042
			],
			[
				-0.46,
				0.222122
			],
			[
				-0.45,
				0.235984
			],
			[
				-0.44,
				0.249854
			],
			[
				-0.43,
				0.263725
			],
			[
				-0.42,
				0.277595
			],
			[
				-0.41,
				0.291466
			],
			[
				-0.4,
				0.305336
			],
			[
				-0.39,
				0.319207
			],
			[
				-0.38,
				0.333077
			],
			[
				-0.37,
				0.346947
			],
			[
				-0.36,
				0.360818
			],
			[
				-0.35,
				0.374688
			],
			[
				-0.34,
				0.388559
			],
			[
				-0.33,
				0.402429
			],
			[
				-0.32,
				0.4163
			],
			[
				-0.31,
				0.43017
			],
			[
				-0.3,
				0.444041
			],
			[
				-0.29,
				0.457911
			],
			[
				-0.28,
				0.471781
			],
			[
				-0.27,
				0.485652
			],
			[
				-0.26,
				0.499522
			],
			[
				-0.25,
				0.513393
			],
			[
				-0.24,
				0.527263
			],
			[
				-0.23,
				0.541134
			],
			[
				-0.22,
				0.555004
			],
			[
				-0.21,
				0.568875
			],
			[
				-0.2,
				0.582745
			],
			[
				-0.19,
				0.596615
			],
			[
				-0.18,
				0.610486
			],
			[
				-0.17,
				0.624356
			],
			[
				-0.16,
				0.638227
			],
			[
				-0.15,
				0.652097
			],
			[
				-0.14,
				0.665968
			],
			[
				-0.13,
				0.679838
			],
			[
				-0.12,
				0.693708
			],
			[
				-0.11,
				0.707579
			],
			[
				-0.1,
				0.721449
			],
			[
				-0.09,
				0.73532
			],
			[
				-0.08,
				0.74919
			],
			[
				-0.07,
				0.763061
			],
			[
				-0.06,
				0.776931
			],
			[
				-0.05,
				0.790802
			],
			[
				-0.04,
				0.804672
			],
			[
				-0.03,
				0.818542
			],
			[
				-0.02,
				0.832413
			],
			[
				-0.01,
				0.846283
			],
			[
				0.0,
				0.860154
			]
		]
	}
}
