{
	"ID": 161,
	"name": "VACODYM_669AP_80C",
	"conductivity": 0.0,
	"relPermeability": 0.0,
	"remanence": "no information",
	"linear": false,
	"BHCurve": {
		"default": [
			[
				-0.8267129999999999,
				0.0
			],
			[
				-0.82,
				0.00894912
			],
			[
				-0.81,
				0.0222799
			],
			[
				-0.8,
				0.0356108
			],
			[
				-0.79,
				0.0489416
			],
			[
				-0.78,
				0.0622724
			],
			[
				-0.77,
				0.0756032
			],
			[
				-0.76,
				0.088934
			],
			[
				-0.75,
				0.102265
			],
			[
				-0.74,
				0.115596
			],
			[
				-0.73,
				0.128926
			],
			[
				-0.72,
				0.142257
			],
			[
				-0.71,
				0.155588
			],
			[
				-0.7,
				0.168919
			],
			[
				-0.69,
				0.18225
			],
			[
				-0.68,
				0.195581
			],
			[
				-0.67,
				0.208911
			],
			[
				-0.66,
				0.222242
			],
			[
				-0.65,
				0.235573
			],
			[
				-0.64,
				0.248904
			],
			[
				-0.63,
				0.262235
			],
			[
				-0.62,
				0.275565
			],
			[
				-0.61,
				0.288896
			],
			[
				-0.6,
				0.302227
			],
			[
				-0.59,
				0.315558
			],
			[
				-0.58,
				0.328889
			],
			[
				-0.57,
				0.34222
			],
			[
				-0.56,
				0.35555
			],
			[
				-0.55,
				0.368881
			],
			[
				-0.54,
				0.382212
			],
			[
				-0.53,
				0.395543
			],
			[
				-0.52,
				0.408874
			],
			[
				-0.51,
				0.422204
			],
			[
				-0.5,
				0.435535
			],
			[
				-0.49,
				0.448866
			],
			[
				-0.48,
				0.462197
			],
			[
				-0.47,
				0.475528
			],
			[
				-0.46,
				0.488859
			],
			[
				-0.45,
				0.502189
			],
			[
				-0.44,
				0.51552
			],
			[
				-0.43,
				0.528851
			],
			[
				-0.42,
				0.542182
			],
			[
				-0.41,
				0.555513
			],
			[
				-0.4,
				0.568843
			],
			[
				-0.39,
				0.582174
			],
			[
				-0.38,
				0.595505
			],
			[
				-0.37,
				0.608836
			],
			[
				-0.36,
				0.622167
			],
			[
				-0.35,
				0.635498
			],
			[
				-0.34,
				0.648828
			],
			[
				-0.33,
				0.662159
			],
			[
				-0.32,
				0.67549
			],
			[
				-0.31,
				0.688821
			],
			[
				-0.3,
				0.702152
			],
			[
				-0.29,
				0.715482
			],
			[
				-0.28,
				0.728813
			],
			[
				-0.27,
				0.742144
			],
			[
				-0.26,
				0.755475
			],
			[
				-0.25,
				0.768806
			],
			[
				-0.24,
				0.782137
			],
			[
				-0.23,
				0.795467
			],
			[
				-0.22,
				0.808798
			],
			[
				-0.21,
				0.822129
			],
			[
				-0.2,
				0.83546
			],
			[
				-0.19,
				0.848791
			],
			[
				-0.18,
				0.862121
			],
			[
				-0.17,
				0.875452
			],
			[
				-0.16,
				0.888783
			],
			[
				-0.15,
				0.902114
			],
			[
				-0.14,
				0.915445
			],
			[
				-0.13,
				0.928776
			],
			[
				-0.12,
				0.942106
			],
			[
				-0.11,
				0.955437
			],
			[
				-0.1,
				0.968768
			],
			[
				-0.09,
				0.982099
			],
			[
				-0.08,
				0.99543
			],
			[
				-0.07,
				1.00876
			],
			[
				-0.06,
				1.02209
			],
			[
				-0.05,
				1.03542
			],
			[
				-0.04,
				1.04875
			],
			[
				-0.03,
				1.06208
			],
			[
				-0.02,
				1.07541
			],
			[
				-0.01,
				1.08875
			],
			[
				0.0,
				1.10208
			]
		]
	}
}
