{
	"ID": 305,
	"name": "VACODYM_863AP_80C",
	"conductivity": 0.0,
	"relPermeability": 1.0,
	"remanence": 0.0,
	"linear": false,
	"BHCurve": {
		"default": [
			[
				-0.8551190000000001,
				0.0
			],
			[
				-0.85,
				0.0068245
			],
			[
				-0.84,
				0.0201553
			],
			[
				-0.83,
				0.0334861
			],
			[
				-0.82,
				0.046817
			],
			[
				-0.81,
				0.0601478
			],
			[
				-0.8,
				0.0734786
			],
			[
				-0.79,
				0.0868094
			],
			[
				-0.78,
				0.10014
			],
			[
				-0.77,
				0.113471
			],
			[
				-0.76,
				0.126802
			],
			[
				-0.75,
				0.140133
			],
			[
				-0.74,
				0.153463
			],
			[
				-0.73,
				0.166794
			],
			[
				-0.72,
				0.180125
			],
			[
				-0.71,
				0.193456
			],
			[
				-0.7,
				0.206787
			],
			[
				-0.69,
				0.220118
			],
			[
				-0.68,
				0.233448
			],
			[
				-0.67,
				0.246779
			],
			[
				-0.66,
				0.26011
			],
			[
				-0.65,
				0.273441
			],
			[
				-0.64,
				0.286772
			],
			[
				-0.63,
				0.300102
			],
			[
				-0.62,
				0.313433
			],
			[
				-0.61,
				0.326764
			],
			[
				-0.6,
				0.340095
			],
			[
				-0.59,
				0.353426
			],
			[
				-0.58,
				0.366757
			],
			[
				-0.57,
				0.380087
			],
			[
				-0.56,
				0.393418
			],
			[
				-0.55,
				0.406749
			],
			[
				-0.54,
				0.42008
			],
			[
				-0.53,
				0.433411
			],
			[
				-0.52,
				0.446741
			],
			[
				-0.51,
				0.460072
			],
			[
				-0.5,
				0.473403
			],
			[
				-0.49,
				0.486734
			],
			[
				-0.48,
				0.500065
			],
			[
				-0.47,
				0.513396
			],
			[
				-0.46,
				0.526726
			],
			[
				-0.45,
				0.540057
			],
			[
				-0.44,
				0.553388
			],
			[
				-0.43,
				0.566719
			],
			[
				-0.42,
				0.58005
			],
			[
				-0.41,
				0.59338
			],
			[
				-0.4,
				0.606711
			],
			[
				-0.39,
				0.620042
			],
			[
				-0.38,
				0.633373
			],
			[
				-0.37,
				0.646704
			],
			[
				-0.36,
				0.660035
			],
			[
				-0.35,
				0.673365
			],
			[
				-0.34,
				0.686696
			],
			[
				-0.33,
				0.700027
			],
			[
				-0.32,
				0.713358
			],
			[
				-0.31,
				0.726689
			],
			[
				-0.3,
				0.740019
			],
			[
				-0.29,
				0.75335
			],
			[
				-0.28,
				0.766681
			],
			[
				-0.27,
				0.780012
			],
			[
				-0.26,
				0.793343
			],
			[
				-0.25,
				0.806674
			],
			[
				-0.24,
				0.820004
			],
			[
				-0.23,
				0.833335
			],
			[
				-0.22,
				0.846666
			],
			[
				-0.21,
				0.859997
			],
			[
				-0.2,
				0.873328
			],
			[
				-0.19,
				0.886658
			],
			[
				-0.18,
				0.899989
			],
			[
				-0.17,
				0.91332
			],
			[
				-0.16,
				0.926651
			],
			[
				-0.15,
				0.939982
			],
			[
				-0.14,
				0.953313
			],
			[
				-0.13,
				0.966643
			],
			[
				-0.12,
				0.979974
			],
			[
				-0.11,
				0.993305
			],
			[
				-0.1,
				1.00664
			],
			[
				-0.09,
				1.01997
			],
			[
				-0.08,
				1.0333
			],
			[
				-0.07,
				1.04663
			],
			[
				-0.06,
				1.05996
			],
			[
				-0.05,
				1.07329
			],
			[
				-0.04,
				1.08662
			],
			[
				-0.03,
				1.09995
			],
			[
				-0.02,
				1.11328
			],
			[
				-0.01,
				1.12661
			],
			[
				0.0,
				1.13994
			]
		]
	}
}
