{
	"ID": 223,
	"name": "VACODYM_776TP_100C",
	"conductivity": 0.0,
	"relPermeability": 1.0,
	"remanence": 0.0,
	"linear": false,
	"BHCurve": {
		"default": [
			[
				-0.9069790000000001,
				0.0
			],
			[
				-0.906131,
				0.00195975
			],
			[
				-0.905131,
				0.0042138
			],
			[
				-0.904131,
				0.00641583
			],
			[
				-0.903131,
				0.00856922
			],
			[
				-0.902131,
				0.0106774
			],
			[
				-0.901131,
				0.0127437
			],
			[
				-0.900131,
				0.0147715
			],
			[
				-0.899131,
				0.0167643
			],
			[
				-0.898131,
				0.0187254
			],
			[
				-0.897131,
				0.0206581
			],
			[
				-0.896131,
				0.022566
			],
			[
				-0.895131,
				0.0244523
			],
			[
				-0.894131,
				0.0263206
			],
			[
				-0.893131,
				0.028174
			],
			[
				-0.892131,
				0.0300086
			],
			[
				-0.891131,
				0.031816
			],
			[
				-0.890131,
				0.0335977
			],
			[
				-0.889131,
				0.0353551
			],
			[
				-0.888131,
				0.0370898
			],
			[
				-0.887131,
				0.0388032
			],
			[
				-0.886131,
				0.0404968
			],
			[
				-0.885131,
				0.0421721
			],
			[
				-0.884131,
				0.0438305
			],
			[
				-0.883131,
				0.0454735
			],
			[
				-0.882131,
				0.0471025
			],
			[
				-0.881131,
				0.0487191
			],
			[
				-0.880131,
				0.0503246
			],
			[
				-0.879131,
				0.0519207
			],
			[
				-0.878131,
				0.0535087
			],
			[
				-0.877131,
				0.0550902
			],
			[
				-0.876131,
				0.0566665
			],
			[
				-0.875131,
				0.0582392
			],
			[
				-0.874131,
				0.0598088
			],
			[
				-0.873131,
				0.0613689
			],
			[
				-0.872131,
				0.0629181
			],
			[
				-0.871131,
				0.0644567
			],
			[
				-0.870131,
				0.0659851
			],
			[
				-0.869131,
				0.0675036
			],
			[
				-0.868131,
				0.0690126
			],
			[
				-0.867131,
				0.0705125
			],
			[
				-0.866131,
				0.0720035
			],
			[
				-0.865131,
				0.0734861
			],
			[
				-0.864131,
				0.0749606
			],
			[
				-0.863131,
				0.0764273
			],
			[
				-0.862131,
				0.0778867
			],
			[
				-0.861131,
				0.079339
			],
			[
				-0.860131,
				0.0807846
			],
			[
				-0.859131,
				0.0822238
			],
			[
				-0.858131,
				0.0836571
			],
			[
				-0.857131,
				0.0850848
			],
			[
				-0.856131,
				0.0865072
			],
			[
				-0.855131,
				0.0879248
			],
			[
				-0.854131,
				0.0893384
			],
			[
				-0.853131,
				0.0907478
			],
			[
				-0.852131,
				0.0921532
			],
			[
				-0.851131,
				0.0935547
			],
			[
				-0.850131,
				0.0949522
			],
			[
				-0.849131,
				0.096346
			],
			[
				-0.848131,
				0.0977361
			],
			[
				-0.847131,
				0.0991226
			],
			[
				-0.846131,
				0.100505
			],
			[
				-0.845131,
				0.101885
			],
			[
				-0.844131,
				0.103261
			],
			[
				-0.843131,
				0.104633
			],
			[
				-0.842131,
				0.106003
			],
			[
				-0.841131,
				0.107369
			],
			[
				-0.840131,
				0.108732
			],
			[
				-0.839131,
				0.110092
			],
			[
				-0.838131,
				0.111449
			],
			[
				-0.837131,
				0.112803
			],
			[
				-0.836131,
				0.114154
			],
			[
				-0.835131,
				0.115502
			],
			[
				-0.834131,
				0.116848
			],
			[
				-0.833131,
				0.118191
			],
			[
				-0.832131,
				0.119532
			],
			[
				-0.831131,
				0.12087
			],
			[
				-0.830131,
				0.122206
			],
			[
				-0.829131,
				0.123539
			],
			[
				-0.828131,
				0.124871
			],
			[
				-0.827131,
				0.1262
			],
			[
				-0.826131,
				0.127527
			],
			[
				-0.825131,
				0.128852
			],
			[
				-0.824131,
				0.130175
			],
			[
				-0.823131,
				0.131496
			],
			[
				-0.822131,
				0.132815
			],
			[
				-0.8211309999999999,
				0.134133
			],
			[
				-0.8201309999999999,
				0.135449
			],
			[
				-0.8191309999999999,
				0.136763
			],
			[
				-0.8181309999999999,
				0.138076
			],
			[
				-0.8171309999999999,
				0.139388
			],
			[
				-0.8161309999999999,
				0.140698
			],
			[
				-0.8151309999999999,
				0.142007
			],
			[
				-0.8141309999999999,
				0.143315
			],
			[
				-0.8131309999999999,
				0.144621
			],
			[
				-0.8121309999999999,
				0.145927
			],
			[
				-0.8111309999999999,
				0.147231
			],
			[
				-0.8101309999999999,
				0.148535
			],
			[
				-0.8091309999999999,
				0.149838
			],
			[
				-0.8081309999999999,
				0.15114
			],
			[
				-0.8071309999999999,
				0.152441
			],
			[
				-0.8061309999999999,
				0.153742
			],
			[
				-0.8051309999999999,
				0.155042
			],
			[
				-0.8041309999999999,
				0.156342
			],
			[
				-0.8031309999999999,
				0.157642
			],
			[
				-0.8021309999999999,
				0.158941
			],
			[
				-0.8011309999999999,
				0.16024
			],
			[
				-0.8001309999999999,
				0.161538
			],
			[
				-0.7991309999999999,
				0.162837
			],
			[
				-0.7981309999999999,
				0.164136
			],
			[
				-0.7971309999999999,
				0.165434
			],
			[
				-0.7961309999999999,
				0.166733
			],
			[
				-0.7951309999999999,
				0.168032
			],
			[
				-0.7941309999999999,
				0.169332
			],
			[
				-0.7931309999999999,
				0.170631
			],
			[
				-0.7921309999999999,
				0.171931
			],
			[
				-0.7911309999999999,
				0.173232
			],
			[
				-0.7901309999999999,
				0.174533
			],
			[
				-0.789131,
				0.175835
			],
			[
				-0.788131,
				0.177138
			],
			[
				-0.787131,
				0.178441
			],
			[
				-0.786131,
				0.179745
			],
			[
				-0.785131,
				0.18105
			],
			[
				-0.784131,
				0.182357
			],
			[
				-0.783131,
				0.183664
			],
			[
				-0.782131,
				0.184972
			],
			[
				-0.781131,
				0.186282
			],
			[
				-0.780131,
				0.187593
			],
			[
				-0.779131,
				0.188906
			],
			[
				-0.778131,
				0.19022
			],
			[
				-0.777131,
				0.191535
			],
			[
				-0.776131,
				0.192852
			],
			[
				-0.775131,
				0.194171
			],
			[
				-0.774131,
				0.195492
			],
			[
				-0.773131,
				0.196814
			],
			[
				-0.772131,
				0.198138
			],
			[
				-0.771131,
				0.199465
			],
			[
				-0.770131,
				0.200793
			],
			[
				-0.769131,
				0.202122
			],
			[
				-0.768131,
				0.203451
			],
			[
				-0.767131,
				0.20478
			],
			[
				-0.766131,
				0.206108
			],
			[
				-0.765131,
				0.207437
			],
			[
				-0.764131,
				0.208766
			],
			[
				-0.763131,
				0.210095
			],
			[
				-0.76,
				0.214255
			],
			[
				-0.75,
				0.227543
			],
			[
				-0.74,
				0.240831
			],
			[
				-0.73,
				0.254119
			],
			[
				-0.72,
				0.267407
			],
			[
				-0.71,
				0.280695
			],
			[
				-0.7,
				0.293983
			],
			[
				-0.69,
				0.307271
			],
			[
				-0.68,
				0.320559
			],
			[
				-0.67,
				0.333847
			],
			[
				-0.66,
				0.347135
			],
			[
				-0.65,
				0.360423
			],
			[
				-0.64,
				0.373711
			],
			[
				-0.63,
				0.386999
			],
			[
				-0.62,
				0.400287
			],
			[
				-0.61,
				0.413575
			],
			[
				-0.6,
				0.426863
			],
			[
				-0.59,
				0.440152
			],
			[
				-0.58,
				0.45344
			],
			[
				-0.57,
				0.466728
			],
			[
				-0.56,
				0.480016
			],
			[
				-0.55,
				0.493304
			],
			[
				-0.54,
				0.506592
			],
			[
				-0.53,
				0.51988
			],
			[
				-0.52,
				0.533168
			],
			[
				-0.51,
				0.546456
			],
			[
				-0.5,
				0.559744
			],
			[
				-0.49,
				0.573032
			],
			[
				-0.48,
				0.58632
			],
			[
				-0.47,
				0.599608
			],
			[
				-0.46,
				0.612896
			],
			[
				-0.45,
				0.626184
			],
			[
				-0.44,
				0.639472
			],
			[
				-0.43,
				0.65276
			],
			[
				-0.42,
				0.666048
			],
			[
				-0.41,
				0.679336
			],
			[
				-0.4,
				0.692624
			],
			[
				-0.39,
				0.705913
			],
			[
				-0.38,
				0.719201
			],
			[
				-0.37,
				0.732489
			],
			[
				-0.36,
				0.745777
			],
			[
				-0.35,
				0.759065
			],
			[
				-0.34,
				0.772353
			],
			[
				-0.33,
				0.785641
			],
			[
				-0.32,
				0.798929
			],
			[
				-0.31,
				0.812217
			],
			[
				-0.3,
				0.825505
			],
			[
				-0.29,
				0.838793
			],
			[
				-0.28,
				0.852081
			],
			[
				-0.27,
				0.865369
			],
			[
				-0.26,
				0.878657
			],
			[
				-0.25,
				0.891945
			],
