{
	"ID": 137,
	"name": "VACODYM_633TP_20C",
	"conductivity": 0.0,
	"relPermeability": 0.0,
	"remanence": "no information",
	"linear": false,
	"BHCurve": {
		"default": [
			[
				-1.0188300000000001,
				0.0
			],
			[
				-1.01,
				0.0114465
			],
			[
				-1.0,
				0.0244025
			],
			[
				-0.99,
				0.0373585
			],
			[
				-0.98,
				0.0503145
			],
			[
				-0.97,
				0.0632704
			],
			[
				-0.96,
				0.0762264
			],
			[
				-0.95,
				0.0891824
			],
			[
				-0.94,
				0.102138
			],
			[
				-0.93,
				0.115094
			],
			[
				-0.92,
				0.12805
			],
			[
				-0.91,
				0.141006
			],
			[
				-0.9,
				0.153962
			],
			[
				-0.89,
				0.166918
			],
			[
				-0.88,
				0.179874
			],
			[
				-0.87,
				0.19283
			],
			[
				-0.86,
				0.205786
			],
			[
				-0.85,
				0.218742
			],
			[
				-0.84,
				0.231698
			],
			[
				-0.83,
				0.244654
			],
			[
				-0.82,
				0.25761
			],
			[
				-0.81,
				0.270566
			],
			[
				-0.8,
				0.283522
			],
			[
				-0.79,
				0.296478
			],
			[
				-0.78,
				0.309434
			],
			[
				-0.77,
				0.32239
			],
			[
				-0.76,
				0.335346
			],
			[
				-0.75,
				0.348302
			],
			[
				-0.74,
				0.361258
			],
			[
				-0.73,
				0.374214
			],
			[
				-0.72,
				0.38717
			],
			[
				-0.71,
				0.400126
			],
			[
				-0.7,
				0.413082
			],
			[
				-0.69,
				0.426038
			],
			[
				-0.68,
				0.438994
			],
			[
				-0.67,
				0.45195
			],
			[
				-0.66,
				0.464906
			],
			[
				-0.65,
				0.477862
			],
			[
				-0.64,
				0.490818
			],
			[
				-0.63,
				0.503774
			],
			[
				-0.62,
				0.51673
			],
			[
				-0.61,
				0.529686
			],
			[
				-0.6,
				0.542642
			],
			[
				-0.59,
				0.555597
			],
			[
				-0.58,
				0.568553
			],
			[
				-0.57,
				0.581509
			],
			[
				-0.56,
				0.594465
			],
			[
				-0.55,
				0.607421
			],
			[
				-0.54,
				0.620377
			],
			[
				-0.53,
				0.633333
			],
			[
				-0.52,
				0.646289
			],
			[
				-0.51,
				0.659245
			],
			[
				-0.5,
				0.672201
			],
			[
				-0.49,
				0.685157
			],
			[
				-0.48,
				0.698113
			],
			[
				-0.47,
				0.711069
			],
			[
				-0.46,
				0.724025
			],
			[
				-0.45,
				0.736981
			],
			[
				-0.44,
				0.749937
			],
			[
				-0.43,
				0.762893
			],
			[
				-0.42,
				0.775849
			],
			[
				-0.41,
				0.788805
			],
			[
				-0.4,
				0.801761
			],
			[
				-0.39,
				0.814717
			],
			[
				-0.38,
				0.827673
			],
			[
				-0.37,
				0.840629
			],
			[
				-0.36,
				0.853585
			],
			[
				-0.35,
				0.866541
			],
			[
				-0.34,
				0.879497
			],
			[
				-0.33,
				0.892453
			],
			[
				-0.32,
				0.905409
			],
			[
				-0.31,
				0.918365
			],
			[
				-0.3,
				0.931321
			],
			[
				-0.29,
				0.944277
			],
			[
				-0.28,
				0.957233
			],
			[
				-0.27,
				0.970189
			],
			[
				-0.26,
				0.983145
			],
			[
				-0.25,
				0.996101
			],
			[
				-0.24,
				1.00906
			],
			[
				-0.23,
				1.02201
			],
			[
				-0.22,
				1.03497
			],
			[
				-0.21,
				1.04792
			],
			[
				-0.2,
				1.06088
			],
			[
				-0.19,
				1.07384
			],
			[
				-0.18,
				1.08679
			],
			[
				-0.17,
				1.09975
			],
			[
				-0.16,
				1.1127
			],
			[
				-0.15,
				1.12566
			],
			[
				-0.14,
				1.13862
			],
			[
				-0.13,
				1.15157
			],
			[
				-0.12,
				1.16453
			],
			[
				-0.11,
				1.17748
			],
			[
				-0.1,
				1.19044
			],
			[
				-0.09,
				1.2034
			],
			[
				-0.08,
				1.21635
			],
			[
				-0.07,
				1.22931
			],
			[
				-0.06,
				1.24226
			],
			[
				-0.05,
				1.25522
			],
			[
				-0.04,
				1.26818
			],
			[
				-0.03,
				1.28113
			],
			[
				-0.02,
				1.29409
			],
			[
				-0.01,
				1.30704
			],
			[
				0.0,
				1.32
			]
		]
	}
}
