{
	"ID": 267,
	"name": "VACODYM_837TP_20C",
	"conductivity": 0.0,
	"relPermeability": 1.0,
	"remanence": 0.0,
	"linear": false,
	"BHCurve": {
		"default": [
			[
				-1.05769,
				0.0
			],
			[
				-1.05,
				0.00996664
			],
			[
				-1.04,
				0.0229226
			],
			[
				-1.03,
				0.0358786
			],
			[
				-1.02,
				0.0488346
			],
			[
				-1.01,
				0.0617905
			],
			[
				-1.0,
				0.0747465
			],
			[
				-0.99,
				0.0877025
			],
			[
				-0.98,
				0.100658
			],
			[
				-0.97,
				0.113614
			],
			[
				-0.96,
				0.12657
			],
			[
				-0.95,
				0.139526
			],
			[
				-0.94,
				0.152482
			],
			[
				-0.93,
				0.165438
			],
			[
				-0.92,
				0.178394
			],
			[
				-0.91,
				0.19135
			],
			[
				-0.9,
				0.204306
			],
			[
				-0.89,
				0.217262
			],
			[
				-0.88,
				0.230218
			],
			[
				-0.87,
				0.243174
			],
			[
				-0.86,
				0.25613
			],
			[
				-0.85,
				0.269086
			],
			[
				-0.84,
				0.282042
			],
			[
				-0.83,
				0.294998
			],
			[
				-0.82,
				0.307954
			],
			[
				-0.81,
				0.32091
			],
			[
				-0.8,
				0.333866
			],
			[
				-0.79,
				0.346822
			],
			[
				-0.78,
				0.359778
			],
			[
				-0.77,
				0.372734
			],
			[
				-0.76,
				0.38569
			],
			[
				-0.75,
				0.398646
			],
			[
				-0.74,
				0.411602
			],
			[
				-0.73,
				0.424558
			],
			[
				-0.72,
				0.437514
			],
			[
				-0.71,
				0.45047
			],
			[
				-0.7,
				0.463426
			],
			[
				-0.69,
				0.476382
			],
			[
				-0.68,
				0.489338
			],
			[
				-0.67,
				0.502294
			],
			[
				-0.66,
				0.51525
			],
			[
				-0.65,
				0.528206
			],
			[
				-0.64,
				0.541162
			],
			[
				-0.63,
				0.554118
			],
			[
				-0.62,
				0.567074
			],
			[
				-0.61,
				0.58003
			],
			[
				-0.6,
				0.592986
			],
			[
				-0.59,
				0.605941
			],
			[
				-0.58,
				0.618897
			],
			[
				-0.57,
				0.631853
			],
			[
				-0.56,
				0.644809
			],
			[
				-0.55,
				0.657765
			],
			[
				-0.54,
				0.670721
			],
			[
				-0.53,
				0.683677
			],
			[
				-0.52,
				0.696633
			],
			[
				-0.51,
				0.709589
			],
			[
				-0.5,
				0.722545
			],
			[
				-0.49,
				0.735501
			],
			[
				-0.48,
				0.748457
			],
			[
				-0.47,
				0.761413
			],
			[
				-0.46,
				0.774369
			],
			[
				-0.45,
				0.787325
			],
			[
				-0.44,
				0.800281
			],
			[
				-0.43,
				0.813237
			],
			[
				-0.42,
				0.826193
			],
			[
				-0.41,
				0.839149
			],
			[
				-0.4,
				0.852105
			],
			[
				-0.39,
				0.865061
			],
			[
				-0.38,
				0.878017
			],
			[
				-0.37,
				0.890973
			],
			[
				-0.36,
				0.903929
			],
			[
				-0.35,
				0.916885
			],
			[
				-0.34,
				0.929841
			],
			[
				-0.33,
				0.942797
			],
			[
				-0.32,
				0.955753
			],
			[
				-0.31,
				0.968709
			],
			[
				-0.3,
				0.981665
			],
			[
				-0.29,
				0.994621
			],
			[
				-0.28,
				1.00758
			],
			[
				-0.27,
				1.02053
			],
			[
				-0.26,
				1.03349
			],
			[
				-0.25,
				1.04644
			],
			[
				-0.24,
				1.0594
			],
			[
				-0.23,
				1.07236
			],
			[
				-0.22,
				1.08531
			],
			[
				-0.21,
				1.09827
			],
			[
				-0.2,
				1.11122
			],
			[
				-0.19,
				1.12418
			],
			[
				-0.18,
				1.13714
			],
			[
				-0.17,
				1.15009
			],
			[
				-0.16,
				1.16305
			],
			[
				-0.15,
				1.176
			],
			[
				-0.14,
				1.18896
			],
			[
				-0.13,
				1.20192
			],
			[
				-0.12,
				1.21487
			],
			[
				-0.11,
				1.22783
			],
			[
				-0.1,
				1.24078
			],
			[
				-0.09,
				1.25374
			],
			[
				-0.08,
				1.2667
			],
			[
				-0.07,
				1.27965
			],
			[
				-0.06,
				1.29261
			],
			[
				-0.05,
				1.30556
			],
			[
				-0.04,
				1.31852
			],
			[
				-0.03,
				1.33148
			],
			[
				-0.02,
				1.34443
			],
			[
				-0.01,
				1.35739
			],
			[
				0.0,
				1.37034
			]
		]
	}
}
