{
	"ID": 340,
	"name": "VACODYM_881TP_150C",
	"conductivity": 0.0,
	"relPermeability": 1.0,
	"remanence": 0.0,
	"linear": false,
	"BHCurve": {
		"default": [
			[
				-0.783092,
				0.0
			],
			[
				-0.78,
				0.0041734
			],
			[
				-0.77,
				0.017669
			],
			[
				-0.76,
				0.0311646
			],
			[
				-0.75,
				0.0446602
			],
			[
				-0.74,
				0.0581558
			],
			[
				-0.73,
				0.0716514
			],
			[
				-0.72,
				0.085147
			],
			[
				-0.71,
				0.0986426
			],
			[
				-0.7,
				0.112138
			],
			[
				-0.69,
				0.125634
			],
			[
				-0.68,
				0.139129
			],
			[
				-0.67,
				0.152625
			],
			[
				-0.66,
				0.166121
			],
			[
				-0.65,
				0.179616
			],
			[
				-0.64,
				0.193112
			],
			[
				-0.63,
				0.206607
			],
			[
				-0.62,
				0.220103
			],
			[
				-0.61,
				0.233599
			],
			[
				-0.6,
				0.247094
			],
			[
				-0.59,
				0.26059
			],
			[
				-0.58,
				0.274085
			],
			[
				-0.57,
				0.287581
			],
			[
				-0.56,
				0.301077
			],
			[
				-0.55,
				0.314572
			],
			[
				-0.54,
				0.328068
			],
			[
				-0.53,
				0.341563
			],
			[
				-0.52,
				0.355059
			],
			[
				-0.51,
				0.368555
			],
			[
				-0.5,
				0.38205
			],
			[
				-0.49,
				0.395546
			],
			[
				-0.48,
				0.409041
			],
			[
				-0.47,
				0.422537
			],
			[
				-0.46,
				0.436033
			],
			[
				-0.45,
				0.449528
			],
			[
				-0.44,
				0.463024
			],
			[
				-0.43,
				0.476519
			],
			[
				-0.42,
				0.490015
			],
			[
				-0.41,
				0.503511
			],
			[
				-0.4,
				0.517006
			],
			[
				-0.39,
				0.530502
			],
			[
				-0.38,
				0.543997
			],
			[
				-0.37,
				0.557493
			],
			[
				-0.36,
				0.570988
			],
			[
				-0.35,
				0.584484
			],
			[
				-0.34,
				0.59798
			],
			[
				-0.33,
				0.611475
			],
			[
				-0.32,
				0.624971
			],
			[
				-0.31,
				0.638466
			],
			[
				-0.3,
				0.651962
			],
			[
				-0.29,
				0.665458
			],
			[
				-0.28,
				0.678953
			],
			[
				-0.27,
				0.692449
			],
			[
				-0.26,
				0.705944
			],
			[
				-0.25,
				0.71944
			],
			[
				-0.24,
				0.732936
			],
			[
				-0.23,
				0.746431
			],
			[
				-0.22,
				0.759927
			],
			[
				-0.21,
				0.773422
			],
			[
				-0.2,
				0.786918
			],
			[
				-0.19,
				0.800414
			],
			[
				-0.18,
				0.813909
			],
			[
				-0.17,
				0.827405
			],
			[
				-0.16,
				0.8409
			],
			[
				-0.15,
				0.854396
			],
			[
				-0.14,
				0.867892
			],
			[
				-0.13,
				0.881387
			],
			[
				-0.12,
				0.894883
			],
			[
				-0.11,
				0.908378
			],
			[
				-0.1,
				0.921874
			],
			[
				-0.09,
				0.93537
			],
			[
				-0.08,
				0.948865
			],
			[
				-0.07,
				0.962361
			],
			[
				-0.06,
				0.975856
			],
			[
				-0.05,
				0.989352
			],
			[
				-0.04,
				1.00285
			],
			[
				-0.03,
				1.01634
			],
			[
				-0.02,
				1.02984
			],
			[
				-0.01,
				1.04333
			],
			[
				0.0,
				1.05683
			]
		]
	}
}
