{
	"ID": 186,
	"name": "VACODYM_688AP_100C",
	"conductivity": 0.0,
	"relPermeability": 0.0,
	"remanence": "no information",
	"linear": false,
	"BHCurve": {
		"default": [
			[
				-0.753937,
				0.0
			],
			[
				-0.75,
				0.00528105
			],
			[
				-0.74,
				0.0186949
			],
			[
				-0.73,
				0.0321087
			],
			[
				-0.72,
				0.0455226
			],
			[
				-0.71,
				0.0589364
			],
			[
				-0.7,
				0.0723502
			],
			[
				-0.69,
				0.0857641
			],
			[
				-0.68,
				0.0991779
			],
			[
				-0.67,
				0.112592
			],
			[
				-0.66,
				0.126006
			],
			[
				-0.65,
				0.139419
			],
			[
				-0.64,
				0.152833
			],
			[
				-0.63,
				0.166247
			],
			[
				-0.62,
				0.179661
			],
			[
				-0.61,
				0.193075
			],
			[
				-0.6,
				0.206489
			],
			[
				-0.59,
				0.219902
			],
			[
				-0.58,
				0.233316
			],
			[
				-0.57,
				0.24673
			],
			[
				-0.56,
				0.260144
			],
			[
				-0.55,
				0.273558
			],
			[
				-0.54,
				0.286972
			],
			[
				-0.53,
				0.300385
			],
			[
				-0.52,
				0.313799
			],
			[
				-0.51,
				0.327213
			],
			[
				-0.5,
				0.340627
			],
			[
				-0.49,
				0.354041
			],
			[
				-0.48,
				0.367455
			],
			[
				-0.47,
				0.380868
			],
			[
				-0.46,
				0.394282
			],
			[
				-0.45,
				0.407696
			],
			[
				-0.44,
				0.42111
			],
			[
				-0.43,
				0.434524
			],
			[
				-0.42,
				0.447938
			],
			[
				-0.41,
				0.461351
			],
			[
				-0.4,
				0.474765
			],
			[
				-0.39,
				0.488179
			],
			[
				-0.38,
				0.501593
			],
			[
				-0.37,
				0.515007
			],
			[
				-0.36,
				0.528421
			],
			[
				-0.35,
				0.541835
			],
			[
				-0.34,
				0.555248
			],
			[
				-0.33,
				0.568662
			],
			[
				-0.32,
				0.582076
			],
			[
				-0.31,
				0.59549
			],
			[
				-0.3,
				0.608904
			],
			[
				-0.29,
				0.622318
			],
			[
				-0.28,
				0.635731
			],
			[
				-0.27,
				0.649145
			],
			[
				-0.26,
				0.662559
			],
			[
				-0.25,
				0.675973
			],
			[
				-0.24,
				0.689387
			],
			[
				-0.23,
				0.702801
			],
			[
				-0.22,
				0.716214
			],
			[
				-0.21,
				0.729628
			],
			[
				-0.2,
				0.743042
			],
			[
				-0.19,
				0.756456
			],
			[
				-0.18,
				0.76987
			],
			[
				-0.17,
				0.783284
			],
			[
				-0.16,
				0.796697
			],
			[
				-0.15,
				0.810111
			],
			[
				-0.14,
				0.823525
			],
			[
				-0.13,
				0.836939
			],
			[
				-0.12,
				0.850353
			],
			[
				-0.11,
				0.863767
			],
			[
				-0.1,
				0.87718
			],
			[
				-0.09,
				0.890594
			],
			[
				-0.08,
				0.904008
			],
			[
				-0.07,
				0.917422
			],
			[
				-0.06,
				0.930836
			],
			[
				-0.05,
				0.94425
			],
			[
				-0.04,
				0.957663
			],
			[
				-0.03,
				0.971077
			],
			[
				-0.02,
				0.984491
			],
			[
				-0.01,
				0.997905
			],
			[
				0.0,
				1.01132
			]
		]
	}
}
